student_id,Original_ID,Gender,Grade,Question,Answer,Type,TotalScore
학생01 ,-ObjIPgdIfukpAunPkQd,girl,2학년,사회적 긴장,3,불안 및 우울 문제,96
학생01 ,-ObjIPgdIfukpAunPkQd,girl,2학년,감정 기복,2,불안 및 우울 문제,96
학생01 ,-ObjIPgdIfukpAunPkQd,girl,2학년,과도한 죄책감,2,불안 및 우울 문제,96
학생01 ,-ObjIPgdIfukpAunPkQd,girl,2학년,과민성/짜증,2,불안 및 우울 문제,96
학생01 ,-ObjIPgdIfukpAunPkQd,girl,2학년,낮은 자존감,2,학교생활적응 문제,96
학생01 ,-ObjIPgdIfukpAunPkQd,girl,2학년,무기력/피로,2,불안 및 우울 문제,96
학생01 ,-ObjIPgdIfukpAunPkQd,girl,2학년,예기 불안,3,불안 및 우울 문제,96
학생01 ,-ObjIPgdIfukpAunPkQd,girl,2학년,과도한 불안,2,불안 및 우울 문제,96
학생01 ,-ObjIPgdIfukpAunPkQd,girl,2학년,우울 증상,3,불안 및 우울 문제,96
학생01 ,-ObjIPgdIfukpAunPkQd,girl,2학년,수면 문제,3,학교생활적응 문제,96
학생01 ,-ObjIPgdIfukpAunPkQd,girl,2학년,자살 사고,3,자살 및 위기 문제,96
학생01 ,-ObjIPgdIfukpAunPkQd,girl,2학년,자해 행동,3,자살 및 위기 문제,96
학생01 ,-ObjIPgdIfukpAunPkQd,girl,2학년,자살 계획,3,자살 및 위기 문제,96
학생01 ,-ObjIPgdIfukpAunPkQd,girl,2학년,심각한 자살사고,2,자살 및 위기 문제,96
학생01 ,-ObjIPgdIfukpAunPkQd,girl,2학년,절망감,2,자살 및 위기 문제,96
학생01 ,-ObjIPgdIfukpAunPkQd,girl,2학년,자살 시도,2,자살 및 위기 문제,96
학생01 ,-ObjIPgdIfukpAunPkQd,girl,2학년,빈번한 거짓말,3,외현화 문제,96
학생01 ,-ObjIPgdIfukpAunPkQd,girl,2학년,또래 갈등,3,외현화 문제,96
학생01 ,-ObjIPgdIfukpAunPkQd,girl,2학년,반항 행동,3,외현화 문제,96
학생01 ,-ObjIPgdIfukpAunPkQd,girl,2학년,괴롭힘 가해,3,외현화 문제,96
학생01 ,-ObjIPgdIfukpAunPkQd,girl,2학년,외상 침습증상,3,심리외상 문제,96
학생01 ,-ObjIPgdIfukpAunPkQd,girl,2학년,외상 관련 악몽,3,심리외상 문제,96
학생01 ,-ObjIPgdIfukpAunPkQd,girl,2학년,외상 후 고립,3,심리외상 문제,96
학생01 ,-ObjIPgdIfukpAunPkQd,girl,2학년,외상 후 과각성,2,심리외상 문제,96
학생01 ,-ObjIPgdIfukpAunPkQd,girl,2학년,외상 회피행동,2,심리외상 문제,96
학생01 ,-ObjIPgdIfukpAunPkQd,girl,2학년,흡연 문제,3,외현화 문제,96
학생01 ,-ObjIPgdIfukpAunPkQd,girl,2학년,음주 문제,3,외현화 문제,96
학생01 ,-ObjIPgdIfukpAunPkQd,girl,2학년,적응력 저하,3,학교생활적응 문제,96
학생01 ,-ObjIPgdIfukpAunPkQd,girl,2학년,분리 불안,3,학교생활적응 문제,96
학생01 ,-ObjIPgdIfukpAunPkQd,girl,2학년,학습 어려움,2,학교생활적응 문제,96
학생01 ,-ObjIPgdIfukpAunPkQd,girl,2학년,재산 관련 비행,3,외현화 문제,96
학생01 ,-ObjIPgdIfukpAunPkQd,girl,2학년,게임 과몰입,3,외현화 문제,96
학생01 ,-ObjIPgdIfukpAunPkQd,girl,2학년,관계 형성 곤란,3,학교생활적응 문제,96
학생01 ,-ObjIPgdIfukpAunPkQd,girl,2학년,등교 거부,3,학교생활적응 문제,96
학생01 ,-ObjIPgdIfukpAunPkQd,girl,2학년,괴롭힘 피해,3,심리외상 문제,96
학생01 ,-ObjIPgdIfukpAunPkQd,girl,2학년,따돌림 피해,3,심리외상 문제,96
학생02 ,-ObjPUuS0biUY2xoLYJm,girl,1학년,사회적 긴장,1,불안 및 우울 문제,27
학생02 ,-ObjPUuS0biUY2xoLYJm,girl,1학년,감정 기복,0,불안 및 우울 문제,27
학생02 ,-ObjPUuS0biUY2xoLYJm,girl,1학년,과도한 죄책감,1,불안 및 우울 문제,27
학생02 ,-ObjPUuS0biUY2xoLYJm,girl,1학년,과민성/짜증,3,불안 및 우울 문제,27
학생02 ,-ObjPUuS0biUY2xoLYJm,girl,1학년,낮은 자존감,2,학교생활적응 문제,27
학생02 ,-ObjPUuS0biUY2xoLYJm,girl,1학년,무기력/피로,1,불안 및 우울 문제,27
학생02 ,-ObjPUuS0biUY2xoLYJm,girl,1학년,예기 불안,3,불안 및 우울 문제,27
학생02 ,-ObjPUuS0biUY2xoLYJm,girl,1학년,과도한 불안,0,불안 및 우울 문제,27
학생02 ,-ObjPUuS0biUY2xoLYJm,girl,1학년,우울 증상,3,불안 및 우울 문제,27
학생02 ,-ObjPUuS0biUY2xoLYJm,girl,1학년,수면 문제,3,학교생활적응 문제,27
학생02 ,-ObjPUuS0biUY2xoLYJm,girl,1학년,자살 사고,0,자살 및 위기 문제,27
학생02 ,-ObjPUuS0biUY2xoLYJm,girl,1학년,자해 행동,0,자살 및 위기 문제,27
학생02 ,-ObjPUuS0biUY2xoLYJm,girl,1학년,자살 계획,0,자살 및 위기 문제,27
학생02 ,-ObjPUuS0biUY2xoLYJm,girl,1학년,심각한 자살사고,0,자살 및 위기 문제,27
학생02 ,-ObjPUuS0biUY2xoLYJm,girl,1학년,절망감,1,자살 및 위기 문제,27
학생02 ,-ObjPUuS0biUY2xoLYJm,girl,1학년,자살 시도,0,자살 및 위기 문제,27
학생02 ,-ObjPUuS0biUY2xoLYJm,girl,1학년,빈번한 거짓말,1,외현화 문제,27
학생02 ,-ObjPUuS0biUY2xoLYJm,girl,1학년,또래 갈등,1,외현화 문제,27
학생02 ,-ObjPUuS0biUY2xoLYJm,girl,1학년,반항 행동,1,외현화 문제,27
학생02 ,-ObjPUuS0biUY2xoLYJm,girl,1학년,괴롭힘 가해,1,외현화 문제,27
학생02 ,-ObjPUuS0biUY2xoLYJm,girl,1학년,외상 침습증상,0,심리외상 문제,27
학생02 ,-ObjPUuS0biUY2xoLYJm,girl,1학년,외상 관련 악몽,0,심리외상 문제,27
학생02 ,-ObjPUuS0biUY2xoLYJm,girl,1학년,외상 후 고립,0,심리외상 문제,27
학생02 ,-ObjPUuS0biUY2xoLYJm,girl,1학년,외상 후 과각성,0,심리외상 문제,27
학생02 ,-ObjPUuS0biUY2xoLYJm,girl,1학년,외상 회피행동,0,심리외상 문제,27
학생02 ,-ObjPUuS0biUY2xoLYJm,girl,1학년,흡연 문제,0,외현화 문제,27
학생02 ,-ObjPUuS0biUY2xoLYJm,girl,1학년,음주 문제,0,외현화 문제,27
학생02 ,-ObjPUuS0biUY2xoLYJm,girl,1학년,적응력 저하,1,학교생활적응 문제,27
학생02 ,-ObjPUuS0biUY2xoLYJm,girl,1학년,분리 불안,0,학교생활적응 문제,27
학생02 ,-ObjPUuS0biUY2xoLYJm,girl,1학년,학습 어려움,1,학교생활적응 문제,27
학생02 ,-ObjPUuS0biUY2xoLYJm,girl,1학년,재산 관련 비행,1,외현화 문제,27
학생02 ,-ObjPUuS0biUY2xoLYJm,girl,1학년,게임 과몰입,0,외현화 문제,27
학생02 ,-ObjPUuS0biUY2xoLYJm,girl,1학년,관계 형성 곤란,1,학교생활적응 문제,27
학생02 ,-ObjPUuS0biUY2xoLYJm,girl,1학년,등교 거부,0,학교생활적응 문제,27
학생02 ,-ObjPUuS0biUY2xoLYJm,girl,1학년,괴롭힘 피해,0,심리외상 문제,27
학생02 ,-ObjPUuS0biUY2xoLYJm,girl,1학년,따돌림 피해,1,심리외상 문제,27
학생03 ,-ObjRBk3Z1qQ2nMQ0CVg,boy,1학년,사회적 긴장,0,불안 및 우울 문제,10
학생03 ,-ObjRBk3Z1qQ2nMQ0CVg,boy,1학년,감정 기복,1,불안 및 우울 문제,10
학생03 ,-ObjRBk3Z1qQ2nMQ0CVg,boy,1학년,과도한 죄책감,1,불안 및 우울 문제,10
학생03 ,-ObjRBk3Z1qQ2nMQ0CVg,boy,1학년,과민성/짜증,0,불안 및 우울 문제,10
학생03 ,-ObjRBk3Z1qQ2nMQ0CVg,boy,1학년,낮은 자존감,0,학교생활적응 문제,10
학생03 ,-ObjRBk3Z1qQ2nMQ0CVg,boy,1학년,무기력/피로,0,불안 및 우울 문제,10
학생03 ,-ObjRBk3Z1qQ2nMQ0CVg,boy,1학년,예기 불안,0,불안 및 우울 문제,10
학생03 ,-ObjRBk3Z1qQ2nMQ0CVg,boy,1학년,과도한 불안,0,불안 및 우울 문제,10
학생03 ,-ObjRBk3Z1qQ2nMQ0CVg,boy,1학년,우울 증상,0,불안 및 우울 문제,10
학생03 ,-ObjRBk3Z1qQ2nMQ0CVg,boy,1학년,수면 문제,0,학교생활적응 문제,10
학생03 ,-ObjRBk3Z1qQ2nMQ0CVg,boy,1학년,자살 사고,0,자살 및 위기 문제,10
학생03 ,-ObjRBk3Z1qQ2nMQ0CVg,boy,1학년,자해 행동,0,자살 및 위기 문제,10
학생03 ,-ObjRBk3Z1qQ2nMQ0CVg,boy,1학년,자살 계획,0,자살 및 위기 문제,10
학생03 ,-ObjRBk3Z1qQ2nMQ0CVg,boy,1학년,심각한 자살사고,0,자살 및 위기 문제,10
학생03 ,-ObjRBk3Z1qQ2nMQ0CVg,boy,1학년,절망감,0,자살 및 위기 문제,10
학생03 ,-ObjRBk3Z1qQ2nMQ0CVg,boy,1학년,자살 시도,1,자살 및 위기 문제,10
학생03 ,-ObjRBk3Z1qQ2nMQ0CVg,boy,1학년,빈번한 거짓말,2,외현화 문제,10
학생03 ,-ObjRBk3Z1qQ2nMQ0CVg,boy,1학년,또래 갈등,0,외현화 문제,10
학생03 ,-ObjRBk3Z1qQ2nMQ0CVg,boy,1학년,반항 행동,0,외현화 문제,10
학생03 ,-ObjRBk3Z1qQ2nMQ0CVg,boy,1학년,괴롭힘 가해,0,외현화 문제,10
학생03 ,-ObjRBk3Z1qQ2nMQ0CVg,boy,1학년,외상 침습증상,0,심리외상 문제,10
학생03 ,-ObjRBk3Z1qQ2nMQ0CVg,boy,1학년,외상 관련 악몽,0,심리외상 문제,10
학생03 ,-ObjRBk3Z1qQ2nMQ0CVg,boy,1학년,외상 후 고립,1,심리외상 문제,10
학생03 ,-ObjRBk3Z1qQ2nMQ0CVg,boy,1학년,외상 후 과각성,2,심리외상 문제,10
학생03 ,-ObjRBk3Z1qQ2nMQ0CVg,boy,1학년,외상 회피행동,1,심리외상 문제,10
학생03 ,-ObjRBk3Z1qQ2nMQ0CVg,boy,1학년,흡연 문제,1,외현화 문제,10
학생03 ,-ObjRBk3Z1qQ2nMQ0CVg,boy,1학년,음주 문제,0,외현화 문제,10
학생03 ,-ObjRBk3Z1qQ2nMQ0CVg,boy,1학년,적응력 저하,0,학교생활적응 문제,10
학생03 ,-ObjRBk3Z1qQ2nMQ0CVg,boy,1학년,분리 불안,0,학교생활적응 문제,10
학생03 ,-ObjRBk3Z1qQ2nMQ0CVg,boy,1학년,학습 어려움,0,학교생활적응 문제,10
학생03 ,-ObjRBk3Z1qQ2nMQ0CVg,boy,1학년,재산 관련 비행,0,외현화 문제,10
학생03 ,-ObjRBk3Z1qQ2nMQ0CVg,boy,1학년,게임 과몰입,0,외현화 문제,10
학생03 ,-ObjRBk3Z1qQ2nMQ0CVg,boy,1학년,관계 형성 곤란,0,학교생활적응 문제,10
학생03 ,-ObjRBk3Z1qQ2nMQ0CVg,boy,1학년,등교 거부,0,학교생활적응 문제,10
학생03 ,-ObjRBk3Z1qQ2nMQ0CVg,boy,1학년,괴롭힘 피해,0,심리외상 문제,10
학생03 ,-ObjRBk3Z1qQ2nMQ0CVg,boy,1학년,따돌림 피해,0,심리외상 문제,10
학생04 ,-ObjRChLn9QkKcr05RU3,girl,2학년,사회적 긴장,0,불안 및 우울 문제,0
학생04 ,-ObjRChLn9QkKcr05RU3,girl,2학년,감정 기복,0,불안 및 우울 문제,0
학생04 ,-ObjRChLn9QkKcr05RU3,girl,2학년,과도한 죄책감,0,불안 및 우울 문제,0
학생04 ,-ObjRChLn9QkKcr05RU3,girl,2학년,과민성/짜증,0,불안 및 우울 문제,0
학생04 ,-ObjRChLn9QkKcr05RU3,girl,2학년,낮은 자존감,0,학교생활적응 문제,0
학생04 ,-ObjRChLn9QkKcr05RU3,girl,2학년,무기력/피로,0,불안 및 우울 문제,0
학생04 ,-ObjRChLn9QkKcr05RU3,girl,2학년,예기 불안,0,불안 및 우울 문제,0
학생04 ,-ObjRChLn9QkKcr05RU3,girl,2학년,과도한 불안,0,불안 및 우울 문제,0
학생04 ,-ObjRChLn9QkKcr05RU3,girl,2학년,우울 증상,0,불안 및 우울 문제,0
학생04 ,-ObjRChLn9QkKcr05RU3,girl,2학년,수면 문제,0,학교생활적응 문제,0
학생04 ,-ObjRChLn9QkKcr05RU3,girl,2학년,자살 사고,0,자살 및 위기 문제,0
학생04 ,-ObjRChLn9QkKcr05RU3,girl,2학년,자해 행동,0,자살 및 위기 문제,0
학생04 ,-ObjRChLn9QkKcr05RU3,girl,2학년,자살 계획,0,자살 및 위기 문제,0
학생04 ,-ObjRChLn9QkKcr05RU3,girl,2학년,심각한 자살사고,0,자살 및 위기 문제,0
학생04 ,-ObjRChLn9QkKcr05RU3,girl,2학년,절망감,0,자살 및 위기 문제,0
학생04 ,-ObjRChLn9QkKcr05RU3,girl,2학년,자살 시도,0,자살 및 위기 문제,0
학생04 ,-ObjRChLn9QkKcr05RU3,girl,2학년,빈번한 거짓말,0,외현화 문제,0
학생04 ,-ObjRChLn9QkKcr05RU3,girl,2학년,또래 갈등,0,외현화 문제,0
학생04 ,-ObjRChLn9QkKcr05RU3,girl,2학년,반항 행동,0,외현화 문제,0
학생04 ,-ObjRChLn9QkKcr05RU3,girl,2학년,괴롭힘 가해,0,외현화 문제,0
학생04 ,-ObjRChLn9QkKcr05RU3,girl,2학년,외상 침습증상,0,심리외상 문제,0
학생04 ,-ObjRChLn9QkKcr05RU3,girl,2학년,외상 관련 악몽,0,심리외상 문제,0
학생04 ,-ObjRChLn9QkKcr05RU3,girl,2학년,외상 후 고립,0,심리외상 문제,0
학생04 ,-ObjRChLn9QkKcr05RU3,girl,2학년,외상 후 과각성,0,심리외상 문제,0
학생04 ,-ObjRChLn9QkKcr05RU3,girl,2학년,외상 회피행동,0,심리외상 문제,0
학생04 ,-ObjRChLn9QkKcr05RU3,girl,2학년,흡연 문제,0,외현화 문제,0
학생04 ,-ObjRChLn9QkKcr05RU3,girl,2학년,음주 문제,0,외현화 문제,0
학생04 ,-ObjRChLn9QkKcr05RU3,girl,2학년,적응력 저하,0,학교생활적응 문제,0
학생04 ,-ObjRChLn9QkKcr05RU3,girl,2학년,분리 불안,0,학교생활적응 문제,0
학생04 ,-ObjRChLn9QkKcr05RU3,girl,2학년,학습 어려움,0,학교생활적응 문제,0
학생04 ,-ObjRChLn9QkKcr05RU3,girl,2학년,재산 관련 비행,0,외현화 문제,0
학생04 ,-ObjRChLn9QkKcr05RU3,girl,2학년,게임 과몰입,0,외현화 문제,0
학생04 ,-ObjRChLn9QkKcr05RU3,girl,2학년,관계 형성 곤란,0,학교생활적응 문제,0
학생04 ,-ObjRChLn9QkKcr05RU3,girl,2학년,등교 거부,0,학교생활적응 문제,0
학생04 ,-ObjRChLn9QkKcr05RU3,girl,2학년,괴롭힘 피해,0,심리외상 문제,0
학생04 ,-ObjRChLn9QkKcr05RU3,girl,2학년,따돌림 피해,0,심리외상 문제,0
학생05 ,-ObjRDcOR3JDC_01mGyT,girl,2학년,사회적 긴장,1,불안 및 우울 문제,4
학생05 ,-ObjRDcOR3JDC_01mGyT,girl,2학년,감정 기복,0,불안 및 우울 문제,4
학생05 ,-ObjRDcOR3JDC_01mGyT,girl,2학년,과도한 죄책감,0,불안 및 우울 문제,4
학생05 ,-ObjRDcOR3JDC_01mGyT,girl,2학년,과민성/짜증,1,불안 및 우울 문제,4
학생05 ,-ObjRDcOR3JDC_01mGyT,girl,2학년,낮은 자존감,0,학교생활적응 문제,4
학생05 ,-ObjRDcOR3JDC_01mGyT,girl,2학년,무기력/피로,0,불안 및 우울 문제,4
학생05 ,-ObjRDcOR3JDC_01mGyT,girl,2학년,예기 불안,0,불안 및 우울 문제,4
학생05 ,-ObjRDcOR3JDC_01mGyT,girl,2학년,과도한 불안,0,불안 및 우울 문제,4
학생05 ,-ObjRDcOR3JDC_01mGyT,girl,2학년,우울 증상,0,불안 및 우울 문제,4
학생05 ,-ObjRDcOR3JDC_01mGyT,girl,2학년,수면 문제,0,학교생활적응 문제,4
학생05 ,-ObjRDcOR3JDC_01mGyT,girl,2학년,자살 사고,0,자살 및 위기 문제,4
학생05 ,-ObjRDcOR3JDC_01mGyT,girl,2학년,자해 행동,0,자살 및 위기 문제,4
학생05 ,-ObjRDcOR3JDC_01mGyT,girl,2학년,자살 계획,0,자살 및 위기 문제,4
학생05 ,-ObjRDcOR3JDC_01mGyT,girl,2학년,심각한 자살사고,0,자살 및 위기 문제,4
학생05 ,-ObjRDcOR3JDC_01mGyT,girl,2학년,절망감,0,자살 및 위기 문제,4
학생05 ,-ObjRDcOR3JDC_01mGyT,girl,2학년,자살 시도,0,자살 및 위기 문제,4
학생05 ,-ObjRDcOR3JDC_01mGyT,girl,2학년,빈번한 거짓말,0,외현화 문제,4
학생05 ,-ObjRDcOR3JDC_01mGyT,girl,2학년,또래 갈등,0,외현화 문제,4
학생05 ,-ObjRDcOR3JDC_01mGyT,girl,2학년,반항 행동,0,외현화 문제,4
학생05 ,-ObjRDcOR3JDC_01mGyT,girl,2학년,괴롭힘 가해,0,외현화 문제,4
학생05 ,-ObjRDcOR3JDC_01mGyT,girl,2학년,외상 침습증상,0,심리외상 문제,4
학생05 ,-ObjRDcOR3JDC_01mGyT,girl,2학년,외상 관련 악몽,0,심리외상 문제,4
학생05 ,-ObjRDcOR3JDC_01mGyT,girl,2학년,외상 후 고립,0,심리외상 문제,4
학생05 ,-ObjRDcOR3JDC_01mGyT,girl,2학년,외상 후 과각성,0,심리외상 문제,4
학생05 ,-ObjRDcOR3JDC_01mGyT,girl,2학년,외상 회피행동,0,심리외상 문제,4
학생05 ,-ObjRDcOR3JDC_01mGyT,girl,2학년,흡연 문제,0,외현화 문제,4
학생05 ,-ObjRDcOR3JDC_01mGyT,girl,2학년,음주 문제,0,외현화 문제,4
학생05 ,-ObjRDcOR3JDC_01mGyT,girl,2학년,적응력 저하,0,학교생활적응 문제,4
학생05 ,-ObjRDcOR3JDC_01mGyT,girl,2학년,분리 불안,0,학교생활적응 문제,4
학생05 ,-ObjRDcOR3JDC_01mGyT,girl,2학년,학습 어려움,1,학교생활적응 문제,4
학생05 ,-ObjRDcOR3JDC_01mGyT,girl,2학년,재산 관련 비행,0,외현화 문제,4
학생05 ,-ObjRDcOR3JDC_01mGyT,girl,2학년,게임 과몰입,1,외현화 문제,4
학생05 ,-ObjRDcOR3JDC_01mGyT,girl,2학년,관계 형성 곤란,0,학교생활적응 문제,4
학생05 ,-ObjRDcOR3JDC_01mGyT,girl,2학년,등교 거부,0,학교생활적응 문제,4
학생05 ,-ObjRDcOR3JDC_01mGyT,girl,2학년,괴롭힘 피해,0,심리외상 문제,4
학생05 ,-ObjRDcOR3JDC_01mGyT,girl,2학년,따돌림 피해,0,심리외상 문제,4
학생06 ,-ObjREzVPuBoCMTNi1hd,girl,2학년,사회적 긴장,1,불안 및 우울 문제,5
학생06 ,-ObjREzVPuBoCMTNi1hd,girl,2학년,감정 기복,0,불안 및 우울 문제,5
학생06 ,-ObjREzVPuBoCMTNi1hd,girl,2학년,과도한 죄책감,1,불안 및 우울 문제,5
학생06 ,-ObjREzVPuBoCMTNi1hd,girl,2학년,과민성/짜증,0,불안 및 우울 문제,5
학생06 ,-ObjREzVPuBoCMTNi1hd,girl,2학년,낮은 자존감,1,학교생활적응 문제,5
학생06 ,-ObjREzVPuBoCMTNi1hd,girl,2학년,무기력/피로,0,불안 및 우울 문제,5
학생06 ,-ObjREzVPuBoCMTNi1hd,girl,2학년,예기 불안,1,불안 및 우울 문제,5
학생06 ,-ObjREzVPuBoCMTNi1hd,girl,2학년,과도한 불안,1,불안 및 우울 문제,5
학생06 ,-ObjREzVPuBoCMTNi1hd,girl,2학년,우울 증상,0,불안 및 우울 문제,5
학생06 ,-ObjREzVPuBoCMTNi1hd,girl,2학년,수면 문제,0,학교생활적응 문제,5
학생06 ,-ObjREzVPuBoCMTNi1hd,girl,2학년,자살 사고,0,자살 및 위기 문제,5
학생06 ,-ObjREzVPuBoCMTNi1hd,girl,2학년,자해 행동,0,자살 및 위기 문제,5
학생06 ,-ObjREzVPuBoCMTNi1hd,girl,2학년,자살 계획,0,자살 및 위기 문제,5
학생06 ,-ObjREzVPuBoCMTNi1hd,girl,2학년,심각한 자살사고,0,자살 및 위기 문제,5
학생06 ,-ObjREzVPuBoCMTNi1hd,girl,2학년,절망감,0,자살 및 위기 문제,5
학생06 ,-ObjREzVPuBoCMTNi1hd,girl,2학년,자살 시도,0,자살 및 위기 문제,5
학생06 ,-ObjREzVPuBoCMTNi1hd,girl,2학년,빈번한 거짓말,0,외현화 문제,5
학생06 ,-ObjREzVPuBoCMTNi1hd,girl,2학년,또래 갈등,0,외현화 문제,5
학생06 ,-ObjREzVPuBoCMTNi1hd,girl,2학년,반항 행동,0,외현화 문제,5
학생06 ,-ObjREzVPuBoCMTNi1hd,girl,2학년,괴롭힘 가해,0,외현화 문제,5
학생06 ,-ObjREzVPuBoCMTNi1hd,girl,2학년,외상 침습증상,0,심리외상 문제,5
학생06 ,-ObjREzVPuBoCMTNi1hd,girl,2학년,외상 관련 악몽,0,심리외상 문제,5
학생06 ,-ObjREzVPuBoCMTNi1hd,girl,2학년,외상 후 고립,0,심리외상 문제,5
학생06 ,-ObjREzVPuBoCMTNi1hd,girl,2학년,외상 후 과각성,0,심리외상 문제,5
학생06 ,-ObjREzVPuBoCMTNi1hd,girl,2학년,외상 회피행동,0,심리외상 문제,5
학생06 ,-ObjREzVPuBoCMTNi1hd,girl,2학년,흡연 문제,0,외현화 문제,5
학생06 ,-ObjREzVPuBoCMTNi1hd,girl,2학년,음주 문제,0,외현화 문제,5
학생06 ,-ObjREzVPuBoCMTNi1hd,girl,2학년,적응력 저하,0,학교생활적응 문제,5
학생06 ,-ObjREzVPuBoCMTNi1hd,girl,2학년,분리 불안,0,학교생활적응 문제,5
학생06 ,-ObjREzVPuBoCMTNi1hd,girl,2학년,학습 어려움,0,학교생활적응 문제,5
학생06 ,-ObjREzVPuBoCMTNi1hd,girl,2학년,재산 관련 비행,0,외현화 문제,5
학생06 ,-ObjREzVPuBoCMTNi1hd,girl,2학년,게임 과몰입,0,외현화 문제,5
학생06 ,-ObjREzVPuBoCMTNi1hd,girl,2학년,관계 형성 곤란,0,학교생활적응 문제,5
학생06 ,-ObjREzVPuBoCMTNi1hd,girl,2학년,등교 거부,0,학교생활적응 문제,5
학생06 ,-ObjREzVPuBoCMTNi1hd,girl,2학년,괴롭힘 피해,0,심리외상 문제,5
학생06 ,-ObjREzVPuBoCMTNi1hd,girl,2학년,따돌림 피해,0,심리외상 문제,5
학생07 ,-ObjRFKHkNGt40d0TBYd,boy,2학년,사회적 긴장,0,불안 및 우울 문제,3
학생07 ,-ObjRFKHkNGt40d0TBYd,boy,2학년,감정 기복,2,불안 및 우울 문제,3
학생07 ,-ObjRFKHkNGt40d0TBYd,boy,2학년,과도한 죄책감,0,불안 및 우울 문제,3
학생07 ,-ObjRFKHkNGt40d0TBYd,boy,2학년,과민성/짜증,1,불안 및 우울 문제,3
학생07 ,-ObjRFKHkNGt40d0TBYd,boy,2학년,낮은 자존감,0,학교생활적응 문제,3
학생07 ,-ObjRFKHkNGt40d0TBYd,boy,2학년,무기력/피로,0,불안 및 우울 문제,3
학생07 ,-ObjRFKHkNGt40d0TBYd,boy,2학년,예기 불안,0,불안 및 우울 문제,3
학생07 ,-ObjRFKHkNGt40d0TBYd,boy,2학년,과도한 불안,0,불안 및 우울 문제,3
학생07 ,-ObjRFKHkNGt40d0TBYd,boy,2학년,우울 증상,0,불안 및 우울 문제,3
학생07 ,-ObjRFKHkNGt40d0TBYd,boy,2학년,수면 문제,0,학교생활적응 문제,3
학생07 ,-ObjRFKHkNGt40d0TBYd,boy,2학년,자살 사고,0,자살 및 위기 문제,3
학생07 ,-ObjRFKHkNGt40d0TBYd,boy,2학년,자해 행동,0,자살 및 위기 문제,3
학생07 ,-ObjRFKHkNGt40d0TBYd,boy,2학년,자살 계획,0,자살 및 위기 문제,3
학생07 ,-ObjRFKHkNGt40d0TBYd,boy,2학년,심각한 자살사고,0,자살 및 위기 문제,3
학생07 ,-ObjRFKHkNGt40d0TBYd,boy,2학년,절망감,0,자살 및 위기 문제,3
학생07 ,-ObjRFKHkNGt40d0TBYd,boy,2학년,자살 시도,0,자살 및 위기 문제,3
학생07 ,-ObjRFKHkNGt40d0TBYd,boy,2학년,빈번한 거짓말,0,외현화 문제,3
학생07 ,-ObjRFKHkNGt40d0TBYd,boy,2학년,또래 갈등,0,외현화 문제,3
학생07 ,-ObjRFKHkNGt40d0TBYd,boy,2학년,반항 행동,0,외현화 문제,3
학생07 ,-ObjRFKHkNGt40d0TBYd,boy,2학년,괴롭힘 가해,0,외현화 문제,3
학생07 ,-ObjRFKHkNGt40d0TBYd,boy,2학년,외상 침습증상,0,심리외상 문제,3
학생07 ,-ObjRFKHkNGt40d0TBYd,boy,2학년,외상 관련 악몽,0,심리외상 문제,3
학생07 ,-ObjRFKHkNGt40d0TBYd,boy,2학년,외상 후 고립,0,심리외상 문제,3
학생07 ,-ObjRFKHkNGt40d0TBYd,boy,2학년,외상 후 과각성,0,심리외상 문제,3
학생07 ,-ObjRFKHkNGt40d0TBYd,boy,2학년,외상 회피행동,0,심리외상 문제,3
학생07 ,-ObjRFKHkNGt40d0TBYd,boy,2학년,흡연 문제,0,외현화 문제,3
학생07 ,-ObjRFKHkNGt40d0TBYd,boy,2학년,음주 문제,0,외현화 문제,3
학생07 ,-ObjRFKHkNGt40d0TBYd,boy,2학년,적응력 저하,0,학교생활적응 문제,3
학생07 ,-ObjRFKHkNGt40d0TBYd,boy,2학년,분리 불안,0,학교생활적응 문제,3
학생07 ,-ObjRFKHkNGt40d0TBYd,boy,2학년,학습 어려움,0,학교생활적응 문제,3
학생07 ,-ObjRFKHkNGt40d0TBYd,boy,2학년,재산 관련 비행,0,외현화 문제,3
학생07 ,-ObjRFKHkNGt40d0TBYd,boy,2학년,게임 과몰입,0,외현화 문제,3
학생07 ,-ObjRFKHkNGt40d0TBYd,boy,2학년,관계 형성 곤란,0,학교생활적응 문제,3
학생07 ,-ObjRFKHkNGt40d0TBYd,boy,2학년,등교 거부,0,학교생활적응 문제,3
학생07 ,-ObjRFKHkNGt40d0TBYd,boy,2학년,괴롭힘 피해,0,심리외상 문제,3
학생07 ,-ObjRFKHkNGt40d0TBYd,boy,2학년,따돌림 피해,0,심리외상 문제,3
학생08 ,-ObjRFUWEWGQDJDYVXmg,girl,2학년,사회적 긴장,0,불안 및 우울 문제,2
학생08 ,-ObjRFUWEWGQDJDYVXmg,girl,2학년,감정 기복,0,불안 및 우울 문제,2
학생08 ,-ObjRFUWEWGQDJDYVXmg,girl,2학년,과도한 죄책감,0,불안 및 우울 문제,2
학생08 ,-ObjRFUWEWGQDJDYVXmg,girl,2학년,과민성/짜증,0,불안 및 우울 문제,2
학생08 ,-ObjRFUWEWGQDJDYVXmg,girl,2학년,낮은 자존감,0,학교생활적응 문제,2
학생08 ,-ObjRFUWEWGQDJDYVXmg,girl,2학년,무기력/피로,1,불안 및 우울 문제,2
학생08 ,-ObjRFUWEWGQDJDYVXmg,girl,2학년,예기 불안,0,불안 및 우울 문제,2
학생08 ,-ObjRFUWEWGQDJDYVXmg,girl,2학년,과도한 불안,0,불안 및 우울 문제,2
학생08 ,-ObjRFUWEWGQDJDYVXmg,girl,2학년,우울 증상,0,불안 및 우울 문제,2
학생08 ,-ObjRFUWEWGQDJDYVXmg,girl,2학년,수면 문제,1,학교생활적응 문제,2
학생08 ,-ObjRFUWEWGQDJDYVXmg,girl,2학년,자살 사고,0,자살 및 위기 문제,2
학생08 ,-ObjRFUWEWGQDJDYVXmg,girl,2학년,자해 행동,0,자살 및 위기 문제,2
학생08 ,-ObjRFUWEWGQDJDYVXmg,girl,2학년,자살 계획,0,자살 및 위기 문제,2
학생08 ,-ObjRFUWEWGQDJDYVXmg,girl,2학년,심각한 자살사고,0,자살 및 위기 문제,2
학생08 ,-ObjRFUWEWGQDJDYVXmg,girl,2학년,절망감,0,자살 및 위기 문제,2
학생08 ,-ObjRFUWEWGQDJDYVXmg,girl,2학년,자살 시도,0,자살 및 위기 문제,2
학생08 ,-ObjRFUWEWGQDJDYVXmg,girl,2학년,빈번한 거짓말,0,외현화 문제,2
학생08 ,-ObjRFUWEWGQDJDYVXmg,girl,2학년,또래 갈등,0,외현화 문제,2
학생08 ,-ObjRFUWEWGQDJDYVXmg,girl,2학년,반항 행동,0,외현화 문제,2
학생08 ,-ObjRFUWEWGQDJDYVXmg,girl,2학년,괴롭힘 가해,0,외현화 문제,2
학생08 ,-ObjRFUWEWGQDJDYVXmg,girl,2학년,외상 침습증상,0,심리외상 문제,2
학생08 ,-ObjRFUWEWGQDJDYVXmg,girl,2학년,외상 관련 악몽,0,심리외상 문제,2
학생08 ,-ObjRFUWEWGQDJDYVXmg,girl,2학년,외상 후 고립,0,심리외상 문제,2
학생08 ,-ObjRFUWEWGQDJDYVXmg,girl,2학년,외상 후 과각성,0,심리외상 문제,2
학생08 ,-ObjRFUWEWGQDJDYVXmg,girl,2학년,외상 회피행동,0,심리외상 문제,2
학생08 ,-ObjRFUWEWGQDJDYVXmg,girl,2학년,흡연 문제,0,외현화 문제,2
학생08 ,-ObjRFUWEWGQDJDYVXmg,girl,2학년,음주 문제,0,외현화 문제,2
학생08 ,-ObjRFUWEWGQDJDYVXmg,girl,2학년,적응력 저하,0,학교생활적응 문제,2
학생08 ,-ObjRFUWEWGQDJDYVXmg,girl,2학년,분리 불안,0,학교생활적응 문제,2
학생08 ,-ObjRFUWEWGQDJDYVXmg,girl,2학년,학습 어려움,0,학교생활적응 문제,2
학생08 ,-ObjRFUWEWGQDJDYVXmg,girl,2학년,재산 관련 비행,0,외현화 문제,2
학생08 ,-ObjRFUWEWGQDJDYVXmg,girl,2학년,게임 과몰입,0,외현화 문제,2
학생08 ,-ObjRFUWEWGQDJDYVXmg,girl,2학년,관계 형성 곤란,0,학교생활적응 문제,2
학생08 ,-ObjRFUWEWGQDJDYVXmg,girl,2학년,등교 거부,0,학교생활적응 문제,2
학생08 ,-ObjRFUWEWGQDJDYVXmg,girl,2학년,괴롭힘 피해,0,심리외상 문제,2
학생08 ,-ObjRFUWEWGQDJDYVXmg,girl,2학년,따돌림 피해,0,심리외상 문제,2
학생09 ,-ObjRHRmT1iRHGhB0P1w,girl,1학년,사회적 긴장,1,불안 및 우울 문제,20
학생09 ,-ObjRHRmT1iRHGhB0P1w,girl,1학년,감정 기복,2,불안 및 우울 문제,20
학생09 ,-ObjRHRmT1iRHGhB0P1w,girl,1학년,과도한 죄책감,1,불안 및 우울 문제,20
학생09 ,-ObjRHRmT1iRHGhB0P1w,girl,1학년,과민성/짜증,1,불안 및 우울 문제,20
학생09 ,-ObjRHRmT1iRHGhB0P1w,girl,1학년,낮은 자존감,1,학교생활적응 문제,20
학생09 ,-ObjRHRmT1iRHGhB0P1w,girl,1학년,무기력/피로,0,불안 및 우울 문제,20
학생09 ,-ObjRHRmT1iRHGhB0P1w,girl,1학년,예기 불안,3,불안 및 우울 문제,20
학생09 ,-ObjRHRmT1iRHGhB0P1w,girl,1학년,과도한 불안,3,불안 및 우울 문제,20
학생09 ,-ObjRHRmT1iRHGhB0P1w,girl,1학년,우울 증상,3,불안 및 우울 문제,20
학생09 ,-ObjRHRmT1iRHGhB0P1w,girl,1학년,수면 문제,0,학교생활적응 문제,20
학생09 ,-ObjRHRmT1iRHGhB0P1w,girl,1학년,자살 사고,0,자살 및 위기 문제,20
학생09 ,-ObjRHRmT1iRHGhB0P1w,girl,1학년,자해 행동,0,자살 및 위기 문제,20
학생09 ,-ObjRHRmT1iRHGhB0P1w,girl,1학년,자살 계획,0,자살 및 위기 문제,20
학생09 ,-ObjRHRmT1iRHGhB0P1w,girl,1학년,심각한 자살사고,0,자살 및 위기 문제,20
학생09 ,-ObjRHRmT1iRHGhB0P1w,girl,1학년,절망감,0,자살 및 위기 문제,20
학생09 ,-ObjRHRmT1iRHGhB0P1w,girl,1학년,자살 시도,0,자살 및 위기 문제,20
학생09 ,-ObjRHRmT1iRHGhB0P1w,girl,1학년,빈번한 거짓말,0,외현화 문제,20
학생09 ,-ObjRHRmT1iRHGhB0P1w,girl,1학년,또래 갈등,0,외현화 문제,20
학생09 ,-ObjRHRmT1iRHGhB0P1w,girl,1학년,반항 행동,0,외현화 문제,20
학생09 ,-ObjRHRmT1iRHGhB0P1w,girl,1학년,괴롭힘 가해,0,외현화 문제,20
학생09 ,-ObjRHRmT1iRHGhB0P1w,girl,1학년,외상 침습증상,2,심리외상 문제,20
학생09 ,-ObjRHRmT1iRHGhB0P1w,girl,1학년,외상 관련 악몽,1,심리외상 문제,20
학생09 ,-ObjRHRmT1iRHGhB0P1w,girl,1학년,외상 후 고립,1,심리외상 문제,20
학생09 ,-ObjRHRmT1iRHGhB0P1w,girl,1학년,외상 후 과각성,0,심리외상 문제,20
학생09 ,-ObjRHRmT1iRHGhB0P1w,girl,1학년,외상 회피행동,1,심리외상 문제,20
학생09 ,-ObjRHRmT1iRHGhB0P1w,girl,1학년,흡연 문제,0,외현화 문제,20
학생09 ,-ObjRHRmT1iRHGhB0P1w,girl,1학년,음주 문제,0,외현화 문제,20
학생09 ,-ObjRHRmT1iRHGhB0P1w,girl,1학년,적응력 저하,0,학교생활적응 문제,20
학생09 ,-ObjRHRmT1iRHGhB0P1w,girl,1학년,분리 불안,0,학교생활적응 문제,20
학생09 ,-ObjRHRmT1iRHGhB0P1w,girl,1학년,학습 어려움,0,학교생활적응 문제,20
학생09 ,-ObjRHRmT1iRHGhB0P1w,girl,1학년,재산 관련 비행,0,외현화 문제,20
학생09 ,-ObjRHRmT1iRHGhB0P1w,girl,1학년,게임 과몰입,0,외현화 문제,20
학생09 ,-ObjRHRmT1iRHGhB0P1w,girl,1학년,관계 형성 곤란,0,학교생활적응 문제,20
학생09 ,-ObjRHRmT1iRHGhB0P1w,girl,1학년,등교 거부,0,학교생활적응 문제,20
학생09 ,-ObjRHRmT1iRHGhB0P1w,girl,1학년,괴롭힘 피해,0,심리외상 문제,20
학생09 ,-ObjRHRmT1iRHGhB0P1w,girl,1학년,따돌림 피해,0,심리외상 문제,20
학생10 ,-ObjRHvOHO7cWs2q1Wwj,boy,2학년,사회적 긴장,3,불안 및 우울 문제,18
학생10 ,-ObjRHvOHO7cWs2q1Wwj,boy,2학년,감정 기복,1,불안 및 우울 문제,18
학생10 ,-ObjRHvOHO7cWs2q1Wwj,boy,2학년,과도한 죄책감,0,불안 및 우울 문제,18
학생10 ,-ObjRHvOHO7cWs2q1Wwj,boy,2학년,과민성/짜증,1,불안 및 우울 문제,18
학생10 ,-ObjRHvOHO7cWs2q1Wwj,boy,2학년,낮은 자존감,0,학교생활적응 문제,18
학생10 ,-ObjRHvOHO7cWs2q1Wwj,boy,2학년,무기력/피로,1,불안 및 우울 문제,18
학생10 ,-ObjRHvOHO7cWs2q1Wwj,boy,2학년,예기 불안,3,불안 및 우울 문제,18
학생10 ,-ObjRHvOHO7cWs2q1Wwj,boy,2학년,과도한 불안,2,불안 및 우울 문제,18
학생10 ,-ObjRHvOHO7cWs2q1Wwj,boy,2학년,우울 증상,0,불안 및 우울 문제,18
학생10 ,-ObjRHvOHO7cWs2q1Wwj,boy,2학년,수면 문제,0,학교생활적응 문제,18
학생10 ,-ObjRHvOHO7cWs2q1Wwj,boy,2학년,자살 사고,0,자살 및 위기 문제,18
학생10 ,-ObjRHvOHO7cWs2q1Wwj,boy,2학년,자해 행동,0,자살 및 위기 문제,18
학생10 ,-ObjRHvOHO7cWs2q1Wwj,boy,2학년,자살 계획,0,자살 및 위기 문제,18
학생10 ,-ObjRHvOHO7cWs2q1Wwj,boy,2학년,심각한 자살사고,0,자살 및 위기 문제,18
학생10 ,-ObjRHvOHO7cWs2q1Wwj,boy,2학년,절망감,1,자살 및 위기 문제,18
학생10 ,-ObjRHvOHO7cWs2q1Wwj,boy,2학년,자살 시도,0,자살 및 위기 문제,18
학생10 ,-ObjRHvOHO7cWs2q1Wwj,boy,2학년,빈번한 거짓말,0,외현화 문제,18
학생10 ,-ObjRHvOHO7cWs2q1Wwj,boy,2학년,또래 갈등,0,외현화 문제,18
학생10 ,-ObjRHvOHO7cWs2q1Wwj,boy,2학년,반항 행동,0,외현화 문제,18
학생10 ,-ObjRHvOHO7cWs2q1Wwj,boy,2학년,괴롭힘 가해,0,외현화 문제,18
학생10 ,-ObjRHvOHO7cWs2q1Wwj,boy,2학년,외상 침습증상,1,심리외상 문제,18
학생10 ,-ObjRHvOHO7cWs2q1Wwj,boy,2학년,외상 관련 악몽,0,심리외상 문제,18
학생10 ,-ObjRHvOHO7cWs2q1Wwj,boy,2학년,외상 후 고립,0,심리외상 문제,18
학생10 ,-ObjRHvOHO7cWs2q1Wwj,boy,2학년,외상 후 과각성,1,심리외상 문제,18
학생10 ,-ObjRHvOHO7cWs2q1Wwj,boy,2학년,외상 회피행동,1,심리외상 문제,18
학생10 ,-ObjRHvOHO7cWs2q1Wwj,boy,2학년,흡연 문제,0,외현화 문제,18
학생10 ,-ObjRHvOHO7cWs2q1Wwj,boy,2학년,음주 문제,0,외현화 문제,18
학생10 ,-ObjRHvOHO7cWs2q1Wwj,boy,2학년,적응력 저하,0,학교생활적응 문제,18
학생10 ,-ObjRHvOHO7cWs2q1Wwj,boy,2학년,분리 불안,0,학교생활적응 문제,18
학생10 ,-ObjRHvOHO7cWs2q1Wwj,boy,2학년,학습 어려움,0,학교생활적응 문제,18
학생10 ,-ObjRHvOHO7cWs2q1Wwj,boy,2학년,재산 관련 비행,0,외현화 문제,18
학생10 ,-ObjRHvOHO7cWs2q1Wwj,boy,2학년,게임 과몰입,1,외현화 문제,18
학생10 ,-ObjRHvOHO7cWs2q1Wwj,boy,2학년,관계 형성 곤란,0,학교생활적응 문제,18
학생10 ,-ObjRHvOHO7cWs2q1Wwj,boy,2학년,등교 거부,2,학교생활적응 문제,18
학생10 ,-ObjRHvOHO7cWs2q1Wwj,boy,2학년,괴롭힘 피해,0,심리외상 문제,18
학생10 ,-ObjRHvOHO7cWs2q1Wwj,boy,2학년,따돌림 피해,0,심리외상 문제,18
학생100 ,-ObjRizO4WhQ081teQM8,girl,1학년,사회적 긴장,0,불안 및 우울 문제,0
학생100 ,-ObjRizO4WhQ081teQM8,girl,1학년,감정 기복,0,불안 및 우울 문제,0
학생100 ,-ObjRizO4WhQ081teQM8,girl,1학년,과도한 죄책감,0,불안 및 우울 문제,0
학생100 ,-ObjRizO4WhQ081teQM8,girl,1학년,과민성/짜증,0,불안 및 우울 문제,0
학생100 ,-ObjRizO4WhQ081teQM8,girl,1학년,낮은 자존감,0,학교생활적응 문제,0
학생100 ,-ObjRizO4WhQ081teQM8,girl,1학년,무기력/피로,0,불안 및 우울 문제,0
학생100 ,-ObjRizO4WhQ081teQM8,girl,1학년,예기 불안,0,불안 및 우울 문제,0
학생100 ,-ObjRizO4WhQ081teQM8,girl,1학년,과도한 불안,0,불안 및 우울 문제,0
학생100 ,-ObjRizO4WhQ081teQM8,girl,1학년,우울 증상,0,불안 및 우울 문제,0
학생100 ,-ObjRizO4WhQ081teQM8,girl,1학년,수면 문제,0,학교생활적응 문제,0
학생100 ,-ObjRizO4WhQ081teQM8,girl,1학년,자살 사고,0,자살 및 위기 문제,0
학생100 ,-ObjRizO4WhQ081teQM8,girl,1학년,자해 행동,0,자살 및 위기 문제,0
학생100 ,-ObjRizO4WhQ081teQM8,girl,1학년,자살 계획,0,자살 및 위기 문제,0
학생100 ,-ObjRizO4WhQ081teQM8,girl,1학년,심각한 자살사고,0,자살 및 위기 문제,0
학생100 ,-ObjRizO4WhQ081teQM8,girl,1학년,절망감,0,자살 및 위기 문제,0
학생100 ,-ObjRizO4WhQ081teQM8,girl,1학년,자살 시도,0,자살 및 위기 문제,0
학생100 ,-ObjRizO4WhQ081teQM8,girl,1학년,빈번한 거짓말,0,외현화 문제,0
학생100 ,-ObjRizO4WhQ081teQM8,girl,1학년,또래 갈등,0,외현화 문제,0
학생100 ,-ObjRizO4WhQ081teQM8,girl,1학년,반항 행동,0,외현화 문제,0
학생100 ,-ObjRizO4WhQ081teQM8,girl,1학년,괴롭힘 가해,0,외현화 문제,0
학생100 ,-ObjRizO4WhQ081teQM8,girl,1학년,외상 침습증상,0,심리외상 문제,0
학생100 ,-ObjRizO4WhQ081teQM8,girl,1학년,외상 관련 악몽,0,심리외상 문제,0
학생100 ,-ObjRizO4WhQ081teQM8,girl,1학년,외상 후 고립,0,심리외상 문제,0
학생100 ,-ObjRizO4WhQ081teQM8,girl,1학년,외상 후 과각성,0,심리외상 문제,0
학생100 ,-ObjRizO4WhQ081teQM8,girl,1학년,외상 회피행동,0,심리외상 문제,0
학생100 ,-ObjRizO4WhQ081teQM8,girl,1학년,흡연 문제,0,외현화 문제,0
학생100 ,-ObjRizO4WhQ081teQM8,girl,1학년,음주 문제,0,외현화 문제,0
학생100 ,-ObjRizO4WhQ081teQM8,girl,1학년,적응력 저하,0,학교생활적응 문제,0
학생100 ,-ObjRizO4WhQ081teQM8,girl,1학년,분리 불안,0,학교생활적응 문제,0
학생100 ,-ObjRizO4WhQ081teQM8,girl,1학년,학습 어려움,0,학교생활적응 문제,0
학생100 ,-ObjRizO4WhQ081teQM8,girl,1학년,재산 관련 비행,0,외현화 문제,0
학생100 ,-ObjRizO4WhQ081teQM8,girl,1학년,게임 과몰입,0,외현화 문제,0
학생100 ,-ObjRizO4WhQ081teQM8,girl,1학년,관계 형성 곤란,0,학교생활적응 문제,0
학생100 ,-ObjRizO4WhQ081teQM8,girl,1학년,등교 거부,0,학교생활적응 문제,0
학생100 ,-ObjRizO4WhQ081teQM8,girl,1학년,괴롭힘 피해,0,심리외상 문제,0
학생100 ,-ObjRizO4WhQ081teQM8,girl,1학년,따돌림 피해,0,심리외상 문제,0
학생101 ,-ObjRizdbVY2nFw9Q5Cu,boy,2학년,사회적 긴장,1,불안 및 우울 문제,10
학생101 ,-ObjRizdbVY2nFw9Q5Cu,boy,2학년,감정 기복,2,불안 및 우울 문제,10
학생101 ,-ObjRizdbVY2nFw9Q5Cu,boy,2학년,과도한 죄책감,0,불안 및 우울 문제,10
학생101 ,-ObjRizdbVY2nFw9Q5Cu,boy,2학년,과민성/짜증,1,불안 및 우울 문제,10
학생101 ,-ObjRizdbVY2nFw9Q5Cu,boy,2학년,낮은 자존감,1,학교생활적응 문제,10
학생101 ,-ObjRizdbVY2nFw9Q5Cu,boy,2학년,무기력/피로,1,불안 및 우울 문제,10
학생101 ,-ObjRizdbVY2nFw9Q5Cu,boy,2학년,예기 불안,2,불안 및 우울 문제,10
학생101 ,-ObjRizdbVY2nFw9Q5Cu,boy,2학년,과도한 불안,1,불안 및 우울 문제,10
학생101 ,-ObjRizdbVY2nFw9Q5Cu,boy,2학년,우울 증상,1,불안 및 우울 문제,10
학생101 ,-ObjRizdbVY2nFw9Q5Cu,boy,2학년,수면 문제,0,학교생활적응 문제,10
학생101 ,-ObjRizdbVY2nFw9Q5Cu,boy,2학년,자살 사고,0,자살 및 위기 문제,10
학생101 ,-ObjRizdbVY2nFw9Q5Cu,boy,2학년,자해 행동,0,자살 및 위기 문제,10
학생101 ,-ObjRizdbVY2nFw9Q5Cu,boy,2학년,자살 계획,0,자살 및 위기 문제,10
학생101 ,-ObjRizdbVY2nFw9Q5Cu,boy,2학년,심각한 자살사고,0,자살 및 위기 문제,10
학생101 ,-ObjRizdbVY2nFw9Q5Cu,boy,2학년,절망감,0,자살 및 위기 문제,10
학생101 ,-ObjRizdbVY2nFw9Q5Cu,boy,2학년,자살 시도,0,자살 및 위기 문제,10
학생101 ,-ObjRizdbVY2nFw9Q5Cu,boy,2학년,빈번한 거짓말,0,외현화 문제,10
학생101 ,-ObjRizdbVY2nFw9Q5Cu,boy,2학년,또래 갈등,0,외현화 문제,10
학생101 ,-ObjRizdbVY2nFw9Q5Cu,boy,2학년,반항 행동,0,외현화 문제,10
학생101 ,-ObjRizdbVY2nFw9Q5Cu,boy,2학년,괴롭힘 가해,0,외현화 문제,10
학생101 ,-ObjRizdbVY2nFw9Q5Cu,boy,2학년,외상 침습증상,0,심리외상 문제,10
학생101 ,-ObjRizdbVY2nFw9Q5Cu,boy,2학년,외상 관련 악몽,0,심리외상 문제,10
학생101 ,-ObjRizdbVY2nFw9Q5Cu,boy,2학년,외상 후 고립,0,심리외상 문제,10
학생101 ,-ObjRizdbVY2nFw9Q5Cu,boy,2학년,외상 후 과각성,0,심리외상 문제,10
학생101 ,-ObjRizdbVY2nFw9Q5Cu,boy,2학년,외상 회피행동,0,심리외상 문제,10
학생101 ,-ObjRizdbVY2nFw9Q5Cu,boy,2학년,흡연 문제,0,외현화 문제,10
학생101 ,-ObjRizdbVY2nFw9Q5Cu,boy,2학년,음주 문제,0,외현화 문제,10
학생101 ,-ObjRizdbVY2nFw9Q5Cu,boy,2학년,적응력 저하,0,학교생활적응 문제,10
학생101 ,-ObjRizdbVY2nFw9Q5Cu,boy,2학년,분리 불안,0,학교생활적응 문제,10
학생101 ,-ObjRizdbVY2nFw9Q5Cu,boy,2학년,학습 어려움,0,학교생활적응 문제,10
학생101 ,-ObjRizdbVY2nFw9Q5Cu,boy,2학년,재산 관련 비행,0,외현화 문제,10
학생101 ,-ObjRizdbVY2nFw9Q5Cu,boy,2학년,게임 과몰입,0,외현화 문제,10
학생101 ,-ObjRizdbVY2nFw9Q5Cu,boy,2학년,관계 형성 곤란,0,학교생활적응 문제,10
학생101 ,-ObjRizdbVY2nFw9Q5Cu,boy,2학년,등교 거부,0,학교생활적응 문제,10
학생101 ,-ObjRizdbVY2nFw9Q5Cu,boy,2학년,괴롭힘 피해,0,심리외상 문제,10
학생101 ,-ObjRizdbVY2nFw9Q5Cu,boy,2학년,따돌림 피해,0,심리외상 문제,10
학생102 ,-ObjRj2Er8XLCSI4MOZY,boy,2학년,사회적 긴장,0,불안 및 우울 문제,1
학생102 ,-ObjRj2Er8XLCSI4MOZY,boy,2학년,감정 기복,0,불안 및 우울 문제,1
학생102 ,-ObjRj2Er8XLCSI4MOZY,boy,2학년,과도한 죄책감,0,불안 및 우울 문제,1
학생102 ,-ObjRj2Er8XLCSI4MOZY,boy,2학년,과민성/짜증,0,불안 및 우울 문제,1
학생102 ,-ObjRj2Er8XLCSI4MOZY,boy,2학년,낮은 자존감,0,학교생활적응 문제,1
학생102 ,-ObjRj2Er8XLCSI4MOZY,boy,2학년,무기력/피로,0,불안 및 우울 문제,1
학생102 ,-ObjRj2Er8XLCSI4MOZY,boy,2학년,예기 불안,0,불안 및 우울 문제,1
학생102 ,-ObjRj2Er8XLCSI4MOZY,boy,2학년,과도한 불안,0,불안 및 우울 문제,1
학생102 ,-ObjRj2Er8XLCSI4MOZY,boy,2학년,우울 증상,0,불안 및 우울 문제,1
학생102 ,-ObjRj2Er8XLCSI4MOZY,boy,2학년,수면 문제,1,학교생활적응 문제,1
학생102 ,-ObjRj2Er8XLCSI4MOZY,boy,2학년,자살 사고,0,자살 및 위기 문제,1
학생102 ,-ObjRj2Er8XLCSI4MOZY,boy,2학년,자해 행동,0,자살 및 위기 문제,1
학생102 ,-ObjRj2Er8XLCSI4MOZY,boy,2학년,자살 계획,0,자살 및 위기 문제,1
학생102 ,-ObjRj2Er8XLCSI4MOZY,boy,2학년,심각한 자살사고,0,자살 및 위기 문제,1
학생102 ,-ObjRj2Er8XLCSI4MOZY,boy,2학년,절망감,0,자살 및 위기 문제,1
학생102 ,-ObjRj2Er8XLCSI4MOZY,boy,2학년,자살 시도,0,자살 및 위기 문제,1
학생102 ,-ObjRj2Er8XLCSI4MOZY,boy,2학년,빈번한 거짓말,0,외현화 문제,1
학생102 ,-ObjRj2Er8XLCSI4MOZY,boy,2학년,또래 갈등,0,외현화 문제,1
학생102 ,-ObjRj2Er8XLCSI4MOZY,boy,2학년,반항 행동,0,외현화 문제,1
학생102 ,-ObjRj2Er8XLCSI4MOZY,boy,2학년,괴롭힘 가해,0,외현화 문제,1
학생102 ,-ObjRj2Er8XLCSI4MOZY,boy,2학년,외상 침습증상,0,심리외상 문제,1
학생102 ,-ObjRj2Er8XLCSI4MOZY,boy,2학년,외상 관련 악몽,0,심리외상 문제,1
학생102 ,-ObjRj2Er8XLCSI4MOZY,boy,2학년,외상 후 고립,0,심리외상 문제,1
학생102 ,-ObjRj2Er8XLCSI4MOZY,boy,2학년,외상 후 과각성,0,심리외상 문제,1
학생102 ,-ObjRj2Er8XLCSI4MOZY,boy,2학년,외상 회피행동,0,심리외상 문제,1
학생102 ,-ObjRj2Er8XLCSI4MOZY,boy,2학년,흡연 문제,0,외현화 문제,1
학생102 ,-ObjRj2Er8XLCSI4MOZY,boy,2학년,음주 문제,0,외현화 문제,1
학생102 ,-ObjRj2Er8XLCSI4MOZY,boy,2학년,적응력 저하,0,학교생활적응 문제,1
학생102 ,-ObjRj2Er8XLCSI4MOZY,boy,2학년,분리 불안,0,학교생활적응 문제,1
학생102 ,-ObjRj2Er8XLCSI4MOZY,boy,2학년,학습 어려움,0,학교생활적응 문제,1
학생102 ,-ObjRj2Er8XLCSI4MOZY,boy,2학년,재산 관련 비행,0,외현화 문제,1
학생102 ,-ObjRj2Er8XLCSI4MOZY,boy,2학년,게임 과몰입,0,외현화 문제,1
학생102 ,-ObjRj2Er8XLCSI4MOZY,boy,2학년,관계 형성 곤란,0,학교생활적응 문제,1
학생102 ,-ObjRj2Er8XLCSI4MOZY,boy,2학년,등교 거부,0,학교생활적응 문제,1
학생102 ,-ObjRj2Er8XLCSI4MOZY,boy,2학년,괴롭힘 피해,0,심리외상 문제,1
학생102 ,-ObjRj2Er8XLCSI4MOZY,boy,2학년,따돌림 피해,0,심리외상 문제,1
학생103 ,-ObjRj6IL5CzyMqI62rT,girl,1학년,사회적 긴장,3,불안 및 우울 문제,17
학생103 ,-ObjRj6IL5CzyMqI62rT,girl,1학년,감정 기복,2,불안 및 우울 문제,17
학생103 ,-ObjRj6IL5CzyMqI62rT,girl,1학년,과도한 죄책감,2,불안 및 우울 문제,17
학생103 ,-ObjRj6IL5CzyMqI62rT,girl,1학년,과민성/짜증,1,불안 및 우울 문제,17
학생103 ,-ObjRj6IL5CzyMqI62rT,girl,1학년,낮은 자존감,3,학교생활적응 문제,17
학생103 ,-ObjRj6IL5CzyMqI62rT,girl,1학년,무기력/피로,0,불안 및 우울 문제,17
학생103 ,-ObjRj6IL5CzyMqI62rT,girl,1학년,예기 불안,1,불안 및 우울 문제,17
학생103 ,-ObjRj6IL5CzyMqI62rT,girl,1학년,과도한 불안,1,불안 및 우울 문제,17
학생103 ,-ObjRj6IL5CzyMqI62rT,girl,1학년,우울 증상,1,불안 및 우울 문제,17
학생103 ,-ObjRj6IL5CzyMqI62rT,girl,1학년,수면 문제,1,학교생활적응 문제,17
학생103 ,-ObjRj6IL5CzyMqI62rT,girl,1학년,자살 사고,0,자살 및 위기 문제,17
학생103 ,-ObjRj6IL5CzyMqI62rT,girl,1학년,자해 행동,0,자살 및 위기 문제,17
학생103 ,-ObjRj6IL5CzyMqI62rT,girl,1학년,자살 계획,0,자살 및 위기 문제,17
학생103 ,-ObjRj6IL5CzyMqI62rT,girl,1학년,심각한 자살사고,0,자살 및 위기 문제,17
학생103 ,-ObjRj6IL5CzyMqI62rT,girl,1학년,절망감,0,자살 및 위기 문제,17
학생103 ,-ObjRj6IL5CzyMqI62rT,girl,1학년,자살 시도,0,자살 및 위기 문제,17
학생103 ,-ObjRj6IL5CzyMqI62rT,girl,1학년,빈번한 거짓말,0,외현화 문제,17
학생103 ,-ObjRj6IL5CzyMqI62rT,girl,1학년,또래 갈등,0,외현화 문제,17
학생103 ,-ObjRj6IL5CzyMqI62rT,girl,1학년,반항 행동,0,외현화 문제,17
학생103 ,-ObjRj6IL5CzyMqI62rT,girl,1학년,괴롭힘 가해,0,외현화 문제,17
학생103 ,-ObjRj6IL5CzyMqI62rT,girl,1학년,외상 침습증상,0,심리외상 문제,17
학생103 ,-ObjRj6IL5CzyMqI62rT,girl,1학년,외상 관련 악몽,0,심리외상 문제,17
학생103 ,-ObjRj6IL5CzyMqI62rT,girl,1학년,외상 후 고립,0,심리외상 문제,17
학생103 ,-ObjRj6IL5CzyMqI62rT,girl,1학년,외상 후 과각성,0,심리외상 문제,17
학생103 ,-ObjRj6IL5CzyMqI62rT,girl,1학년,외상 회피행동,0,심리외상 문제,17
학생103 ,-ObjRj6IL5CzyMqI62rT,girl,1학년,흡연 문제,0,외현화 문제,17
학생103 ,-ObjRj6IL5CzyMqI62rT,girl,1학년,음주 문제,0,외현화 문제,17
학생103 ,-ObjRj6IL5CzyMqI62rT,girl,1학년,적응력 저하,0,학교생활적응 문제,17
학생103 ,-ObjRj6IL5CzyMqI62rT,girl,1학년,분리 불안,0,학교생활적응 문제,17
학생103 ,-ObjRj6IL5CzyMqI62rT,girl,1학년,학습 어려움,0,학교생활적응 문제,17
학생103 ,-ObjRj6IL5CzyMqI62rT,girl,1학년,재산 관련 비행,0,외현화 문제,17
학생103 ,-ObjRj6IL5CzyMqI62rT,girl,1학년,게임 과몰입,0,외현화 문제,17
학생103 ,-ObjRj6IL5CzyMqI62rT,girl,1학년,관계 형성 곤란,2,학교생활적응 문제,17
학생103 ,-ObjRj6IL5CzyMqI62rT,girl,1학년,등교 거부,0,학교생활적응 문제,17
학생103 ,-ObjRj6IL5CzyMqI62rT,girl,1학년,괴롭힘 피해,0,심리외상 문제,17
학생103 ,-ObjRj6IL5CzyMqI62rT,girl,1학년,따돌림 피해,0,심리외상 문제,17
학생104 ,-ObjRj6t2AUmqJk6JBAZ,girl,2학년,사회적 긴장,0,불안 및 우울 문제,5
학생104 ,-ObjRj6t2AUmqJk6JBAZ,girl,2학년,감정 기복,0,불안 및 우울 문제,5
학생104 ,-ObjRj6t2AUmqJk6JBAZ,girl,2학년,과도한 죄책감,0,불안 및 우울 문제,5
학생104 ,-ObjRj6t2AUmqJk6JBAZ,girl,2학년,과민성/짜증,0,불안 및 우울 문제,5
학생104 ,-ObjRj6t2AUmqJk6JBAZ,girl,2학년,낮은 자존감,1,학교생활적응 문제,5
학생104 ,-ObjRj6t2AUmqJk6JBAZ,girl,2학년,무기력/피로,1,불안 및 우울 문제,5
학생104 ,-ObjRj6t2AUmqJk6JBAZ,girl,2학년,예기 불안,1,불안 및 우울 문제,5
학생104 ,-ObjRj6t2AUmqJk6JBAZ,girl,2학년,과도한 불안,1,불안 및 우울 문제,5
학생104 ,-ObjRj6t2AUmqJk6JBAZ,girl,2학년,우울 증상,1,불안 및 우울 문제,5
학생104 ,-ObjRj6t2AUmqJk6JBAZ,girl,2학년,수면 문제,0,학교생활적응 문제,5
학생104 ,-ObjRj6t2AUmqJk6JBAZ,girl,2학년,자살 사고,0,자살 및 위기 문제,5
학생104 ,-ObjRj6t2AUmqJk6JBAZ,girl,2학년,자해 행동,0,자살 및 위기 문제,5
학생104 ,-ObjRj6t2AUmqJk6JBAZ,girl,2학년,자살 계획,0,자살 및 위기 문제,5
학생104 ,-ObjRj6t2AUmqJk6JBAZ,girl,2학년,심각한 자살사고,0,자살 및 위기 문제,5
학생104 ,-ObjRj6t2AUmqJk6JBAZ,girl,2학년,절망감,0,자살 및 위기 문제,5
학생104 ,-ObjRj6t2AUmqJk6JBAZ,girl,2학년,자살 시도,0,자살 및 위기 문제,5
학생104 ,-ObjRj6t2AUmqJk6JBAZ,girl,2학년,빈번한 거짓말,0,외현화 문제,5
학생104 ,-ObjRj6t2AUmqJk6JBAZ,girl,2학년,또래 갈등,0,외현화 문제,5
학생104 ,-ObjRj6t2AUmqJk6JBAZ,girl,2학년,반항 행동,0,외현화 문제,5
학생104 ,-ObjRj6t2AUmqJk6JBAZ,girl,2학년,괴롭힘 가해,0,외현화 문제,5
학생104 ,-ObjRj6t2AUmqJk6JBAZ,girl,2학년,외상 침습증상,0,심리외상 문제,5
학생104 ,-ObjRj6t2AUmqJk6JBAZ,girl,2학년,외상 관련 악몽,0,심리외상 문제,5
학생104 ,-ObjRj6t2AUmqJk6JBAZ,girl,2학년,외상 후 고립,0,심리외상 문제,5
학생104 ,-ObjRj6t2AUmqJk6JBAZ,girl,2학년,외상 후 과각성,0,심리외상 문제,5
학생104 ,-ObjRj6t2AUmqJk6JBAZ,girl,2학년,외상 회피행동,0,심리외상 문제,5
학생104 ,-ObjRj6t2AUmqJk6JBAZ,girl,2학년,흡연 문제,0,외현화 문제,5
학생104 ,-ObjRj6t2AUmqJk6JBAZ,girl,2학년,음주 문제,0,외현화 문제,5
학생104 ,-ObjRj6t2AUmqJk6JBAZ,girl,2학년,적응력 저하,0,학교생활적응 문제,5
학생104 ,-ObjRj6t2AUmqJk6JBAZ,girl,2학년,분리 불안,0,학교생활적응 문제,5
학생104 ,-ObjRj6t2AUmqJk6JBAZ,girl,2학년,학습 어려움,0,학교생활적응 문제,5
학생104 ,-ObjRj6t2AUmqJk6JBAZ,girl,2학년,재산 관련 비행,0,외현화 문제,5
학생104 ,-ObjRj6t2AUmqJk6JBAZ,girl,2학년,게임 과몰입,0,외현화 문제,5
학생104 ,-ObjRj6t2AUmqJk6JBAZ,girl,2학년,관계 형성 곤란,0,학교생활적응 문제,5
학생104 ,-ObjRj6t2AUmqJk6JBAZ,girl,2학년,등교 거부,0,학교생활적응 문제,5
학생104 ,-ObjRj6t2AUmqJk6JBAZ,girl,2학년,괴롭힘 피해,0,심리외상 문제,5
학생104 ,-ObjRj6t2AUmqJk6JBAZ,girl,2학년,따돌림 피해,0,심리외상 문제,5
학생105 ,-ObjRjRHL5EwHNwYTf2v,girl,2학년,사회적 긴장,1,불안 및 우울 문제,19
학생105 ,-ObjRjRHL5EwHNwYTf2v,girl,2학년,감정 기복,2,불안 및 우울 문제,19
학생105 ,-ObjRjRHL5EwHNwYTf2v,girl,2학년,과도한 죄책감,1,불안 및 우울 문제,19
학생105 ,-ObjRjRHL5EwHNwYTf2v,girl,2학년,과민성/짜증,2,불안 및 우울 문제,19
학생105 ,-ObjRjRHL5EwHNwYTf2v,girl,2학년,낮은 자존감,1,학교생활적응 문제,19
학생105 ,-ObjRjRHL5EwHNwYTf2v,girl,2학년,무기력/피로,1,불안 및 우울 문제,19
학생105 ,-ObjRjRHL5EwHNwYTf2v,girl,2학년,예기 불안,2,불안 및 우울 문제,19
학생105 ,-ObjRjRHL5EwHNwYTf2v,girl,2학년,과도한 불안,2,불안 및 우울 문제,19
학생105 ,-ObjRjRHL5EwHNwYTf2v,girl,2학년,우울 증상,2,불안 및 우울 문제,19
학생105 ,-ObjRjRHL5EwHNwYTf2v,girl,2학년,수면 문제,1,학교생활적응 문제,19
학생105 ,-ObjRjRHL5EwHNwYTf2v,girl,2학년,자살 사고,0,자살 및 위기 문제,19
학생105 ,-ObjRjRHL5EwHNwYTf2v,girl,2학년,자해 행동,0,자살 및 위기 문제,19
학생105 ,-ObjRjRHL5EwHNwYTf2v,girl,2학년,자살 계획,0,자살 및 위기 문제,19
학생105 ,-ObjRjRHL5EwHNwYTf2v,girl,2학년,심각한 자살사고,0,자살 및 위기 문제,19
학생105 ,-ObjRjRHL5EwHNwYTf2v,girl,2학년,절망감,0,자살 및 위기 문제,19
학생105 ,-ObjRjRHL5EwHNwYTf2v,girl,2학년,자살 시도,0,자살 및 위기 문제,19
학생105 ,-ObjRjRHL5EwHNwYTf2v,girl,2학년,빈번한 거짓말,0,외현화 문제,19
학생105 ,-ObjRjRHL5EwHNwYTf2v,girl,2학년,또래 갈등,0,외현화 문제,19
학생105 ,-ObjRjRHL5EwHNwYTf2v,girl,2학년,반항 행동,1,외현화 문제,19
학생105 ,-ObjRjRHL5EwHNwYTf2v,girl,2학년,괴롭힘 가해,0,외현화 문제,19
학생105 ,-ObjRjRHL5EwHNwYTf2v,girl,2학년,외상 침습증상,0,심리외상 문제,19
학생105 ,-ObjRjRHL5EwHNwYTf2v,girl,2학년,외상 관련 악몽,0,심리외상 문제,19
학생105 ,-ObjRjRHL5EwHNwYTf2v,girl,2학년,외상 후 고립,0,심리외상 문제,19
학생105 ,-ObjRjRHL5EwHNwYTf2v,girl,2학년,외상 후 과각성,1,심리외상 문제,19
학생105 ,-ObjRjRHL5EwHNwYTf2v,girl,2학년,외상 회피행동,1,심리외상 문제,19
학생105 ,-ObjRjRHL5EwHNwYTf2v,girl,2학년,흡연 문제,0,외현화 문제,19
학생105 ,-ObjRjRHL5EwHNwYTf2v,girl,2학년,음주 문제,0,외현화 문제,19
학생105 ,-ObjRjRHL5EwHNwYTf2v,girl,2학년,적응력 저하,1,학교생활적응 문제,19
학생105 ,-ObjRjRHL5EwHNwYTf2v,girl,2학년,분리 불안,0,학교생활적응 문제,19
학생105 ,-ObjRjRHL5EwHNwYTf2v,girl,2학년,학습 어려움,0,학교생활적응 문제,19
학생105 ,-ObjRjRHL5EwHNwYTf2v,girl,2학년,재산 관련 비행,0,외현화 문제,19
학생105 ,-ObjRjRHL5EwHNwYTf2v,girl,2학년,게임 과몰입,0,외현화 문제,19
학생105 ,-ObjRjRHL5EwHNwYTf2v,girl,2학년,관계 형성 곤란,0,학교생활적응 문제,19
학생105 ,-ObjRjRHL5EwHNwYTf2v,girl,2학년,등교 거부,0,학교생활적응 문제,19
학생105 ,-ObjRjRHL5EwHNwYTf2v,girl,2학년,괴롭힘 피해,0,심리외상 문제,19
학생105 ,-ObjRjRHL5EwHNwYTf2v,girl,2학년,따돌림 피해,0,심리외상 문제,19
학생106 ,-ObjRjvW5l6nefKT6evs,boy,1학년,사회적 긴장,1,불안 및 우울 문제,12
학생106 ,-ObjRjvW5l6nefKT6evs,boy,1학년,감정 기복,0,불안 및 우울 문제,12
학생106 ,-ObjRjvW5l6nefKT6evs,boy,1학년,과도한 죄책감,1,불안 및 우울 문제,12
학생106 ,-ObjRjvW5l6nefKT6evs,boy,1학년,과민성/짜증,0,불안 및 우울 문제,12
학생106 ,-ObjRjvW5l6nefKT6evs,boy,1학년,낮은 자존감,2,학교생활적응 문제,12
학생106 ,-ObjRjvW5l6nefKT6evs,boy,1학년,무기력/피로,1,불안 및 우울 문제,12
학생106 ,-ObjRjvW5l6nefKT6evs,boy,1학년,예기 불안,1,불안 및 우울 문제,12
학생106 ,-ObjRjvW5l6nefKT6evs,boy,1학년,과도한 불안,1,불안 및 우울 문제,12
학생106 ,-ObjRjvW5l6nefKT6evs,boy,1학년,우울 증상,0,불안 및 우울 문제,12
학생106 ,-ObjRjvW5l6nefKT6evs,boy,1학년,수면 문제,0,학교생활적응 문제,12
학생106 ,-ObjRjvW5l6nefKT6evs,boy,1학년,자살 사고,0,자살 및 위기 문제,12
학생106 ,-ObjRjvW5l6nefKT6evs,boy,1학년,자해 행동,0,자살 및 위기 문제,12
학생106 ,-ObjRjvW5l6nefKT6evs,boy,1학년,자살 계획,0,자살 및 위기 문제,12
학생106 ,-ObjRjvW5l6nefKT6evs,boy,1학년,심각한 자살사고,0,자살 및 위기 문제,12
학생106 ,-ObjRjvW5l6nefKT6evs,boy,1학년,절망감,0,자살 및 위기 문제,12
학생106 ,-ObjRjvW5l6nefKT6evs,boy,1학년,자살 시도,0,자살 및 위기 문제,12
학생106 ,-ObjRjvW5l6nefKT6evs,boy,1학년,빈번한 거짓말,0,외현화 문제,12
학생106 ,-ObjRjvW5l6nefKT6evs,boy,1학년,또래 갈등,0,외현화 문제,12
학생106 ,-ObjRjvW5l6nefKT6evs,boy,1학년,반항 행동,0,외현화 문제,12
학생106 ,-ObjRjvW5l6nefKT6evs,boy,1학년,괴롭힘 가해,0,외현화 문제,12
학생106 ,-ObjRjvW5l6nefKT6evs,boy,1학년,외상 침습증상,0,심리외상 문제,12
학생106 ,-ObjRjvW5l6nefKT6evs,boy,1학년,외상 관련 악몽,0,심리외상 문제,12
학생106 ,-ObjRjvW5l6nefKT6evs,boy,1학년,외상 후 고립,0,심리외상 문제,12
학생106 ,-ObjRjvW5l6nefKT6evs,boy,1학년,외상 후 과각성,0,심리외상 문제,12
학생106 ,-ObjRjvW5l6nefKT6evs,boy,1학년,외상 회피행동,0,심리외상 문제,12
학생106 ,-ObjRjvW5l6nefKT6evs,boy,1학년,흡연 문제,0,외현화 문제,12
학생106 ,-ObjRjvW5l6nefKT6evs,boy,1학년,음주 문제,0,외현화 문제,12
학생106 ,-ObjRjvW5l6nefKT6evs,boy,1학년,적응력 저하,2,학교생활적응 문제,12
학생106 ,-ObjRjvW5l6nefKT6evs,boy,1학년,분리 불안,0,학교생활적응 문제,12
학생106 ,-ObjRjvW5l6nefKT6evs,boy,1학년,학습 어려움,2,학교생활적응 문제,12
학생106 ,-ObjRjvW5l6nefKT6evs,boy,1학년,재산 관련 비행,0,외현화 문제,12
학생106 ,-ObjRjvW5l6nefKT6evs,boy,1학년,게임 과몰입,0,외현화 문제,12
학생106 ,-ObjRjvW5l6nefKT6evs,boy,1학년,관계 형성 곤란,1,학교생활적응 문제,12
학생106 ,-ObjRjvW5l6nefKT6evs,boy,1학년,등교 거부,0,학교생활적응 문제,12
학생106 ,-ObjRjvW5l6nefKT6evs,boy,1학년,괴롭힘 피해,0,심리외상 문제,12
학생106 ,-ObjRjvW5l6nefKT6evs,boy,1학년,따돌림 피해,0,심리외상 문제,12
학생107 ,-ObjRjyUc_eEy9774ZyK,girl,1학년,사회적 긴장,1,불안 및 우울 문제,15
학생107 ,-ObjRjyUc_eEy9774ZyK,girl,1학년,감정 기복,1,불안 및 우울 문제,15
학생107 ,-ObjRjyUc_eEy9774ZyK,girl,1학년,과도한 죄책감,0,불안 및 우울 문제,15
학생107 ,-ObjRjyUc_eEy9774ZyK,girl,1학년,과민성/짜증,1,불안 및 우울 문제,15
학생107 ,-ObjRjyUc_eEy9774ZyK,girl,1학년,낮은 자존감,1,학교생활적응 문제,15
학생107 ,-ObjRjyUc_eEy9774ZyK,girl,1학년,무기력/피로,1,불안 및 우울 문제,15
학생107 ,-ObjRjyUc_eEy9774ZyK,girl,1학년,예기 불안,1,불안 및 우울 문제,15
학생107 ,-ObjRjyUc_eEy9774ZyK,girl,1학년,과도한 불안,1,불안 및 우울 문제,15
학생107 ,-ObjRjyUc_eEy9774ZyK,girl,1학년,우울 증상,1,불안 및 우울 문제,15
학생107 ,-ObjRjyUc_eEy9774ZyK,girl,1학년,수면 문제,1,학교생활적응 문제,15
학생107 ,-ObjRjyUc_eEy9774ZyK,girl,1학년,자살 사고,2,자살 및 위기 문제,15
학생107 ,-ObjRjyUc_eEy9774ZyK,girl,1학년,자해 행동,0,자살 및 위기 문제,15
학생107 ,-ObjRjyUc_eEy9774ZyK,girl,1학년,자살 계획,0,자살 및 위기 문제,15
학생107 ,-ObjRjyUc_eEy9774ZyK,girl,1학년,심각한 자살사고,1,자살 및 위기 문제,15
학생107 ,-ObjRjyUc_eEy9774ZyK,girl,1학년,절망감,1,자살 및 위기 문제,15
학생107 ,-ObjRjyUc_eEy9774ZyK,girl,1학년,자살 시도,0,자살 및 위기 문제,15
학생107 ,-ObjRjyUc_eEy9774ZyK,girl,1학년,빈번한 거짓말,1,외현화 문제,15
학생107 ,-ObjRjyUc_eEy9774ZyK,girl,1학년,또래 갈등,0,외현화 문제,15
학생107 ,-ObjRjyUc_eEy9774ZyK,girl,1학년,반항 행동,0,외현화 문제,15
학생107 ,-ObjRjyUc_eEy9774ZyK,girl,1학년,괴롭힘 가해,0,외현화 문제,15
학생107 ,-ObjRjyUc_eEy9774ZyK,girl,1학년,외상 침습증상,0,심리외상 문제,15
학생107 ,-ObjRjyUc_eEy9774ZyK,girl,1학년,외상 관련 악몽,0,심리외상 문제,15
학생107 ,-ObjRjyUc_eEy9774ZyK,girl,1학년,외상 후 고립,0,심리외상 문제,15
학생107 ,-ObjRjyUc_eEy9774ZyK,girl,1학년,외상 후 과각성,0,심리외상 문제,15
학생107 ,-ObjRjyUc_eEy9774ZyK,girl,1학년,외상 회피행동,0,심리외상 문제,15
학생107 ,-ObjRjyUc_eEy9774ZyK,girl,1학년,흡연 문제,0,외현화 문제,15
학생107 ,-ObjRjyUc_eEy9774ZyK,girl,1학년,음주 문제,0,외현화 문제,15
학생107 ,-ObjRjyUc_eEy9774ZyK,girl,1학년,적응력 저하,0,학교생활적응 문제,15
학생107 ,-ObjRjyUc_eEy9774ZyK,girl,1학년,분리 불안,0,학교생활적응 문제,15
학생107 ,-ObjRjyUc_eEy9774ZyK,girl,1학년,학습 어려움,0,학교생활적응 문제,15
학생107 ,-ObjRjyUc_eEy9774ZyK,girl,1학년,재산 관련 비행,0,외현화 문제,15
학생107 ,-ObjRjyUc_eEy9774ZyK,girl,1학년,게임 과몰입,0,외현화 문제,15
학생107 ,-ObjRjyUc_eEy9774ZyK,girl,1학년,관계 형성 곤란,1,학교생활적응 문제,15
학생107 ,-ObjRjyUc_eEy9774ZyK,girl,1학년,등교 거부,0,학교생활적응 문제,15
학생107 ,-ObjRjyUc_eEy9774ZyK,girl,1학년,괴롭힘 피해,0,심리외상 문제,15
학생107 ,-ObjRjyUc_eEy9774ZyK,girl,1학년,따돌림 피해,0,심리외상 문제,15
학생108 ,-ObjRkGyVQ2ZbxCmuayp,girl,2학년,사회적 긴장,2,불안 및 우울 문제,11
학생108 ,-ObjRkGyVQ2ZbxCmuayp,girl,2학년,감정 기복,1,불안 및 우울 문제,11
학생108 ,-ObjRkGyVQ2ZbxCmuayp,girl,2학년,과도한 죄책감,0,불안 및 우울 문제,11
학생108 ,-ObjRkGyVQ2ZbxCmuayp,girl,2학년,과민성/짜증,1,불안 및 우울 문제,11
학생108 ,-ObjRkGyVQ2ZbxCmuayp,girl,2학년,낮은 자존감,1,학교생활적응 문제,11
학생108 ,-ObjRkGyVQ2ZbxCmuayp,girl,2학년,무기력/피로,0,불안 및 우울 문제,11
학생108 ,-ObjRkGyVQ2ZbxCmuayp,girl,2학년,예기 불안,3,불안 및 우울 문제,11
학생108 ,-ObjRkGyVQ2ZbxCmuayp,girl,2학년,과도한 불안,1,불안 및 우울 문제,11
학생108 ,-ObjRkGyVQ2ZbxCmuayp,girl,2학년,우울 증상,0,불안 및 우울 문제,11
학생108 ,-ObjRkGyVQ2ZbxCmuayp,girl,2학년,수면 문제,2,학교생활적응 문제,11
학생108 ,-ObjRkGyVQ2ZbxCmuayp,girl,2학년,자살 사고,0,자살 및 위기 문제,11
학생108 ,-ObjRkGyVQ2ZbxCmuayp,girl,2학년,자해 행동,0,자살 및 위기 문제,11
학생108 ,-ObjRkGyVQ2ZbxCmuayp,girl,2학년,자살 계획,0,자살 및 위기 문제,11
학생108 ,-ObjRkGyVQ2ZbxCmuayp,girl,2학년,심각한 자살사고,0,자살 및 위기 문제,11
학생108 ,-ObjRkGyVQ2ZbxCmuayp,girl,2학년,절망감,0,자살 및 위기 문제,11
학생108 ,-ObjRkGyVQ2ZbxCmuayp,girl,2학년,자살 시도,0,자살 및 위기 문제,11
학생108 ,-ObjRkGyVQ2ZbxCmuayp,girl,2학년,빈번한 거짓말,0,외현화 문제,11
학생108 ,-ObjRkGyVQ2ZbxCmuayp,girl,2학년,또래 갈등,0,외현화 문제,11
학생108 ,-ObjRkGyVQ2ZbxCmuayp,girl,2학년,반항 행동,0,외현화 문제,11
학생108 ,-ObjRkGyVQ2ZbxCmuayp,girl,2학년,괴롭힘 가해,0,외현화 문제,11
학생108 ,-ObjRkGyVQ2ZbxCmuayp,girl,2학년,외상 침습증상,0,심리외상 문제,11
학생108 ,-ObjRkGyVQ2ZbxCmuayp,girl,2학년,외상 관련 악몽,0,심리외상 문제,11
학생108 ,-ObjRkGyVQ2ZbxCmuayp,girl,2학년,외상 후 고립,0,심리외상 문제,11
학생108 ,-ObjRkGyVQ2ZbxCmuayp,girl,2학년,외상 후 과각성,0,심리외상 문제,11
학생108 ,-ObjRkGyVQ2ZbxCmuayp,girl,2학년,외상 회피행동,0,심리외상 문제,11
학생108 ,-ObjRkGyVQ2ZbxCmuayp,girl,2학년,흡연 문제,0,외현화 문제,11
학생108 ,-ObjRkGyVQ2ZbxCmuayp,girl,2학년,음주 문제,0,외현화 문제,11
학생108 ,-ObjRkGyVQ2ZbxCmuayp,girl,2학년,적응력 저하,0,학교생활적응 문제,11
학생108 ,-ObjRkGyVQ2ZbxCmuayp,girl,2학년,분리 불안,0,학교생활적응 문제,11
학생108 ,-ObjRkGyVQ2ZbxCmuayp,girl,2학년,학습 어려움,0,학교생활적응 문제,11
학생108 ,-ObjRkGyVQ2ZbxCmuayp,girl,2학년,재산 관련 비행,0,외현화 문제,11
학생108 ,-ObjRkGyVQ2ZbxCmuayp,girl,2학년,게임 과몰입,0,외현화 문제,11
학생108 ,-ObjRkGyVQ2ZbxCmuayp,girl,2학년,관계 형성 곤란,0,학교생활적응 문제,11
학생108 ,-ObjRkGyVQ2ZbxCmuayp,girl,2학년,등교 거부,0,학교생활적응 문제,11
학생108 ,-ObjRkGyVQ2ZbxCmuayp,girl,2학년,괴롭힘 피해,0,심리외상 문제,11
학생108 ,-ObjRkGyVQ2ZbxCmuayp,girl,2학년,따돌림 피해,0,심리외상 문제,11
학생109 ,-ObjRklv-ieRmE0yyAGN,boy,2학년,사회적 긴장,1,불안 및 우울 문제,8
학생109 ,-ObjRklv-ieRmE0yyAGN,boy,2학년,감정 기복,0,불안 및 우울 문제,8
학생109 ,-ObjRklv-ieRmE0yyAGN,boy,2학년,과도한 죄책감,0,불안 및 우울 문제,8
학생109 ,-ObjRklv-ieRmE0yyAGN,boy,2학년,과민성/짜증,1,불안 및 우울 문제,8
학생109 ,-ObjRklv-ieRmE0yyAGN,boy,2학년,낮은 자존감,0,학교생활적응 문제,8
학생109 ,-ObjRklv-ieRmE0yyAGN,boy,2학년,무기력/피로,1,불안 및 우울 문제,8
학생109 ,-ObjRklv-ieRmE0yyAGN,boy,2학년,예기 불안,0,불안 및 우울 문제,8
학생109 ,-ObjRklv-ieRmE0yyAGN,boy,2학년,과도한 불안,0,불안 및 우울 문제,8
학생109 ,-ObjRklv-ieRmE0yyAGN,boy,2학년,우울 증상,1,불안 및 우울 문제,8
학생109 ,-ObjRklv-ieRmE0yyAGN,boy,2학년,수면 문제,2,학교생활적응 문제,8
학생109 ,-ObjRklv-ieRmE0yyAGN,boy,2학년,자살 사고,0,자살 및 위기 문제,8
학생109 ,-ObjRklv-ieRmE0yyAGN,boy,2학년,자해 행동,0,자살 및 위기 문제,8
학생109 ,-ObjRklv-ieRmE0yyAGN,boy,2학년,자살 계획,0,자살 및 위기 문제,8
학생109 ,-ObjRklv-ieRmE0yyAGN,boy,2학년,심각한 자살사고,0,자살 및 위기 문제,8
학생109 ,-ObjRklv-ieRmE0yyAGN,boy,2학년,절망감,0,자살 및 위기 문제,8
학생109 ,-ObjRklv-ieRmE0yyAGN,boy,2학년,자살 시도,0,자살 및 위기 문제,8
학생109 ,-ObjRklv-ieRmE0yyAGN,boy,2학년,빈번한 거짓말,1,외현화 문제,8
학생109 ,-ObjRklv-ieRmE0yyAGN,boy,2학년,또래 갈등,0,외현화 문제,8
학생109 ,-ObjRklv-ieRmE0yyAGN,boy,2학년,반항 행동,0,외현화 문제,8
학생109 ,-ObjRklv-ieRmE0yyAGN,boy,2학년,괴롭힘 가해,0,외현화 문제,8
학생109 ,-ObjRklv-ieRmE0yyAGN,boy,2학년,외상 침습증상,0,심리외상 문제,8
학생109 ,-ObjRklv-ieRmE0yyAGN,boy,2학년,외상 관련 악몽,0,심리외상 문제,8
학생109 ,-ObjRklv-ieRmE0yyAGN,boy,2학년,외상 후 고립,0,심리외상 문제,8
학생109 ,-ObjRklv-ieRmE0yyAGN,boy,2학년,외상 후 과각성,0,심리외상 문제,8
학생109 ,-ObjRklv-ieRmE0yyAGN,boy,2학년,외상 회피행동,0,심리외상 문제,8
학생109 ,-ObjRklv-ieRmE0yyAGN,boy,2학년,흡연 문제,0,외현화 문제,8
학생109 ,-ObjRklv-ieRmE0yyAGN,boy,2학년,음주 문제,0,외현화 문제,8
학생109 ,-ObjRklv-ieRmE0yyAGN,boy,2학년,적응력 저하,0,학교생활적응 문제,8
학생109 ,-ObjRklv-ieRmE0yyAGN,boy,2학년,분리 불안,0,학교생활적응 문제,8
학생109 ,-ObjRklv-ieRmE0yyAGN,boy,2학년,학습 어려움,0,학교생활적응 문제,8
학생109 ,-ObjRklv-ieRmE0yyAGN,boy,2학년,재산 관련 비행,0,외현화 문제,8
학생109 ,-ObjRklv-ieRmE0yyAGN,boy,2학년,게임 과몰입,0,외현화 문제,8
학생109 ,-ObjRklv-ieRmE0yyAGN,boy,2학년,관계 형성 곤란,0,학교생활적응 문제,8
학생109 ,-ObjRklv-ieRmE0yyAGN,boy,2학년,등교 거부,1,학교생활적응 문제,8
학생109 ,-ObjRklv-ieRmE0yyAGN,boy,2학년,괴롭힘 피해,0,심리외상 문제,8
학생109 ,-ObjRklv-ieRmE0yyAGN,boy,2학년,따돌림 피해,0,심리외상 문제,8
학생11 ,-ObjRIPFJC3qP4l4vxZo,girl,1학년,사회적 긴장,0,불안 및 우울 문제,2
학생11 ,-ObjRIPFJC3qP4l4vxZo,girl,1학년,감정 기복,0,불안 및 우울 문제,2
학생11 ,-ObjRIPFJC3qP4l4vxZo,girl,1학년,과도한 죄책감,0,불안 및 우울 문제,2
학생11 ,-ObjRIPFJC3qP4l4vxZo,girl,1학년,과민성/짜증,0,불안 및 우울 문제,2
학생11 ,-ObjRIPFJC3qP4l4vxZo,girl,1학년,낮은 자존감,0,학교생활적응 문제,2
학생11 ,-ObjRIPFJC3qP4l4vxZo,girl,1학년,무기력/피로,0,불안 및 우울 문제,2
학생11 ,-ObjRIPFJC3qP4l4vxZo,girl,1학년,예기 불안,1,불안 및 우울 문제,2
학생11 ,-ObjRIPFJC3qP4l4vxZo,girl,1학년,과도한 불안,0,불안 및 우울 문제,2
학생11 ,-ObjRIPFJC3qP4l4vxZo,girl,1학년,우울 증상,0,불안 및 우울 문제,2
학생11 ,-ObjRIPFJC3qP4l4vxZo,girl,1학년,수면 문제,1,학교생활적응 문제,2
학생11 ,-ObjRIPFJC3qP4l4vxZo,girl,1학년,자살 사고,0,자살 및 위기 문제,2
학생11 ,-ObjRIPFJC3qP4l4vxZo,girl,1학년,자해 행동,0,자살 및 위기 문제,2
학생11 ,-ObjRIPFJC3qP4l4vxZo,girl,1학년,자살 계획,0,자살 및 위기 문제,2
학생11 ,-ObjRIPFJC3qP4l4vxZo,girl,1학년,심각한 자살사고,0,자살 및 위기 문제,2
학생11 ,-ObjRIPFJC3qP4l4vxZo,girl,1학년,절망감,0,자살 및 위기 문제,2
학생11 ,-ObjRIPFJC3qP4l4vxZo,girl,1학년,자살 시도,0,자살 및 위기 문제,2
학생11 ,-ObjRIPFJC3qP4l4vxZo,girl,1학년,빈번한 거짓말,0,외현화 문제,2
학생11 ,-ObjRIPFJC3qP4l4vxZo,girl,1학년,또래 갈등,0,외현화 문제,2
학생11 ,-ObjRIPFJC3qP4l4vxZo,girl,1학년,반항 행동,0,외현화 문제,2
학생11 ,-ObjRIPFJC3qP4l4vxZo,girl,1학년,괴롭힘 가해,0,외현화 문제,2
학생11 ,-ObjRIPFJC3qP4l4vxZo,girl,1학년,외상 침습증상,0,심리외상 문제,2
학생11 ,-ObjRIPFJC3qP4l4vxZo,girl,1학년,외상 관련 악몽,0,심리외상 문제,2
학생11 ,-ObjRIPFJC3qP4l4vxZo,girl,1학년,외상 후 고립,0,심리외상 문제,2
학생11 ,-ObjRIPFJC3qP4l4vxZo,girl,1학년,외상 후 과각성,0,심리외상 문제,2
학생11 ,-ObjRIPFJC3qP4l4vxZo,girl,1학년,외상 회피행동,0,심리외상 문제,2
학생11 ,-ObjRIPFJC3qP4l4vxZo,girl,1학년,흡연 문제,0,외현화 문제,2
학생11 ,-ObjRIPFJC3qP4l4vxZo,girl,1학년,음주 문제,0,외현화 문제,2
학생11 ,-ObjRIPFJC3qP4l4vxZo,girl,1학년,적응력 저하,0,학교생활적응 문제,2
학생11 ,-ObjRIPFJC3qP4l4vxZo,girl,1학년,분리 불안,0,학교생활적응 문제,2
학생11 ,-ObjRIPFJC3qP4l4vxZo,girl,1학년,학습 어려움,0,학교생활적응 문제,2
학생11 ,-ObjRIPFJC3qP4l4vxZo,girl,1학년,재산 관련 비행,0,외현화 문제,2
학생11 ,-ObjRIPFJC3qP4l4vxZo,girl,1학년,게임 과몰입,0,외현화 문제,2
학생11 ,-ObjRIPFJC3qP4l4vxZo,girl,1학년,관계 형성 곤란,0,학교생활적응 문제,2
학생11 ,-ObjRIPFJC3qP4l4vxZo,girl,1학년,등교 거부,0,학교생활적응 문제,2
학생11 ,-ObjRIPFJC3qP4l4vxZo,girl,1학년,괴롭힘 피해,0,심리외상 문제,2
학생11 ,-ObjRIPFJC3qP4l4vxZo,girl,1학년,따돌림 피해,0,심리외상 문제,2
학생110 ,-ObjRkqvdmlMviN5H8WC,boy,1학년,사회적 긴장,0,불안 및 우울 문제,10
학생110 ,-ObjRkqvdmlMviN5H8WC,boy,1학년,감정 기복,1,불안 및 우울 문제,10
학생110 ,-ObjRkqvdmlMviN5H8WC,boy,1학년,과도한 죄책감,0,불안 및 우울 문제,10
학생110 ,-ObjRkqvdmlMviN5H8WC,boy,1학년,과민성/짜증,1,불안 및 우울 문제,10
학생110 ,-ObjRkqvdmlMviN5H8WC,boy,1학년,낮은 자존감,1,학교생활적응 문제,10
학생110 ,-ObjRkqvdmlMviN5H8WC,boy,1학년,무기력/피로,0,불안 및 우울 문제,10
학생110 ,-ObjRkqvdmlMviN5H8WC,boy,1학년,예기 불안,1,불안 및 우울 문제,10
학생110 ,-ObjRkqvdmlMviN5H8WC,boy,1학년,과도한 불안,0,불안 및 우울 문제,10
학생110 ,-ObjRkqvdmlMviN5H8WC,boy,1학년,우울 증상,0,불안 및 우울 문제,10
학생110 ,-ObjRkqvdmlMviN5H8WC,boy,1학년,수면 문제,2,학교생활적응 문제,10
학생110 ,-ObjRkqvdmlMviN5H8WC,boy,1학년,자살 사고,0,자살 및 위기 문제,10
학생110 ,-ObjRkqvdmlMviN5H8WC,boy,1학년,자해 행동,0,자살 및 위기 문제,10
학생110 ,-ObjRkqvdmlMviN5H8WC,boy,1학년,자살 계획,0,자살 및 위기 문제,10
학생110 ,-ObjRkqvdmlMviN5H8WC,boy,1학년,심각한 자살사고,0,자살 및 위기 문제,10
학생110 ,-ObjRkqvdmlMviN5H8WC,boy,1학년,절망감,0,자살 및 위기 문제,10
학생110 ,-ObjRkqvdmlMviN5H8WC,boy,1학년,자살 시도,0,자살 및 위기 문제,10
학생110 ,-ObjRkqvdmlMviN5H8WC,boy,1학년,빈번한 거짓말,1,외현화 문제,10
학생110 ,-ObjRkqvdmlMviN5H8WC,boy,1학년,또래 갈등,0,외현화 문제,10
학생110 ,-ObjRkqvdmlMviN5H8WC,boy,1학년,반항 행동,0,외현화 문제,10
학생110 ,-ObjRkqvdmlMviN5H8WC,boy,1학년,괴롭힘 가해,0,외현화 문제,10
학생110 ,-ObjRkqvdmlMviN5H8WC,boy,1학년,외상 침습증상,0,심리외상 문제,10
학생110 ,-ObjRkqvdmlMviN5H8WC,boy,1학년,외상 관련 악몽,0,심리외상 문제,10
학생110 ,-ObjRkqvdmlMviN5H8WC,boy,1학년,외상 후 고립,0,심리외상 문제,10
학생110 ,-ObjRkqvdmlMviN5H8WC,boy,1학년,외상 후 과각성,0,심리외상 문제,10
학생110 ,-ObjRkqvdmlMviN5H8WC,boy,1학년,외상 회피행동,1,심리외상 문제,10
학생110 ,-ObjRkqvdmlMviN5H8WC,boy,1학년,흡연 문제,0,외현화 문제,10
학생110 ,-ObjRkqvdmlMviN5H8WC,boy,1학년,음주 문제,0,외현화 문제,10
학생110 ,-ObjRkqvdmlMviN5H8WC,boy,1학년,적응력 저하,0,학교생활적응 문제,10
학생110 ,-ObjRkqvdmlMviN5H8WC,boy,1학년,분리 불안,0,학교생활적응 문제,10
학생110 ,-ObjRkqvdmlMviN5H8WC,boy,1학년,학습 어려움,0,학교생활적응 문제,10
학생110 ,-ObjRkqvdmlMviN5H8WC,boy,1학년,재산 관련 비행,1,외현화 문제,10
학생110 ,-ObjRkqvdmlMviN5H8WC,boy,1학년,게임 과몰입,1,외현화 문제,10
학생110 ,-ObjRkqvdmlMviN5H8WC,boy,1학년,관계 형성 곤란,0,학교생활적응 문제,10
학생110 ,-ObjRkqvdmlMviN5H8WC,boy,1학년,등교 거부,0,학교생활적응 문제,10
학생110 ,-ObjRkqvdmlMviN5H8WC,boy,1학년,괴롭힘 피해,0,심리외상 문제,10
학생110 ,-ObjRkqvdmlMviN5H8WC,boy,1학년,따돌림 피해,0,심리외상 문제,10
학생111 ,-ObjRkrCIvEIe-U6k6OA,boy,2학년,사회적 긴장,0,불안 및 우울 문제,6
학생111 ,-ObjRkrCIvEIe-U6k6OA,boy,2학년,감정 기복,0,불안 및 우울 문제,6
학생111 ,-ObjRkrCIvEIe-U6k6OA,boy,2학년,과도한 죄책감,0,불안 및 우울 문제,6
학생111 ,-ObjRkrCIvEIe-U6k6OA,boy,2학년,과민성/짜증,0,불안 및 우울 문제,6
학생111 ,-ObjRkrCIvEIe-U6k6OA,boy,2학년,낮은 자존감,0,학교생활적응 문제,6
학생111 ,-ObjRkrCIvEIe-U6k6OA,boy,2학년,무기력/피로,0,불안 및 우울 문제,6
학생111 ,-ObjRkrCIvEIe-U6k6OA,boy,2학년,예기 불안,0,불안 및 우울 문제,6
학생111 ,-ObjRkrCIvEIe-U6k6OA,boy,2학년,과도한 불안,0,불안 및 우울 문제,6
학생111 ,-ObjRkrCIvEIe-U6k6OA,boy,2학년,우울 증상,0,불안 및 우울 문제,6
학생111 ,-ObjRkrCIvEIe-U6k6OA,boy,2학년,수면 문제,1,학교생활적응 문제,6
학생111 ,-ObjRkrCIvEIe-U6k6OA,boy,2학년,자살 사고,0,자살 및 위기 문제,6
학생111 ,-ObjRkrCIvEIe-U6k6OA,boy,2학년,자해 행동,0,자살 및 위기 문제,6
학생111 ,-ObjRkrCIvEIe-U6k6OA,boy,2학년,자살 계획,0,자살 및 위기 문제,6
학생111 ,-ObjRkrCIvEIe-U6k6OA,boy,2학년,심각한 자살사고,0,자살 및 위기 문제,6
학생111 ,-ObjRkrCIvEIe-U6k6OA,boy,2학년,절망감,0,자살 및 위기 문제,6
학생111 ,-ObjRkrCIvEIe-U6k6OA,boy,2학년,자살 시도,0,자살 및 위기 문제,6
학생111 ,-ObjRkrCIvEIe-U6k6OA,boy,2학년,빈번한 거짓말,1,외현화 문제,6
학생111 ,-ObjRkrCIvEIe-U6k6OA,boy,2학년,또래 갈등,0,외현화 문제,6
학생111 ,-ObjRkrCIvEIe-U6k6OA,boy,2학년,반항 행동,0,외현화 문제,6
학생111 ,-ObjRkrCIvEIe-U6k6OA,boy,2학년,괴롭힘 가해,0,외현화 문제,6
학생111 ,-ObjRkrCIvEIe-U6k6OA,boy,2학년,외상 침습증상,0,심리외상 문제,6
학생111 ,-ObjRkrCIvEIe-U6k6OA,boy,2학년,외상 관련 악몽,0,심리외상 문제,6
학생111 ,-ObjRkrCIvEIe-U6k6OA,boy,2학년,외상 후 고립,0,심리외상 문제,6
학생111 ,-ObjRkrCIvEIe-U6k6OA,boy,2학년,외상 후 과각성,0,심리외상 문제,6
학생111 ,-ObjRkrCIvEIe-U6k6OA,boy,2학년,외상 회피행동,0,심리외상 문제,6
학생111 ,-ObjRkrCIvEIe-U6k6OA,boy,2학년,흡연 문제,0,외현화 문제,6
학생111 ,-ObjRkrCIvEIe-U6k6OA,boy,2학년,음주 문제,0,외현화 문제,6
학생111 ,-ObjRkrCIvEIe-U6k6OA,boy,2학년,적응력 저하,0,학교생활적응 문제,6
학생111 ,-ObjRkrCIvEIe-U6k6OA,boy,2학년,분리 불안,0,학교생활적응 문제,6
학생111 ,-ObjRkrCIvEIe-U6k6OA,boy,2학년,학습 어려움,3,학교생활적응 문제,6
학생111 ,-ObjRkrCIvEIe-U6k6OA,boy,2학년,재산 관련 비행,0,외현화 문제,6
학생111 ,-ObjRkrCIvEIe-U6k6OA,boy,2학년,게임 과몰입,1,외현화 문제,6
학생111 ,-ObjRkrCIvEIe-U6k6OA,boy,2학년,관계 형성 곤란,0,학교생활적응 문제,6
학생111 ,-ObjRkrCIvEIe-U6k6OA,boy,2학년,등교 거부,0,학교생활적응 문제,6
학생111 ,-ObjRkrCIvEIe-U6k6OA,boy,2학년,괴롭힘 피해,0,심리외상 문제,6
학생111 ,-ObjRkrCIvEIe-U6k6OA,boy,2학년,따돌림 피해,0,심리외상 문제,6
학생112 ,-ObjRl-L_tC4PDF-j05B,girl,1학년,사회적 긴장,0,불안 및 우울 문제,2
학생112 ,-ObjRl-L_tC4PDF-j05B,girl,1학년,감정 기복,0,불안 및 우울 문제,2
학생112 ,-ObjRl-L_tC4PDF-j05B,girl,1학년,과도한 죄책감,0,불안 및 우울 문제,2
학생112 ,-ObjRl-L_tC4PDF-j05B,girl,1학년,과민성/짜증,0,불안 및 우울 문제,2
학생112 ,-ObjRl-L_tC4PDF-j05B,girl,1학년,낮은 자존감,0,학교생활적응 문제,2
학생112 ,-ObjRl-L_tC4PDF-j05B,girl,1학년,무기력/피로,1,불안 및 우울 문제,2
학생112 ,-ObjRl-L_tC4PDF-j05B,girl,1학년,예기 불안,0,불안 및 우울 문제,2
학생112 ,-ObjRl-L_tC4PDF-j05B,girl,1학년,과도한 불안,0,불안 및 우울 문제,2
학생112 ,-ObjRl-L_tC4PDF-j05B,girl,1학년,우울 증상,0,불안 및 우울 문제,2
학생112 ,-ObjRl-L_tC4PDF-j05B,girl,1학년,수면 문제,0,학교생활적응 문제,2
학생112 ,-ObjRl-L_tC4PDF-j05B,girl,1학년,자살 사고,0,자살 및 위기 문제,2
학생112 ,-ObjRl-L_tC4PDF-j05B,girl,1학년,자해 행동,0,자살 및 위기 문제,2
학생112 ,-ObjRl-L_tC4PDF-j05B,girl,1학년,자살 계획,0,자살 및 위기 문제,2
학생112 ,-ObjRl-L_tC4PDF-j05B,girl,1학년,심각한 자살사고,0,자살 및 위기 문제,2
학생112 ,-ObjRl-L_tC4PDF-j05B,girl,1학년,절망감,0,자살 및 위기 문제,2
학생112 ,-ObjRl-L_tC4PDF-j05B,girl,1학년,자살 시도,0,자살 및 위기 문제,2
학생112 ,-ObjRl-L_tC4PDF-j05B,girl,1학년,빈번한 거짓말,0,외현화 문제,2
학생112 ,-ObjRl-L_tC4PDF-j05B,girl,1학년,또래 갈등,0,외현화 문제,2
학생112 ,-ObjRl-L_tC4PDF-j05B,girl,1학년,반항 행동,0,외현화 문제,2
학생112 ,-ObjRl-L_tC4PDF-j05B,girl,1학년,괴롭힘 가해,0,외현화 문제,2
학생112 ,-ObjRl-L_tC4PDF-j05B,girl,1학년,외상 침습증상,0,심리외상 문제,2
학생112 ,-ObjRl-L_tC4PDF-j05B,girl,1학년,외상 관련 악몽,0,심리외상 문제,2
학생112 ,-ObjRl-L_tC4PDF-j05B,girl,1학년,외상 후 고립,0,심리외상 문제,2
학생112 ,-ObjRl-L_tC4PDF-j05B,girl,1학년,외상 후 과각성,0,심리외상 문제,2
학생112 ,-ObjRl-L_tC4PDF-j05B,girl,1학년,외상 회피행동,0,심리외상 문제,2
학생112 ,-ObjRl-L_tC4PDF-j05B,girl,1학년,흡연 문제,0,외현화 문제,2
학생112 ,-ObjRl-L_tC4PDF-j05B,girl,1학년,음주 문제,0,외현화 문제,2
학생112 ,-ObjRl-L_tC4PDF-j05B,girl,1학년,적응력 저하,0,학교생활적응 문제,2
학생112 ,-ObjRl-L_tC4PDF-j05B,girl,1학년,분리 불안,0,학교생활적응 문제,2
학생112 ,-ObjRl-L_tC4PDF-j05B,girl,1학년,학습 어려움,0,학교생활적응 문제,2
학생112 ,-ObjRl-L_tC4PDF-j05B,girl,1학년,재산 관련 비행,0,외현화 문제,2
학생112 ,-ObjRl-L_tC4PDF-j05B,girl,1학년,게임 과몰입,0,외현화 문제,2
학생112 ,-ObjRl-L_tC4PDF-j05B,girl,1학년,관계 형성 곤란,0,학교생활적응 문제,2
학생112 ,-ObjRl-L_tC4PDF-j05B,girl,1학년,등교 거부,1,학교생활적응 문제,2
학생112 ,-ObjRl-L_tC4PDF-j05B,girl,1학년,괴롭힘 피해,0,심리외상 문제,2
학생112 ,-ObjRl-L_tC4PDF-j05B,girl,1학년,따돌림 피해,0,심리외상 문제,2
학생113 ,-ObjRlF1TQv0du-4yMOu,girl,1학년,사회적 긴장,0,불안 및 우울 문제,12
학생113 ,-ObjRlF1TQv0du-4yMOu,girl,1학년,감정 기복,0,불안 및 우울 문제,12
학생113 ,-ObjRlF1TQv0du-4yMOu,girl,1학년,과도한 죄책감,0,불안 및 우울 문제,12
학생113 ,-ObjRlF1TQv0du-4yMOu,girl,1학년,과민성/짜증,2,불안 및 우울 문제,12
학생113 ,-ObjRlF1TQv0du-4yMOu,girl,1학년,낮은 자존감,2,학교생활적응 문제,12
학생113 ,-ObjRlF1TQv0du-4yMOu,girl,1학년,무기력/피로,1,불안 및 우울 문제,12
학생113 ,-ObjRlF1TQv0du-4yMOu,girl,1학년,예기 불안,2,불안 및 우울 문제,12
학생113 ,-ObjRlF1TQv0du-4yMOu,girl,1학년,과도한 불안,1,불안 및 우울 문제,12
학생113 ,-ObjRlF1TQv0du-4yMOu,girl,1학년,우울 증상,1,불안 및 우울 문제,12
학생113 ,-ObjRlF1TQv0du-4yMOu,girl,1학년,수면 문제,2,학교생활적응 문제,12
학생113 ,-ObjRlF1TQv0du-4yMOu,girl,1학년,자살 사고,0,자살 및 위기 문제,12
학생113 ,-ObjRlF1TQv0du-4yMOu,girl,1학년,자해 행동,0,자살 및 위기 문제,12
학생113 ,-ObjRlF1TQv0du-4yMOu,girl,1학년,자살 계획,0,자살 및 위기 문제,12
학생113 ,-ObjRlF1TQv0du-4yMOu,girl,1학년,심각한 자살사고,0,자살 및 위기 문제,12
학생113 ,-ObjRlF1TQv0du-4yMOu,girl,1학년,절망감,0,자살 및 위기 문제,12
학생113 ,-ObjRlF1TQv0du-4yMOu,girl,1학년,자살 시도,0,자살 및 위기 문제,12
학생113 ,-ObjRlF1TQv0du-4yMOu,girl,1학년,빈번한 거짓말,0,외현화 문제,12
학생113 ,-ObjRlF1TQv0du-4yMOu,girl,1학년,또래 갈등,0,외현화 문제,12
학생113 ,-ObjRlF1TQv0du-4yMOu,girl,1학년,반항 행동,0,외현화 문제,12
학생113 ,-ObjRlF1TQv0du-4yMOu,girl,1학년,괴롭힘 가해,0,외현화 문제,12
학생113 ,-ObjRlF1TQv0du-4yMOu,girl,1학년,외상 침습증상,0,심리외상 문제,12
학생113 ,-ObjRlF1TQv0du-4yMOu,girl,1학년,외상 관련 악몽,0,심리외상 문제,12
학생113 ,-ObjRlF1TQv0du-4yMOu,girl,1학년,외상 후 고립,0,심리외상 문제,12
학생113 ,-ObjRlF1TQv0du-4yMOu,girl,1학년,외상 후 과각성,0,심리외상 문제,12
학생113 ,-ObjRlF1TQv0du-4yMOu,girl,1학년,외상 회피행동,0,심리외상 문제,12
학생113 ,-ObjRlF1TQv0du-4yMOu,girl,1학년,흡연 문제,0,외현화 문제,12
학생113 ,-ObjRlF1TQv0du-4yMOu,girl,1학년,음주 문제,0,외현화 문제,12
학생113 ,-ObjRlF1TQv0du-4yMOu,girl,1학년,적응력 저하,0,학교생활적응 문제,12
학생113 ,-ObjRlF1TQv0du-4yMOu,girl,1학년,분리 불안,0,학교생활적응 문제,12
학생113 ,-ObjRlF1TQv0du-4yMOu,girl,1학년,학습 어려움,0,학교생활적응 문제,12
학생113 ,-ObjRlF1TQv0du-4yMOu,girl,1학년,재산 관련 비행,0,외현화 문제,12
학생113 ,-ObjRlF1TQv0du-4yMOu,girl,1학년,게임 과몰입,0,외현화 문제,12
학생113 ,-ObjRlF1TQv0du-4yMOu,girl,1학년,관계 형성 곤란,0,학교생활적응 문제,12
학생113 ,-ObjRlF1TQv0du-4yMOu,girl,1학년,등교 거부,1,학교생활적응 문제,12
학생113 ,-ObjRlF1TQv0du-4yMOu,girl,1학년,괴롭힘 피해,0,심리외상 문제,12
학생113 ,-ObjRlF1TQv0du-4yMOu,girl,1학년,따돌림 피해,0,심리외상 문제,12
학생114 ,-ObjRlPQlQgH2uXXb4LG,girl,1학년,사회적 긴장,2,불안 및 우울 문제,6
학생114 ,-ObjRlPQlQgH2uXXb4LG,girl,1학년,감정 기복,0,불안 및 우울 문제,6
학생114 ,-ObjRlPQlQgH2uXXb4LG,girl,1학년,과도한 죄책감,0,불안 및 우울 문제,6
학생114 ,-ObjRlPQlQgH2uXXb4LG,girl,1학년,과민성/짜증,0,불안 및 우울 문제,6
학생114 ,-ObjRlPQlQgH2uXXb4LG,girl,1학년,낮은 자존감,1,학교생활적응 문제,6
학생114 ,-ObjRlPQlQgH2uXXb4LG,girl,1학년,무기력/피로,0,불안 및 우울 문제,6
학생114 ,-ObjRlPQlQgH2uXXb4LG,girl,1학년,예기 불안,2,불안 및 우울 문제,6
학생114 ,-ObjRlPQlQgH2uXXb4LG,girl,1학년,과도한 불안,0,불안 및 우울 문제,6
학생114 ,-ObjRlPQlQgH2uXXb4LG,girl,1학년,우울 증상,0,불안 및 우울 문제,6
학생114 ,-ObjRlPQlQgH2uXXb4LG,girl,1학년,수면 문제,1,학교생활적응 문제,6
학생114 ,-ObjRlPQlQgH2uXXb4LG,girl,1학년,자살 사고,0,자살 및 위기 문제,6
학생114 ,-ObjRlPQlQgH2uXXb4LG,girl,1학년,자해 행동,0,자살 및 위기 문제,6
학생114 ,-ObjRlPQlQgH2uXXb4LG,girl,1학년,자살 계획,0,자살 및 위기 문제,6
학생114 ,-ObjRlPQlQgH2uXXb4LG,girl,1학년,심각한 자살사고,0,자살 및 위기 문제,6
학생114 ,-ObjRlPQlQgH2uXXb4LG,girl,1학년,절망감,0,자살 및 위기 문제,6
학생114 ,-ObjRlPQlQgH2uXXb4LG,girl,1학년,자살 시도,0,자살 및 위기 문제,6
학생114 ,-ObjRlPQlQgH2uXXb4LG,girl,1학년,빈번한 거짓말,0,외현화 문제,6
학생114 ,-ObjRlPQlQgH2uXXb4LG,girl,1학년,또래 갈등,0,외현화 문제,6
학생114 ,-ObjRlPQlQgH2uXXb4LG,girl,1학년,반항 행동,0,외현화 문제,6
학생114 ,-ObjRlPQlQgH2uXXb4LG,girl,1학년,괴롭힘 가해,0,외현화 문제,6
학생114 ,-ObjRlPQlQgH2uXXb4LG,girl,1학년,외상 침습증상,0,심리외상 문제,6
학생114 ,-ObjRlPQlQgH2uXXb4LG,girl,1학년,외상 관련 악몽,0,심리외상 문제,6
학생114 ,-ObjRlPQlQgH2uXXb4LG,girl,1학년,외상 후 고립,0,심리외상 문제,6
학생114 ,-ObjRlPQlQgH2uXXb4LG,girl,1학년,외상 후 과각성,0,심리외상 문제,6
학생114 ,-ObjRlPQlQgH2uXXb4LG,girl,1학년,외상 회피행동,0,심리외상 문제,6
학생114 ,-ObjRlPQlQgH2uXXb4LG,girl,1학년,흡연 문제,0,외현화 문제,6
학생114 ,-ObjRlPQlQgH2uXXb4LG,girl,1학년,음주 문제,0,외현화 문제,6
학생114 ,-ObjRlPQlQgH2uXXb4LG,girl,1학년,적응력 저하,0,학교생활적응 문제,6
학생114 ,-ObjRlPQlQgH2uXXb4LG,girl,1학년,분리 불안,0,학교생활적응 문제,6
학생114 ,-ObjRlPQlQgH2uXXb4LG,girl,1학년,학습 어려움,0,학교생활적응 문제,6
학생114 ,-ObjRlPQlQgH2uXXb4LG,girl,1학년,재산 관련 비행,0,외현화 문제,6
학생114 ,-ObjRlPQlQgH2uXXb4LG,girl,1학년,게임 과몰입,0,외현화 문제,6
학생114 ,-ObjRlPQlQgH2uXXb4LG,girl,1학년,관계 형성 곤란,0,학교생활적응 문제,6
학생114 ,-ObjRlPQlQgH2uXXb4LG,girl,1학년,등교 거부,0,학교생활적응 문제,6
학생114 ,-ObjRlPQlQgH2uXXb4LG,girl,1학년,괴롭힘 피해,0,심리외상 문제,6
학생114 ,-ObjRlPQlQgH2uXXb4LG,girl,1학년,따돌림 피해,0,심리외상 문제,6
학생115 ,-ObjRlQ1eq-APXnA9onf,girl,2학년,사회적 긴장,0,불안 및 우울 문제,4
학생115 ,-ObjRlQ1eq-APXnA9onf,girl,2학년,감정 기복,1,불안 및 우울 문제,4
학생115 ,-ObjRlQ1eq-APXnA9onf,girl,2학년,과도한 죄책감,0,불안 및 우울 문제,4
학생115 ,-ObjRlQ1eq-APXnA9onf,girl,2학년,과민성/짜증,0,불안 및 우울 문제,4
학생115 ,-ObjRlQ1eq-APXnA9onf,girl,2학년,낮은 자존감,0,학교생활적응 문제,4
학생115 ,-ObjRlQ1eq-APXnA9onf,girl,2학년,무기력/피로,1,불안 및 우울 문제,4
학생115 ,-ObjRlQ1eq-APXnA9onf,girl,2학년,예기 불안,0,불안 및 우울 문제,4
학생115 ,-ObjRlQ1eq-APXnA9onf,girl,2학년,과도한 불안,0,불안 및 우울 문제,4
학생115 ,-ObjRlQ1eq-APXnA9onf,girl,2학년,우울 증상,0,불안 및 우울 문제,4
학생115 ,-ObjRlQ1eq-APXnA9onf,girl,2학년,수면 문제,0,학교생활적응 문제,4
학생115 ,-ObjRlQ1eq-APXnA9onf,girl,2학년,자살 사고,0,자살 및 위기 문제,4
학생115 ,-ObjRlQ1eq-APXnA9onf,girl,2학년,자해 행동,0,자살 및 위기 문제,4
학생115 ,-ObjRlQ1eq-APXnA9onf,girl,2학년,자살 계획,0,자살 및 위기 문제,4
학생115 ,-ObjRlQ1eq-APXnA9onf,girl,2학년,심각한 자살사고,0,자살 및 위기 문제,4
학생115 ,-ObjRlQ1eq-APXnA9onf,girl,2학년,절망감,0,자살 및 위기 문제,4
학생115 ,-ObjRlQ1eq-APXnA9onf,girl,2학년,자살 시도,0,자살 및 위기 문제,4
학생115 ,-ObjRlQ1eq-APXnA9onf,girl,2학년,빈번한 거짓말,1,외현화 문제,4
학생115 ,-ObjRlQ1eq-APXnA9onf,girl,2학년,또래 갈등,0,외현화 문제,4
학생115 ,-ObjRlQ1eq-APXnA9onf,girl,2학년,반항 행동,0,외현화 문제,4
학생115 ,-ObjRlQ1eq-APXnA9onf,girl,2학년,괴롭힘 가해,0,외현화 문제,4
학생115 ,-ObjRlQ1eq-APXnA9onf,girl,2학년,외상 침습증상,0,심리외상 문제,4
학생115 ,-ObjRlQ1eq-APXnA9onf,girl,2학년,외상 관련 악몽,0,심리외상 문제,4
학생115 ,-ObjRlQ1eq-APXnA9onf,girl,2학년,외상 후 고립,0,심리외상 문제,4
학생115 ,-ObjRlQ1eq-APXnA9onf,girl,2학년,외상 후 과각성,0,심리외상 문제,4
학생115 ,-ObjRlQ1eq-APXnA9onf,girl,2학년,외상 회피행동,0,심리외상 문제,4
학생115 ,-ObjRlQ1eq-APXnA9onf,girl,2학년,흡연 문제,0,외현화 문제,4
학생115 ,-ObjRlQ1eq-APXnA9onf,girl,2학년,음주 문제,0,외현화 문제,4
학생115 ,-ObjRlQ1eq-APXnA9onf,girl,2학년,적응력 저하,0,학교생활적응 문제,4
학생115 ,-ObjRlQ1eq-APXnA9onf,girl,2학년,분리 불안,0,학교생활적응 문제,4
학생115 ,-ObjRlQ1eq-APXnA9onf,girl,2학년,학습 어려움,1,학교생활적응 문제,4
학생115 ,-ObjRlQ1eq-APXnA9onf,girl,2학년,재산 관련 비행,0,외현화 문제,4
학생115 ,-ObjRlQ1eq-APXnA9onf,girl,2학년,게임 과몰입,0,외현화 문제,4
학생115 ,-ObjRlQ1eq-APXnA9onf,girl,2학년,관계 형성 곤란,0,학교생활적응 문제,4
학생115 ,-ObjRlQ1eq-APXnA9onf,girl,2학년,등교 거부,0,학교생활적응 문제,4
학생115 ,-ObjRlQ1eq-APXnA9onf,girl,2학년,괴롭힘 피해,0,심리외상 문제,4
학생115 ,-ObjRlQ1eq-APXnA9onf,girl,2학년,따돌림 피해,0,심리외상 문제,4
학생116 ,-ObjRlzz4Cbh8Ux0rPRG,girl,3학년,사회적 긴장,1,불안 및 우울 문제,6
학생116 ,-ObjRlzz4Cbh8Ux0rPRG,girl,3학년,감정 기복,1,불안 및 우울 문제,6
학생116 ,-ObjRlzz4Cbh8Ux0rPRG,girl,3학년,과도한 죄책감,0,불안 및 우울 문제,6
학생116 ,-ObjRlzz4Cbh8Ux0rPRG,girl,3학년,과민성/짜증,0,불안 및 우울 문제,6
학생116 ,-ObjRlzz4Cbh8Ux0rPRG,girl,3학년,낮은 자존감,1,학교생활적응 문제,6
학생116 ,-ObjRlzz4Cbh8Ux0rPRG,girl,3학년,무기력/피로,0,불안 및 우울 문제,6
학생116 ,-ObjRlzz4Cbh8Ux0rPRG,girl,3학년,예기 불안,1,불안 및 우울 문제,6
학생116 ,-ObjRlzz4Cbh8Ux0rPRG,girl,3학년,과도한 불안,0,불안 및 우울 문제,6
학생116 ,-ObjRlzz4Cbh8Ux0rPRG,girl,3학년,우울 증상,0,불안 및 우울 문제,6
학생116 ,-ObjRlzz4Cbh8Ux0rPRG,girl,3학년,수면 문제,2,학교생활적응 문제,6
학생116 ,-ObjRlzz4Cbh8Ux0rPRG,girl,3학년,자살 사고,0,자살 및 위기 문제,6
학생116 ,-ObjRlzz4Cbh8Ux0rPRG,girl,3학년,자해 행동,0,자살 및 위기 문제,6
학생116 ,-ObjRlzz4Cbh8Ux0rPRG,girl,3학년,자살 계획,0,자살 및 위기 문제,6
학생116 ,-ObjRlzz4Cbh8Ux0rPRG,girl,3학년,심각한 자살사고,0,자살 및 위기 문제,6
학생116 ,-ObjRlzz4Cbh8Ux0rPRG,girl,3학년,절망감,0,자살 및 위기 문제,6
학생116 ,-ObjRlzz4Cbh8Ux0rPRG,girl,3학년,자살 시도,0,자살 및 위기 문제,6
학생116 ,-ObjRlzz4Cbh8Ux0rPRG,girl,3학년,빈번한 거짓말,0,외현화 문제,6
학생116 ,-ObjRlzz4Cbh8Ux0rPRG,girl,3학년,또래 갈등,0,외현화 문제,6
학생116 ,-ObjRlzz4Cbh8Ux0rPRG,girl,3학년,반항 행동,0,외현화 문제,6
학생116 ,-ObjRlzz4Cbh8Ux0rPRG,girl,3학년,괴롭힘 가해,0,외현화 문제,6
학생116 ,-ObjRlzz4Cbh8Ux0rPRG,girl,3학년,외상 침습증상,0,심리외상 문제,6
학생116 ,-ObjRlzz4Cbh8Ux0rPRG,girl,3학년,외상 관련 악몽,0,심리외상 문제,6
학생116 ,-ObjRlzz4Cbh8Ux0rPRG,girl,3학년,외상 후 고립,0,심리외상 문제,6
학생116 ,-ObjRlzz4Cbh8Ux0rPRG,girl,3학년,외상 후 과각성,0,심리외상 문제,6
학생116 ,-ObjRlzz4Cbh8Ux0rPRG,girl,3학년,외상 회피행동,0,심리외상 문제,6
학생116 ,-ObjRlzz4Cbh8Ux0rPRG,girl,3학년,흡연 문제,0,외현화 문제,6
학생116 ,-ObjRlzz4Cbh8Ux0rPRG,girl,3학년,음주 문제,0,외현화 문제,6
학생116 ,-ObjRlzz4Cbh8Ux0rPRG,girl,3학년,적응력 저하,0,학교생활적응 문제,6
학생116 ,-ObjRlzz4Cbh8Ux0rPRG,girl,3학년,분리 불안,0,학교생활적응 문제,6
학생116 ,-ObjRlzz4Cbh8Ux0rPRG,girl,3학년,학습 어려움,0,학교생활적응 문제,6
학생116 ,-ObjRlzz4Cbh8Ux0rPRG,girl,3학년,재산 관련 비행,0,외현화 문제,6
학생116 ,-ObjRlzz4Cbh8Ux0rPRG,girl,3학년,게임 과몰입,0,외현화 문제,6
학생116 ,-ObjRlzz4Cbh8Ux0rPRG,girl,3학년,관계 형성 곤란,0,학교생활적응 문제,6
학생116 ,-ObjRlzz4Cbh8Ux0rPRG,girl,3학년,등교 거부,0,학교생활적응 문제,6
학생116 ,-ObjRlzz4Cbh8Ux0rPRG,girl,3학년,괴롭힘 피해,0,심리외상 문제,6
학생116 ,-ObjRlzz4Cbh8Ux0rPRG,girl,3학년,따돌림 피해,0,심리외상 문제,6
학생117 ,-ObjRm-siykZK1E7yWSe,girl,1학년,사회적 긴장,1,불안 및 우울 문제,13
학생117 ,-ObjRm-siykZK1E7yWSe,girl,1학년,감정 기복,1,불안 및 우울 문제,13
학생117 ,-ObjRm-siykZK1E7yWSe,girl,1학년,과도한 죄책감,1,불안 및 우울 문제,13
학생117 ,-ObjRm-siykZK1E7yWSe,girl,1학년,과민성/짜증,1,불안 및 우울 문제,13
학생117 ,-ObjRm-siykZK1E7yWSe,girl,1학년,낮은 자존감,2,학교생활적응 문제,13
학생117 ,-ObjRm-siykZK1E7yWSe,girl,1학년,무기력/피로,1,불안 및 우울 문제,13
학생117 ,-ObjRm-siykZK1E7yWSe,girl,1학년,예기 불안,1,불안 및 우울 문제,13
학생117 ,-ObjRm-siykZK1E7yWSe,girl,1학년,과도한 불안,1,불안 및 우울 문제,13
학생117 ,-ObjRm-siykZK1E7yWSe,girl,1학년,우울 증상,1,불안 및 우울 문제,13
학생117 ,-ObjRm-siykZK1E7yWSe,girl,1학년,수면 문제,2,학교생활적응 문제,13
학생117 ,-ObjRm-siykZK1E7yWSe,girl,1학년,자살 사고,0,자살 및 위기 문제,13
학생117 ,-ObjRm-siykZK1E7yWSe,girl,1학년,자해 행동,0,자살 및 위기 문제,13
학생117 ,-ObjRm-siykZK1E7yWSe,girl,1학년,자살 계획,0,자살 및 위기 문제,13
학생117 ,-ObjRm-siykZK1E7yWSe,girl,1학년,심각한 자살사고,0,자살 및 위기 문제,13
학생117 ,-ObjRm-siykZK1E7yWSe,girl,1학년,절망감,0,자살 및 위기 문제,13
학생117 ,-ObjRm-siykZK1E7yWSe,girl,1학년,자살 시도,0,자살 및 위기 문제,13
학생117 ,-ObjRm-siykZK1E7yWSe,girl,1학년,빈번한 거짓말,0,외현화 문제,13
학생117 ,-ObjRm-siykZK1E7yWSe,girl,1학년,또래 갈등,0,외현화 문제,13
학생117 ,-ObjRm-siykZK1E7yWSe,girl,1학년,반항 행동,0,외현화 문제,13
학생117 ,-ObjRm-siykZK1E7yWSe,girl,1학년,괴롭힘 가해,0,외현화 문제,13
학생117 ,-ObjRm-siykZK1E7yWSe,girl,1학년,외상 침습증상,0,심리외상 문제,13
학생117 ,-ObjRm-siykZK1E7yWSe,girl,1학년,외상 관련 악몽,0,심리외상 문제,13
학생117 ,-ObjRm-siykZK1E7yWSe,girl,1학년,외상 후 고립,0,심리외상 문제,13
학생117 ,-ObjRm-siykZK1E7yWSe,girl,1학년,외상 후 과각성,0,심리외상 문제,13
학생117 ,-ObjRm-siykZK1E7yWSe,girl,1학년,외상 회피행동,0,심리외상 문제,13
학생117 ,-ObjRm-siykZK1E7yWSe,girl,1학년,흡연 문제,0,외현화 문제,13
학생117 ,-ObjRm-siykZK1E7yWSe,girl,1학년,음주 문제,0,외현화 문제,13
학생117 ,-ObjRm-siykZK1E7yWSe,girl,1학년,적응력 저하,1,학교생활적응 문제,13
학생117 ,-ObjRm-siykZK1E7yWSe,girl,1학년,분리 불안,0,학교생활적응 문제,13
학생117 ,-ObjRm-siykZK1E7yWSe,girl,1학년,학습 어려움,0,학교생활적응 문제,13
학생117 ,-ObjRm-siykZK1E7yWSe,girl,1학년,재산 관련 비행,0,외현화 문제,13
학생117 ,-ObjRm-siykZK1E7yWSe,girl,1학년,게임 과몰입,0,외현화 문제,13
학생117 ,-ObjRm-siykZK1E7yWSe,girl,1학년,관계 형성 곤란,0,학교생활적응 문제,13
학생117 ,-ObjRm-siykZK1E7yWSe,girl,1학년,등교 거부,0,학교생활적응 문제,13
학생117 ,-ObjRm-siykZK1E7yWSe,girl,1학년,괴롭힘 피해,0,심리외상 문제,13
학생117 ,-ObjRm-siykZK1E7yWSe,girl,1학년,따돌림 피해,0,심리외상 문제,13
학생118 ,-ObjRm_Ysi6LZ5pyQ6Ka,girl,2학년,사회적 긴장,0,불안 및 우울 문제,1
학생118 ,-ObjRm_Ysi6LZ5pyQ6Ka,girl,2학년,감정 기복,1,불안 및 우울 문제,1
학생118 ,-ObjRm_Ysi6LZ5pyQ6Ka,girl,2학년,과도한 죄책감,0,불안 및 우울 문제,1
학생118 ,-ObjRm_Ysi6LZ5pyQ6Ka,girl,2학년,과민성/짜증,0,불안 및 우울 문제,1
학생118 ,-ObjRm_Ysi6LZ5pyQ6Ka,girl,2학년,낮은 자존감,0,학교생활적응 문제,1
학생118 ,-ObjRm_Ysi6LZ5pyQ6Ka,girl,2학년,무기력/피로,0,불안 및 우울 문제,1
학생118 ,-ObjRm_Ysi6LZ5pyQ6Ka,girl,2학년,예기 불안,0,불안 및 우울 문제,1
학생118 ,-ObjRm_Ysi6LZ5pyQ6Ka,girl,2학년,과도한 불안,0,불안 및 우울 문제,1
학생118 ,-ObjRm_Ysi6LZ5pyQ6Ka,girl,2학년,우울 증상,0,불안 및 우울 문제,1
학생118 ,-ObjRm_Ysi6LZ5pyQ6Ka,girl,2학년,수면 문제,0,학교생활적응 문제,1
학생118 ,-ObjRm_Ysi6LZ5pyQ6Ka,girl,2학년,자살 사고,0,자살 및 위기 문제,1
학생118 ,-ObjRm_Ysi6LZ5pyQ6Ka,girl,2학년,자해 행동,0,자살 및 위기 문제,1
학생118 ,-ObjRm_Ysi6LZ5pyQ6Ka,girl,2학년,자살 계획,0,자살 및 위기 문제,1
학생118 ,-ObjRm_Ysi6LZ5pyQ6Ka,girl,2학년,심각한 자살사고,0,자살 및 위기 문제,1
학생118 ,-ObjRm_Ysi6LZ5pyQ6Ka,girl,2학년,절망감,0,자살 및 위기 문제,1
학생118 ,-ObjRm_Ysi6LZ5pyQ6Ka,girl,2학년,자살 시도,0,자살 및 위기 문제,1
학생118 ,-ObjRm_Ysi6LZ5pyQ6Ka,girl,2학년,빈번한 거짓말,0,외현화 문제,1
학생118 ,-ObjRm_Ysi6LZ5pyQ6Ka,girl,2학년,또래 갈등,0,외현화 문제,1
학생118 ,-ObjRm_Ysi6LZ5pyQ6Ka,girl,2학년,반항 행동,0,외현화 문제,1
학생118 ,-ObjRm_Ysi6LZ5pyQ6Ka,girl,2학년,괴롭힘 가해,0,외현화 문제,1
학생118 ,-ObjRm_Ysi6LZ5pyQ6Ka,girl,2학년,외상 침습증상,0,심리외상 문제,1
학생118 ,-ObjRm_Ysi6LZ5pyQ6Ka,girl,2학년,외상 관련 악몽,0,심리외상 문제,1
학생118 ,-ObjRm_Ysi6LZ5pyQ6Ka,girl,2학년,외상 후 고립,0,심리외상 문제,1
학생118 ,-ObjRm_Ysi6LZ5pyQ6Ka,girl,2학년,외상 후 과각성,0,심리외상 문제,1
학생118 ,-ObjRm_Ysi6LZ5pyQ6Ka,girl,2학년,외상 회피행동,0,심리외상 문제,1
학생118 ,-ObjRm_Ysi6LZ5pyQ6Ka,girl,2학년,흡연 문제,0,외현화 문제,1
학생118 ,-ObjRm_Ysi6LZ5pyQ6Ka,girl,2학년,음주 문제,0,외현화 문제,1
학생118 ,-ObjRm_Ysi6LZ5pyQ6Ka,girl,2학년,적응력 저하,0,학교생활적응 문제,1
학생118 ,-ObjRm_Ysi6LZ5pyQ6Ka,girl,2학년,분리 불안,0,학교생활적응 문제,1
학생118 ,-ObjRm_Ysi6LZ5pyQ6Ka,girl,2학년,학습 어려움,0,학교생활적응 문제,1
학생118 ,-ObjRm_Ysi6LZ5pyQ6Ka,girl,2학년,재산 관련 비행,0,외현화 문제,1
학생118 ,-ObjRm_Ysi6LZ5pyQ6Ka,girl,2학년,게임 과몰입,0,외현화 문제,1
학생118 ,-ObjRm_Ysi6LZ5pyQ6Ka,girl,2학년,관계 형성 곤란,0,학교생활적응 문제,1
학생118 ,-ObjRm_Ysi6LZ5pyQ6Ka,girl,2학년,등교 거부,0,학교생활적응 문제,1
학생118 ,-ObjRm_Ysi6LZ5pyQ6Ka,girl,2학년,괴롭힘 피해,0,심리외상 문제,1
학생118 ,-ObjRm_Ysi6LZ5pyQ6Ka,girl,2학년,따돌림 피해,0,심리외상 문제,1
학생119 ,-ObjRmsSKfTcsiD8DVHS,boy,2학년,사회적 긴장,1,불안 및 우울 문제,46
학생119 ,-ObjRmsSKfTcsiD8DVHS,boy,2학년,감정 기복,2,불안 및 우울 문제,46
학생119 ,-ObjRmsSKfTcsiD8DVHS,boy,2학년,과도한 죄책감,2,불안 및 우울 문제,46
학생119 ,-ObjRmsSKfTcsiD8DVHS,boy,2학년,과민성/짜증,2,불안 및 우울 문제,46
학생119 ,-ObjRmsSKfTcsiD8DVHS,boy,2학년,낮은 자존감,3,학교생활적응 문제,46
학생119 ,-ObjRmsSKfTcsiD8DVHS,boy,2학년,무기력/피로,2,불안 및 우울 문제,46
학생119 ,-ObjRmsSKfTcsiD8DVHS,boy,2학년,예기 불안,2,불안 및 우울 문제,46
학생119 ,-ObjRmsSKfTcsiD8DVHS,boy,2학년,과도한 불안,3,불안 및 우울 문제,46
학생119 ,-ObjRmsSKfTcsiD8DVHS,boy,2학년,우울 증상,3,불안 및 우울 문제,46
학생119 ,-ObjRmsSKfTcsiD8DVHS,boy,2학년,수면 문제,1,학교생활적응 문제,46
학생119 ,-ObjRmsSKfTcsiD8DVHS,boy,2학년,자살 사고,1,자살 및 위기 문제,46
학생119 ,-ObjRmsSKfTcsiD8DVHS,boy,2학년,자해 행동,0,자살 및 위기 문제,46
학생119 ,-ObjRmsSKfTcsiD8DVHS,boy,2학년,자살 계획,0,자살 및 위기 문제,46
학생119 ,-ObjRmsSKfTcsiD8DVHS,boy,2학년,심각한 자살사고,0,자살 및 위기 문제,46
학생119 ,-ObjRmsSKfTcsiD8DVHS,boy,2학년,절망감,1,자살 및 위기 문제,46
학생119 ,-ObjRmsSKfTcsiD8DVHS,boy,2학년,자살 시도,0,자살 및 위기 문제,46
학생119 ,-ObjRmsSKfTcsiD8DVHS,boy,2학년,빈번한 거짓말,1,외현화 문제,46
학생119 ,-ObjRmsSKfTcsiD8DVHS,boy,2학년,또래 갈등,0,외현화 문제,46
학생119 ,-ObjRmsSKfTcsiD8DVHS,boy,2학년,반항 행동,3,외현화 문제,46
학생119 ,-ObjRmsSKfTcsiD8DVHS,boy,2학년,괴롭힘 가해,0,외현화 문제,46
학생119 ,-ObjRmsSKfTcsiD8DVHS,boy,2학년,외상 침습증상,1,심리외상 문제,46
학생119 ,-ObjRmsSKfTcsiD8DVHS,boy,2학년,외상 관련 악몽,1,심리외상 문제,46
학생119 ,-ObjRmsSKfTcsiD8DVHS,boy,2학년,외상 후 고립,1,심리외상 문제,46
학생119 ,-ObjRmsSKfTcsiD8DVHS,boy,2학년,외상 후 과각성,2,심리외상 문제,46
학생119 ,-ObjRmsSKfTcsiD8DVHS,boy,2학년,외상 회피행동,3,심리외상 문제,46
학생119 ,-ObjRmsSKfTcsiD8DVHS,boy,2학년,흡연 문제,0,외현화 문제,46
학생119 ,-ObjRmsSKfTcsiD8DVHS,boy,2학년,음주 문제,0,외현화 문제,46
학생119 ,-ObjRmsSKfTcsiD8DVHS,boy,2학년,적응력 저하,3,학교생활적응 문제,46
학생119 ,-ObjRmsSKfTcsiD8DVHS,boy,2학년,분리 불안,0,학교생활적응 문제,46
학생119 ,-ObjRmsSKfTcsiD8DVHS,boy,2학년,학습 어려움,1,학교생활적응 문제,46
학생119 ,-ObjRmsSKfTcsiD8DVHS,boy,2학년,재산 관련 비행,0,외현화 문제,46
학생119 ,-ObjRmsSKfTcsiD8DVHS,boy,2학년,게임 과몰입,2,외현화 문제,46
학생119 ,-ObjRmsSKfTcsiD8DVHS,boy,2학년,관계 형성 곤란,3,학교생활적응 문제,46
학생119 ,-ObjRmsSKfTcsiD8DVHS,boy,2학년,등교 거부,1,학교생활적응 문제,46
학생119 ,-ObjRmsSKfTcsiD8DVHS,boy,2학년,괴롭힘 피해,0,심리외상 문제,46
학생119 ,-ObjRmsSKfTcsiD8DVHS,boy,2학년,따돌림 피해,1,심리외상 문제,46
학생12 ,-ObjRIVn3DXbxx2B9CE1,girl,1학년,사회적 긴장,1,불안 및 우울 문제,6
학생12 ,-ObjRIVn3DXbxx2B9CE1,girl,1학년,감정 기복,1,불안 및 우울 문제,6
학생12 ,-ObjRIVn3DXbxx2B9CE1,girl,1학년,과도한 죄책감,0,불안 및 우울 문제,6
학생12 ,-ObjRIVn3DXbxx2B9CE1,girl,1학년,과민성/짜증,1,불안 및 우울 문제,6
학생12 ,-ObjRIVn3DXbxx2B9CE1,girl,1학년,낮은 자존감,0,학교생활적응 문제,6
학생12 ,-ObjRIVn3DXbxx2B9CE1,girl,1학년,무기력/피로,0,불안 및 우울 문제,6
학생12 ,-ObjRIVn3DXbxx2B9CE1,girl,1학년,예기 불안,2,불안 및 우울 문제,6
학생12 ,-ObjRIVn3DXbxx2B9CE1,girl,1학년,과도한 불안,0,불안 및 우울 문제,6
학생12 ,-ObjRIVn3DXbxx2B9CE1,girl,1학년,우울 증상,0,불안 및 우울 문제,6
학생12 ,-ObjRIVn3DXbxx2B9CE1,girl,1학년,수면 문제,0,학교생활적응 문제,6
학생12 ,-ObjRIVn3DXbxx2B9CE1,girl,1학년,자살 사고,1,자살 및 위기 문제,6
학생12 ,-ObjRIVn3DXbxx2B9CE1,girl,1학년,자해 행동,0,자살 및 위기 문제,6
학생12 ,-ObjRIVn3DXbxx2B9CE1,girl,1학년,자살 계획,0,자살 및 위기 문제,6
학생12 ,-ObjRIVn3DXbxx2B9CE1,girl,1학년,심각한 자살사고,0,자살 및 위기 문제,6
학생12 ,-ObjRIVn3DXbxx2B9CE1,girl,1학년,절망감,0,자살 및 위기 문제,6
학생12 ,-ObjRIVn3DXbxx2B9CE1,girl,1학년,자살 시도,0,자살 및 위기 문제,6
학생12 ,-ObjRIVn3DXbxx2B9CE1,girl,1학년,빈번한 거짓말,0,외현화 문제,6
학생12 ,-ObjRIVn3DXbxx2B9CE1,girl,1학년,또래 갈등,0,외현화 문제,6
학생12 ,-ObjRIVn3DXbxx2B9CE1,girl,1학년,반항 행동,0,외현화 문제,6
학생12 ,-ObjRIVn3DXbxx2B9CE1,girl,1학년,괴롭힘 가해,0,외현화 문제,6
학생12 ,-ObjRIVn3DXbxx2B9CE1,girl,1학년,외상 침습증상,0,심리외상 문제,6
학생12 ,-ObjRIVn3DXbxx2B9CE1,girl,1학년,외상 관련 악몽,0,심리외상 문제,6
학생12 ,-ObjRIVn3DXbxx2B9CE1,girl,1학년,외상 후 고립,0,심리외상 문제,6
학생12 ,-ObjRIVn3DXbxx2B9CE1,girl,1학년,외상 후 과각성,0,심리외상 문제,6
학생12 ,-ObjRIVn3DXbxx2B9CE1,girl,1학년,외상 회피행동,0,심리외상 문제,6
학생12 ,-ObjRIVn3DXbxx2B9CE1,girl,1학년,흡연 문제,0,외현화 문제,6
학생12 ,-ObjRIVn3DXbxx2B9CE1,girl,1학년,음주 문제,0,외현화 문제,6
학생12 ,-ObjRIVn3DXbxx2B9CE1,girl,1학년,적응력 저하,0,학교생활적응 문제,6
학생12 ,-ObjRIVn3DXbxx2B9CE1,girl,1학년,분리 불안,0,학교생활적응 문제,6
학생12 ,-ObjRIVn3DXbxx2B9CE1,girl,1학년,학습 어려움,0,학교생활적응 문제,6
학생12 ,-ObjRIVn3DXbxx2B9CE1,girl,1학년,재산 관련 비행,0,외현화 문제,6
학생12 ,-ObjRIVn3DXbxx2B9CE1,girl,1학년,게임 과몰입,0,외현화 문제,6
학생12 ,-ObjRIVn3DXbxx2B9CE1,girl,1학년,관계 형성 곤란,0,학교생활적응 문제,6
학생12 ,-ObjRIVn3DXbxx2B9CE1,girl,1학년,등교 거부,0,학교생활적응 문제,6
학생12 ,-ObjRIVn3DXbxx2B9CE1,girl,1학년,괴롭힘 피해,0,심리외상 문제,6
학생12 ,-ObjRIVn3DXbxx2B9CE1,girl,1학년,따돌림 피해,0,심리외상 문제,6
학생120 ,-ObjRn4HDFmvnp46V0zR,boy,2학년,사회적 긴장,1,불안 및 우울 문제,3
학생120 ,-ObjRn4HDFmvnp46V0zR,boy,2학년,감정 기복,0,불안 및 우울 문제,3
학생120 ,-ObjRn4HDFmvnp46V0zR,boy,2학년,과도한 죄책감,0,불안 및 우울 문제,3
학생120 ,-ObjRn4HDFmvnp46V0zR,boy,2학년,과민성/짜증,0,불안 및 우울 문제,3
학생120 ,-ObjRn4HDFmvnp46V0zR,boy,2학년,낮은 자존감,1,학교생활적응 문제,3
학생120 ,-ObjRn4HDFmvnp46V0zR,boy,2학년,무기력/피로,0,불안 및 우울 문제,3
학생120 ,-ObjRn4HDFmvnp46V0zR,boy,2학년,예기 불안,1,불안 및 우울 문제,3
학생120 ,-ObjRn4HDFmvnp46V0zR,boy,2학년,과도한 불안,0,불안 및 우울 문제,3
학생120 ,-ObjRn4HDFmvnp46V0zR,boy,2학년,우울 증상,0,불안 및 우울 문제,3
학생120 ,-ObjRn4HDFmvnp46V0zR,boy,2학년,수면 문제,0,학교생활적응 문제,3
학생120 ,-ObjRn4HDFmvnp46V0zR,boy,2학년,자살 사고,0,자살 및 위기 문제,3
학생120 ,-ObjRn4HDFmvnp46V0zR,boy,2학년,자해 행동,0,자살 및 위기 문제,3
학생120 ,-ObjRn4HDFmvnp46V0zR,boy,2학년,자살 계획,0,자살 및 위기 문제,3
학생120 ,-ObjRn4HDFmvnp46V0zR,boy,2학년,심각한 자살사고,0,자살 및 위기 문제,3
학생120 ,-ObjRn4HDFmvnp46V0zR,boy,2학년,절망감,0,자살 및 위기 문제,3
학생120 ,-ObjRn4HDFmvnp46V0zR,boy,2학년,자살 시도,0,자살 및 위기 문제,3
학생120 ,-ObjRn4HDFmvnp46V0zR,boy,2학년,빈번한 거짓말,0,외현화 문제,3
학생120 ,-ObjRn4HDFmvnp46V0zR,boy,2학년,또래 갈등,0,외현화 문제,3
학생120 ,-ObjRn4HDFmvnp46V0zR,boy,2학년,반항 행동,0,외현화 문제,3
학생120 ,-ObjRn4HDFmvnp46V0zR,boy,2학년,괴롭힘 가해,0,외현화 문제,3
학생120 ,-ObjRn4HDFmvnp46V0zR,boy,2학년,외상 침습증상,0,심리외상 문제,3
학생120 ,-ObjRn4HDFmvnp46V0zR,boy,2학년,외상 관련 악몽,0,심리외상 문제,3
학생120 ,-ObjRn4HDFmvnp46V0zR,boy,2학년,외상 후 고립,0,심리외상 문제,3
학생120 ,-ObjRn4HDFmvnp46V0zR,boy,2학년,외상 후 과각성,0,심리외상 문제,3
학생120 ,-ObjRn4HDFmvnp46V0zR,boy,2학년,외상 회피행동,0,심리외상 문제,3
학생120 ,-ObjRn4HDFmvnp46V0zR,boy,2학년,흡연 문제,0,외현화 문제,3
학생120 ,-ObjRn4HDFmvnp46V0zR,boy,2학년,음주 문제,0,외현화 문제,3
학생120 ,-ObjRn4HDFmvnp46V0zR,boy,2학년,적응력 저하,0,학교생활적응 문제,3
학생120 ,-ObjRn4HDFmvnp46V0zR,boy,2학년,분리 불안,0,학교생활적응 문제,3
학생120 ,-ObjRn4HDFmvnp46V0zR,boy,2학년,학습 어려움,0,학교생활적응 문제,3
학생120 ,-ObjRn4HDFmvnp46V0zR,boy,2학년,재산 관련 비행,0,외현화 문제,3
학생120 ,-ObjRn4HDFmvnp46V0zR,boy,2학년,게임 과몰입,0,외현화 문제,3
학생120 ,-ObjRn4HDFmvnp46V0zR,boy,2학년,관계 형성 곤란,0,학교생활적응 문제,3
학생120 ,-ObjRn4HDFmvnp46V0zR,boy,2학년,등교 거부,0,학교생활적응 문제,3
학생120 ,-ObjRn4HDFmvnp46V0zR,boy,2학년,괴롭힘 피해,0,심리외상 문제,3
학생120 ,-ObjRn4HDFmvnp46V0zR,boy,2학년,따돌림 피해,0,심리외상 문제,3
학생121 ,-ObjRn8XI-u1DuF5vOua,boy,2학년,사회적 긴장,0,불안 및 우울 문제,0
학생121 ,-ObjRn8XI-u1DuF5vOua,boy,2학년,감정 기복,0,불안 및 우울 문제,0
학생121 ,-ObjRn8XI-u1DuF5vOua,boy,2학년,과도한 죄책감,0,불안 및 우울 문제,0
학생121 ,-ObjRn8XI-u1DuF5vOua,boy,2학년,과민성/짜증,0,불안 및 우울 문제,0
학생121 ,-ObjRn8XI-u1DuF5vOua,boy,2학년,낮은 자존감,0,학교생활적응 문제,0
학생121 ,-ObjRn8XI-u1DuF5vOua,boy,2학년,무기력/피로,0,불안 및 우울 문제,0
학생121 ,-ObjRn8XI-u1DuF5vOua,boy,2학년,예기 불안,0,불안 및 우울 문제,0
학생121 ,-ObjRn8XI-u1DuF5vOua,boy,2학년,과도한 불안,0,불안 및 우울 문제,0
학생121 ,-ObjRn8XI-u1DuF5vOua,boy,2학년,우울 증상,0,불안 및 우울 문제,0
학생121 ,-ObjRn8XI-u1DuF5vOua,boy,2학년,수면 문제,0,학교생활적응 문제,0
학생121 ,-ObjRn8XI-u1DuF5vOua,boy,2학년,자살 사고,0,자살 및 위기 문제,0
학생121 ,-ObjRn8XI-u1DuF5vOua,boy,2학년,자해 행동,0,자살 및 위기 문제,0
학생121 ,-ObjRn8XI-u1DuF5vOua,boy,2학년,자살 계획,0,자살 및 위기 문제,0
학생121 ,-ObjRn8XI-u1DuF5vOua,boy,2학년,심각한 자살사고,0,자살 및 위기 문제,0
학생121 ,-ObjRn8XI-u1DuF5vOua,boy,2학년,절망감,0,자살 및 위기 문제,0
학생121 ,-ObjRn8XI-u1DuF5vOua,boy,2학년,자살 시도,0,자살 및 위기 문제,0
학생121 ,-ObjRn8XI-u1DuF5vOua,boy,2학년,빈번한 거짓말,0,외현화 문제,0
학생121 ,-ObjRn8XI-u1DuF5vOua,boy,2학년,또래 갈등,0,외현화 문제,0
학생121 ,-ObjRn8XI-u1DuF5vOua,boy,2학년,반항 행동,0,외현화 문제,0
학생121 ,-ObjRn8XI-u1DuF5vOua,boy,2학년,괴롭힘 가해,0,외현화 문제,0
학생121 ,-ObjRn8XI-u1DuF5vOua,boy,2학년,외상 침습증상,0,심리외상 문제,0
학생121 ,-ObjRn8XI-u1DuF5vOua,boy,2학년,외상 관련 악몽,0,심리외상 문제,0
학생121 ,-ObjRn8XI-u1DuF5vOua,boy,2학년,외상 후 고립,0,심리외상 문제,0
학생121 ,-ObjRn8XI-u1DuF5vOua,boy,2학년,외상 후 과각성,0,심리외상 문제,0
학생121 ,-ObjRn8XI-u1DuF5vOua,boy,2학년,외상 회피행동,0,심리외상 문제,0
학생121 ,-ObjRn8XI-u1DuF5vOua,boy,2학년,흡연 문제,0,외현화 문제,0
학생121 ,-ObjRn8XI-u1DuF5vOua,boy,2학년,음주 문제,0,외현화 문제,0
학생121 ,-ObjRn8XI-u1DuF5vOua,boy,2학년,적응력 저하,0,학교생활적응 문제,0
학생121 ,-ObjRn8XI-u1DuF5vOua,boy,2학년,분리 불안,0,학교생활적응 문제,0
학생121 ,-ObjRn8XI-u1DuF5vOua,boy,2학년,학습 어려움,0,학교생활적응 문제,0
학생121 ,-ObjRn8XI-u1DuF5vOua,boy,2학년,재산 관련 비행,0,외현화 문제,0
학생121 ,-ObjRn8XI-u1DuF5vOua,boy,2학년,게임 과몰입,0,외현화 문제,0
학생121 ,-ObjRn8XI-u1DuF5vOua,boy,2학년,관계 형성 곤란,0,학교생활적응 문제,0
학생121 ,-ObjRn8XI-u1DuF5vOua,boy,2학년,등교 거부,0,학교생활적응 문제,0
학생121 ,-ObjRn8XI-u1DuF5vOua,boy,2학년,괴롭힘 피해,0,심리외상 문제,0
학생121 ,-ObjRn8XI-u1DuF5vOua,boy,2학년,따돌림 피해,0,심리외상 문제,0
학생122 ,-ObjRnBNLRvpakYYAO2P,girl,1학년,사회적 긴장,1,불안 및 우울 문제,22
학생122 ,-ObjRnBNLRvpakYYAO2P,girl,1학년,감정 기복,1,불안 및 우울 문제,22
학생122 ,-ObjRnBNLRvpakYYAO2P,girl,1학년,과도한 죄책감,1,불안 및 우울 문제,22
학생122 ,-ObjRnBNLRvpakYYAO2P,girl,1학년,과민성/짜증,1,불안 및 우울 문제,22
학생122 ,-ObjRnBNLRvpakYYAO2P,girl,1학년,낮은 자존감,2,학교생활적응 문제,22
학생122 ,-ObjRnBNLRvpakYYAO2P,girl,1학년,무기력/피로,1,불안 및 우울 문제,22
학생122 ,-ObjRnBNLRvpakYYAO2P,girl,1학년,예기 불안,1,불안 및 우울 문제,22
학생122 ,-ObjRnBNLRvpakYYAO2P,girl,1학년,과도한 불안,1,불안 및 우울 문제,22
학생122 ,-ObjRnBNLRvpakYYAO2P,girl,1학년,우울 증상,1,불안 및 우울 문제,22
학생122 ,-ObjRnBNLRvpakYYAO2P,girl,1학년,수면 문제,1,학교생활적응 문제,22
학생122 ,-ObjRnBNLRvpakYYAO2P,girl,1학년,자살 사고,1,자살 및 위기 문제,22
학생122 ,-ObjRnBNLRvpakYYAO2P,girl,1학년,자해 행동,0,자살 및 위기 문제,22
학생122 ,-ObjRnBNLRvpakYYAO2P,girl,1학년,자살 계획,0,자살 및 위기 문제,22
학생122 ,-ObjRnBNLRvpakYYAO2P,girl,1학년,심각한 자살사고,0,자살 및 위기 문제,22
학생122 ,-ObjRnBNLRvpakYYAO2P,girl,1학년,절망감,1,자살 및 위기 문제,22
학생122 ,-ObjRnBNLRvpakYYAO2P,girl,1학년,자살 시도,0,자살 및 위기 문제,22
학생122 ,-ObjRnBNLRvpakYYAO2P,girl,1학년,빈번한 거짓말,1,외현화 문제,22
학생122 ,-ObjRnBNLRvpakYYAO2P,girl,1학년,또래 갈등,0,외현화 문제,22
학생122 ,-ObjRnBNLRvpakYYAO2P,girl,1학년,반항 행동,0,외현화 문제,22
학생122 ,-ObjRnBNLRvpakYYAO2P,girl,1학년,괴롭힘 가해,0,외현화 문제,22
학생122 ,-ObjRnBNLRvpakYYAO2P,girl,1학년,외상 침습증상,1,심리외상 문제,22
학생122 ,-ObjRnBNLRvpakYYAO2P,girl,1학년,외상 관련 악몽,0,심리외상 문제,22
학생122 ,-ObjRnBNLRvpakYYAO2P,girl,1학년,외상 후 고립,0,심리외상 문제,22
학생122 ,-ObjRnBNLRvpakYYAO2P,girl,1학년,외상 후 과각성,0,심리외상 문제,22
학생122 ,-ObjRnBNLRvpakYYAO2P,girl,1학년,외상 회피행동,0,심리외상 문제,22
학생122 ,-ObjRnBNLRvpakYYAO2P,girl,1학년,흡연 문제,0,외현화 문제,22
학생122 ,-ObjRnBNLRvpakYYAO2P,girl,1학년,음주 문제,0,외현화 문제,22
학생122 ,-ObjRnBNLRvpakYYAO2P,girl,1학년,적응력 저하,0,학교생활적응 문제,22
학생122 ,-ObjRnBNLRvpakYYAO2P,girl,1학년,분리 불안,0,학교생활적응 문제,22
학생122 ,-ObjRnBNLRvpakYYAO2P,girl,1학년,학습 어려움,1,학교생활적응 문제,22
학생122 ,-ObjRnBNLRvpakYYAO2P,girl,1학년,재산 관련 비행,1,외현화 문제,22
학생122 ,-ObjRnBNLRvpakYYAO2P,girl,1학년,게임 과몰입,1,외현화 문제,22
학생122 ,-ObjRnBNLRvpakYYAO2P,girl,1학년,관계 형성 곤란,0,학교생활적응 문제,22
학생122 ,-ObjRnBNLRvpakYYAO2P,girl,1학년,등교 거부,2,학교생활적응 문제,22
학생122 ,-ObjRnBNLRvpakYYAO2P,girl,1학년,괴롭힘 피해,1,심리외상 문제,22
학생122 ,-ObjRnBNLRvpakYYAO2P,girl,1학년,따돌림 피해,1,심리외상 문제,22
학생123 ,-ObjRnk6Dpi2Jo7k5zg7,boy,2학년,사회적 긴장,1,불안 및 우울 문제,16
학생123 ,-ObjRnk6Dpi2Jo7k5zg7,boy,2학년,감정 기복,3,불안 및 우울 문제,16
학생123 ,-ObjRnk6Dpi2Jo7k5zg7,boy,2학년,과도한 죄책감,1,불안 및 우울 문제,16
학생123 ,-ObjRnk6Dpi2Jo7k5zg7,boy,2학년,과민성/짜증,1,불안 및 우울 문제,16
학생123 ,-ObjRnk6Dpi2Jo7k5zg7,boy,2학년,낮은 자존감,1,학교생활적응 문제,16
학생123 ,-ObjRnk6Dpi2Jo7k5zg7,boy,2학년,무기력/피로,1,불안 및 우울 문제,16
학생123 ,-ObjRnk6Dpi2Jo7k5zg7,boy,2학년,예기 불안,2,불안 및 우울 문제,16
학생123 ,-ObjRnk6Dpi2Jo7k5zg7,boy,2학년,과도한 불안,0,불안 및 우울 문제,16
학생123 ,-ObjRnk6Dpi2Jo7k5zg7,boy,2학년,우울 증상,1,불안 및 우울 문제,16
학생123 ,-ObjRnk6Dpi2Jo7k5zg7,boy,2학년,수면 문제,2,학교생활적응 문제,16
학생123 ,-ObjRnk6Dpi2Jo7k5zg7,boy,2학년,자살 사고,0,자살 및 위기 문제,16
학생123 ,-ObjRnk6Dpi2Jo7k5zg7,boy,2학년,자해 행동,0,자살 및 위기 문제,16
학생123 ,-ObjRnk6Dpi2Jo7k5zg7,boy,2학년,자살 계획,0,자살 및 위기 문제,16
학생123 ,-ObjRnk6Dpi2Jo7k5zg7,boy,2학년,심각한 자살사고,0,자살 및 위기 문제,16
학생123 ,-ObjRnk6Dpi2Jo7k5zg7,boy,2학년,절망감,1,자살 및 위기 문제,16
학생123 ,-ObjRnk6Dpi2Jo7k5zg7,boy,2학년,자살 시도,0,자살 및 위기 문제,16
학생123 ,-ObjRnk6Dpi2Jo7k5zg7,boy,2학년,빈번한 거짓말,0,외현화 문제,16
학생123 ,-ObjRnk6Dpi2Jo7k5zg7,boy,2학년,또래 갈등,0,외현화 문제,16
학생123 ,-ObjRnk6Dpi2Jo7k5zg7,boy,2학년,반항 행동,0,외현화 문제,16
학생123 ,-ObjRnk6Dpi2Jo7k5zg7,boy,2학년,괴롭힘 가해,0,외현화 문제,16
학생123 ,-ObjRnk6Dpi2Jo7k5zg7,boy,2학년,외상 침습증상,0,심리외상 문제,16
학생123 ,-ObjRnk6Dpi2Jo7k5zg7,boy,2학년,외상 관련 악몽,1,심리외상 문제,16
학생123 ,-ObjRnk6Dpi2Jo7k5zg7,boy,2학년,외상 후 고립,1,심리외상 문제,16
학생123 ,-ObjRnk6Dpi2Jo7k5zg7,boy,2학년,외상 후 과각성,0,심리외상 문제,16
학생123 ,-ObjRnk6Dpi2Jo7k5zg7,boy,2학년,외상 회피행동,0,심리외상 문제,16
학생123 ,-ObjRnk6Dpi2Jo7k5zg7,boy,2학년,흡연 문제,0,외현화 문제,16
학생123 ,-ObjRnk6Dpi2Jo7k5zg7,boy,2학년,음주 문제,0,외현화 문제,16
학생123 ,-ObjRnk6Dpi2Jo7k5zg7,boy,2학년,적응력 저하,0,학교생활적응 문제,16
학생123 ,-ObjRnk6Dpi2Jo7k5zg7,boy,2학년,분리 불안,0,학교생활적응 문제,16
학생123 ,-ObjRnk6Dpi2Jo7k5zg7,boy,2학년,학습 어려움,0,학교생활적응 문제,16
학생123 ,-ObjRnk6Dpi2Jo7k5zg7,boy,2학년,재산 관련 비행,0,외현화 문제,16
학생123 ,-ObjRnk6Dpi2Jo7k5zg7,boy,2학년,게임 과몰입,0,외현화 문제,16
학생123 ,-ObjRnk6Dpi2Jo7k5zg7,boy,2학년,관계 형성 곤란,0,학교생활적응 문제,16
학생123 ,-ObjRnk6Dpi2Jo7k5zg7,boy,2학년,등교 거부,0,학교생활적응 문제,16
학생123 ,-ObjRnk6Dpi2Jo7k5zg7,boy,2학년,괴롭힘 피해,0,심리외상 문제,16
학생123 ,-ObjRnk6Dpi2Jo7k5zg7,boy,2학년,따돌림 피해,0,심리외상 문제,16
학생124 ,-ObjRnmoAVqlNn79t1rv,boy,2학년,사회적 긴장,0,불안 및 우울 문제,4
학생124 ,-ObjRnmoAVqlNn79t1rv,boy,2학년,감정 기복,0,불안 및 우울 문제,4
학생124 ,-ObjRnmoAVqlNn79t1rv,boy,2학년,과도한 죄책감,0,불안 및 우울 문제,4
학생124 ,-ObjRnmoAVqlNn79t1rv,boy,2학년,과민성/짜증,0,불안 및 우울 문제,4
학생124 ,-ObjRnmoAVqlNn79t1rv,boy,2학년,낮은 자존감,0,학교생활적응 문제,4
학생124 ,-ObjRnmoAVqlNn79t1rv,boy,2학년,무기력/피로,0,불안 및 우울 문제,4
학생124 ,-ObjRnmoAVqlNn79t1rv,boy,2학년,예기 불안,1,불안 및 우울 문제,4
학생124 ,-ObjRnmoAVqlNn79t1rv,boy,2학년,과도한 불안,0,불안 및 우울 문제,4
학생124 ,-ObjRnmoAVqlNn79t1rv,boy,2학년,우울 증상,0,불안 및 우울 문제,4
학생124 ,-ObjRnmoAVqlNn79t1rv,boy,2학년,수면 문제,2,학교생활적응 문제,4
학생124 ,-ObjRnmoAVqlNn79t1rv,boy,2학년,자살 사고,0,자살 및 위기 문제,4
학생124 ,-ObjRnmoAVqlNn79t1rv,boy,2학년,자해 행동,0,자살 및 위기 문제,4
학생124 ,-ObjRnmoAVqlNn79t1rv,boy,2학년,자살 계획,0,자살 및 위기 문제,4
학생124 ,-ObjRnmoAVqlNn79t1rv,boy,2학년,심각한 자살사고,0,자살 및 위기 문제,4
학생124 ,-ObjRnmoAVqlNn79t1rv,boy,2학년,절망감,0,자살 및 위기 문제,4
학생124 ,-ObjRnmoAVqlNn79t1rv,boy,2학년,자살 시도,0,자살 및 위기 문제,4
학생124 ,-ObjRnmoAVqlNn79t1rv,boy,2학년,빈번한 거짓말,1,외현화 문제,4
학생124 ,-ObjRnmoAVqlNn79t1rv,boy,2학년,또래 갈등,0,외현화 문제,4
학생124 ,-ObjRnmoAVqlNn79t1rv,boy,2학년,반항 행동,0,외현화 문제,4
학생124 ,-ObjRnmoAVqlNn79t1rv,boy,2학년,괴롭힘 가해,0,외현화 문제,4
학생124 ,-ObjRnmoAVqlNn79t1rv,boy,2학년,외상 침습증상,0,심리외상 문제,4
학생124 ,-ObjRnmoAVqlNn79t1rv,boy,2학년,외상 관련 악몽,0,심리외상 문제,4
학생124 ,-ObjRnmoAVqlNn79t1rv,boy,2학년,외상 후 고립,0,심리외상 문제,4
학생124 ,-ObjRnmoAVqlNn79t1rv,boy,2학년,외상 후 과각성,0,심리외상 문제,4
학생124 ,-ObjRnmoAVqlNn79t1rv,boy,2학년,외상 회피행동,0,심리외상 문제,4
학생124 ,-ObjRnmoAVqlNn79t1rv,boy,2학년,흡연 문제,0,외현화 문제,4
학생124 ,-ObjRnmoAVqlNn79t1rv,boy,2학년,음주 문제,0,외현화 문제,4
학생124 ,-ObjRnmoAVqlNn79t1rv,boy,2학년,적응력 저하,0,학교생활적응 문제,4
학생124 ,-ObjRnmoAVqlNn79t1rv,boy,2학년,분리 불안,0,학교생활적응 문제,4
학생124 ,-ObjRnmoAVqlNn79t1rv,boy,2학년,학습 어려움,0,학교생활적응 문제,4
학생124 ,-ObjRnmoAVqlNn79t1rv,boy,2학년,재산 관련 비행,0,외현화 문제,4
학생124 ,-ObjRnmoAVqlNn79t1rv,boy,2학년,게임 과몰입,0,외현화 문제,4
학생124 ,-ObjRnmoAVqlNn79t1rv,boy,2학년,관계 형성 곤란,0,학교생활적응 문제,4
학생124 ,-ObjRnmoAVqlNn79t1rv,boy,2학년,등교 거부,0,학교생활적응 문제,4
학생124 ,-ObjRnmoAVqlNn79t1rv,boy,2학년,괴롭힘 피해,0,심리외상 문제,4
학생124 ,-ObjRnmoAVqlNn79t1rv,boy,2학년,따돌림 피해,0,심리외상 문제,4
학생125 ,-ObjRnvIAwBTwiEWvO6I,boy,2학년,사회적 긴장,0,불안 및 우울 문제,5
학생125 ,-ObjRnvIAwBTwiEWvO6I,boy,2학년,감정 기복,0,불안 및 우울 문제,5
학생125 ,-ObjRnvIAwBTwiEWvO6I,boy,2학년,과도한 죄책감,1,불안 및 우울 문제,5
학생125 ,-ObjRnvIAwBTwiEWvO6I,boy,2학년,과민성/짜증,0,불안 및 우울 문제,5
학생125 ,-ObjRnvIAwBTwiEWvO6I,boy,2학년,낮은 자존감,0,학교생활적응 문제,5
학생125 ,-ObjRnvIAwBTwiEWvO6I,boy,2학년,무기력/피로,0,불안 및 우울 문제,5
학생125 ,-ObjRnvIAwBTwiEWvO6I,boy,2학년,예기 불안,1,불안 및 우울 문제,5
학생125 ,-ObjRnvIAwBTwiEWvO6I,boy,2학년,과도한 불안,0,불안 및 우울 문제,5
학생125 ,-ObjRnvIAwBTwiEWvO6I,boy,2학년,우울 증상,0,불안 및 우울 문제,5
학생125 ,-ObjRnvIAwBTwiEWvO6I,boy,2학년,수면 문제,0,학교생활적응 문제,5
학생125 ,-ObjRnvIAwBTwiEWvO6I,boy,2학년,자살 사고,0,자살 및 위기 문제,5
학생125 ,-ObjRnvIAwBTwiEWvO6I,boy,2학년,자해 행동,0,자살 및 위기 문제,5
학생125 ,-ObjRnvIAwBTwiEWvO6I,boy,2학년,자살 계획,0,자살 및 위기 문제,5
학생125 ,-ObjRnvIAwBTwiEWvO6I,boy,2학년,심각한 자살사고,0,자살 및 위기 문제,5
학생125 ,-ObjRnvIAwBTwiEWvO6I,boy,2학년,절망감,0,자살 및 위기 문제,5
학생125 ,-ObjRnvIAwBTwiEWvO6I,boy,2학년,자살 시도,0,자살 및 위기 문제,5
학생125 ,-ObjRnvIAwBTwiEWvO6I,boy,2학년,빈번한 거짓말,1,외현화 문제,5
학생125 ,-ObjRnvIAwBTwiEWvO6I,boy,2학년,또래 갈등,0,외현화 문제,5
학생125 ,-ObjRnvIAwBTwiEWvO6I,boy,2학년,반항 행동,0,외현화 문제,5
학생125 ,-ObjRnvIAwBTwiEWvO6I,boy,2학년,괴롭힘 가해,0,외현화 문제,5
학생125 ,-ObjRnvIAwBTwiEWvO6I,boy,2학년,외상 침습증상,0,심리외상 문제,5
학생125 ,-ObjRnvIAwBTwiEWvO6I,boy,2학년,외상 관련 악몽,0,심리외상 문제,5
학생125 ,-ObjRnvIAwBTwiEWvO6I,boy,2학년,외상 후 고립,0,심리외상 문제,5
학생125 ,-ObjRnvIAwBTwiEWvO6I,boy,2학년,외상 후 과각성,0,심리외상 문제,5
학생125 ,-ObjRnvIAwBTwiEWvO6I,boy,2학년,외상 회피행동,0,심리외상 문제,5
학생125 ,-ObjRnvIAwBTwiEWvO6I,boy,2학년,흡연 문제,0,외현화 문제,5
학생125 ,-ObjRnvIAwBTwiEWvO6I,boy,2학년,음주 문제,0,외현화 문제,5
학생125 ,-ObjRnvIAwBTwiEWvO6I,boy,2학년,적응력 저하,0,학교생활적응 문제,5
학생125 ,-ObjRnvIAwBTwiEWvO6I,boy,2학년,분리 불안,0,학교생활적응 문제,5
학생125 ,-ObjRnvIAwBTwiEWvO6I,boy,2학년,학습 어려움,1,학교생활적응 문제,5
학생125 ,-ObjRnvIAwBTwiEWvO6I,boy,2학년,재산 관련 비행,0,외현화 문제,5
학생125 ,-ObjRnvIAwBTwiEWvO6I,boy,2학년,게임 과몰입,1,외현화 문제,5
학생125 ,-ObjRnvIAwBTwiEWvO6I,boy,2학년,관계 형성 곤란,0,학교생활적응 문제,5
학생125 ,-ObjRnvIAwBTwiEWvO6I,boy,2학년,등교 거부,0,학교생활적응 문제,5
학생125 ,-ObjRnvIAwBTwiEWvO6I,boy,2학년,괴롭힘 피해,0,심리외상 문제,5
학생125 ,-ObjRnvIAwBTwiEWvO6I,boy,2학년,따돌림 피해,0,심리외상 문제,5
학생126 ,-ObjRnvtOjXzYWhn6Exv,girl,2학년,사회적 긴장,1,불안 및 우울 문제,13
학생126 ,-ObjRnvtOjXzYWhn6Exv,girl,2학년,감정 기복,1,불안 및 우울 문제,13
학생126 ,-ObjRnvtOjXzYWhn6Exv,girl,2학년,과도한 죄책감,0,불안 및 우울 문제,13
학생126 ,-ObjRnvtOjXzYWhn6Exv,girl,2학년,과민성/짜증,1,불안 및 우울 문제,13
학생126 ,-ObjRnvtOjXzYWhn6Exv,girl,2학년,낮은 자존감,2,학교생활적응 문제,13
학생126 ,-ObjRnvtOjXzYWhn6Exv,girl,2학년,무기력/피로,1,불안 및 우울 문제,13
학생126 ,-ObjRnvtOjXzYWhn6Exv,girl,2학년,예기 불안,2,불안 및 우울 문제,13
학생126 ,-ObjRnvtOjXzYWhn6Exv,girl,2학년,과도한 불안,2,불안 및 우울 문제,13
학생126 ,-ObjRnvtOjXzYWhn6Exv,girl,2학년,우울 증상,1,불안 및 우울 문제,13
학생126 ,-ObjRnvtOjXzYWhn6Exv,girl,2학년,수면 문제,0,학교생활적응 문제,13
학생126 ,-ObjRnvtOjXzYWhn6Exv,girl,2학년,자살 사고,0,자살 및 위기 문제,13
학생126 ,-ObjRnvtOjXzYWhn6Exv,girl,2학년,자해 행동,0,자살 및 위기 문제,13
학생126 ,-ObjRnvtOjXzYWhn6Exv,girl,2학년,자살 계획,0,자살 및 위기 문제,13
학생126 ,-ObjRnvtOjXzYWhn6Exv,girl,2학년,심각한 자살사고,0,자살 및 위기 문제,13
학생126 ,-ObjRnvtOjXzYWhn6Exv,girl,2학년,절망감,0,자살 및 위기 문제,13
학생126 ,-ObjRnvtOjXzYWhn6Exv,girl,2학년,자살 시도,0,자살 및 위기 문제,13
학생126 ,-ObjRnvtOjXzYWhn6Exv,girl,2학년,빈번한 거짓말,0,외현화 문제,13
학생126 ,-ObjRnvtOjXzYWhn6Exv,girl,2학년,또래 갈등,0,외현화 문제,13
학생126 ,-ObjRnvtOjXzYWhn6Exv,girl,2학년,반항 행동,0,외현화 문제,13
학생126 ,-ObjRnvtOjXzYWhn6Exv,girl,2학년,괴롭힘 가해,0,외현화 문제,13
학생126 ,-ObjRnvtOjXzYWhn6Exv,girl,2학년,외상 침습증상,0,심리외상 문제,13
학생126 ,-ObjRnvtOjXzYWhn6Exv,girl,2학년,외상 관련 악몽,0,심리외상 문제,13
학생126 ,-ObjRnvtOjXzYWhn6Exv,girl,2학년,외상 후 고립,0,심리외상 문제,13
학생126 ,-ObjRnvtOjXzYWhn6Exv,girl,2학년,외상 후 과각성,0,심리외상 문제,13
학생126 ,-ObjRnvtOjXzYWhn6Exv,girl,2학년,외상 회피행동,0,심리외상 문제,13
학생126 ,-ObjRnvtOjXzYWhn6Exv,girl,2학년,흡연 문제,0,외현화 문제,13
학생126 ,-ObjRnvtOjXzYWhn6Exv,girl,2학년,음주 문제,0,외현화 문제,13
학생126 ,-ObjRnvtOjXzYWhn6Exv,girl,2학년,적응력 저하,1,학교생활적응 문제,13
학생126 ,-ObjRnvtOjXzYWhn6Exv,girl,2학년,분리 불안,0,학교생활적응 문제,13
학생126 ,-ObjRnvtOjXzYWhn6Exv,girl,2학년,학습 어려움,0,학교생활적응 문제,13
학생126 ,-ObjRnvtOjXzYWhn6Exv,girl,2학년,재산 관련 비행,0,외현화 문제,13
학생126 ,-ObjRnvtOjXzYWhn6Exv,girl,2학년,게임 과몰입,0,외현화 문제,13
학생126 ,-ObjRnvtOjXzYWhn6Exv,girl,2학년,관계 형성 곤란,1,학교생활적응 문제,13
학생126 ,-ObjRnvtOjXzYWhn6Exv,girl,2학년,등교 거부,0,학교생활적응 문제,13
학생126 ,-ObjRnvtOjXzYWhn6Exv,girl,2학년,괴롭힘 피해,0,심리외상 문제,13
학생126 ,-ObjRnvtOjXzYWhn6Exv,girl,2학년,따돌림 피해,0,심리외상 문제,13
학생127 ,-ObjRoCVcO19VQUyfaGC,girl,1학년,사회적 긴장,1,불안 및 우울 문제,3
학생127 ,-ObjRoCVcO19VQUyfaGC,girl,1학년,감정 기복,0,불안 및 우울 문제,3
학생127 ,-ObjRoCVcO19VQUyfaGC,girl,1학년,과도한 죄책감,0,불안 및 우울 문제,3
학생127 ,-ObjRoCVcO19VQUyfaGC,girl,1학년,과민성/짜증,0,불안 및 우울 문제,3
학생127 ,-ObjRoCVcO19VQUyfaGC,girl,1학년,낮은 자존감,1,학교생활적응 문제,3
학생127 ,-ObjRoCVcO19VQUyfaGC,girl,1학년,무기력/피로,0,불안 및 우울 문제,3
학생127 ,-ObjRoCVcO19VQUyfaGC,girl,1학년,예기 불안,1,불안 및 우울 문제,3
학생127 ,-ObjRoCVcO19VQUyfaGC,girl,1학년,과도한 불안,0,불안 및 우울 문제,3
학생127 ,-ObjRoCVcO19VQUyfaGC,girl,1학년,우울 증상,0,불안 및 우울 문제,3
학생127 ,-ObjRoCVcO19VQUyfaGC,girl,1학년,수면 문제,0,학교생활적응 문제,3
학생127 ,-ObjRoCVcO19VQUyfaGC,girl,1학년,자살 사고,0,자살 및 위기 문제,3
학생127 ,-ObjRoCVcO19VQUyfaGC,girl,1학년,자해 행동,0,자살 및 위기 문제,3
학생127 ,-ObjRoCVcO19VQUyfaGC,girl,1학년,자살 계획,0,자살 및 위기 문제,3
학생127 ,-ObjRoCVcO19VQUyfaGC,girl,1학년,심각한 자살사고,0,자살 및 위기 문제,3
학생127 ,-ObjRoCVcO19VQUyfaGC,girl,1학년,절망감,0,자살 및 위기 문제,3
학생127 ,-ObjRoCVcO19VQUyfaGC,girl,1학년,자살 시도,0,자살 및 위기 문제,3
학생127 ,-ObjRoCVcO19VQUyfaGC,girl,1학년,빈번한 거짓말,0,외현화 문제,3
학생127 ,-ObjRoCVcO19VQUyfaGC,girl,1학년,또래 갈등,0,외현화 문제,3
학생127 ,-ObjRoCVcO19VQUyfaGC,girl,1학년,반항 행동,0,외현화 문제,3
학생127 ,-ObjRoCVcO19VQUyfaGC,girl,1학년,괴롭힘 가해,0,외현화 문제,3
학생127 ,-ObjRoCVcO19VQUyfaGC,girl,1학년,외상 침습증상,0,심리외상 문제,3
학생127 ,-ObjRoCVcO19VQUyfaGC,girl,1학년,외상 관련 악몽,0,심리외상 문제,3
학생127 ,-ObjRoCVcO19VQUyfaGC,girl,1학년,외상 후 고립,0,심리외상 문제,3
학생127 ,-ObjRoCVcO19VQUyfaGC,girl,1학년,외상 후 과각성,0,심리외상 문제,3
학생127 ,-ObjRoCVcO19VQUyfaGC,girl,1학년,외상 회피행동,0,심리외상 문제,3
학생127 ,-ObjRoCVcO19VQUyfaGC,girl,1학년,흡연 문제,0,외현화 문제,3
학생127 ,-ObjRoCVcO19VQUyfaGC,girl,1학년,음주 문제,0,외현화 문제,3
학생127 ,-ObjRoCVcO19VQUyfaGC,girl,1학년,적응력 저하,0,학교생활적응 문제,3
학생127 ,-ObjRoCVcO19VQUyfaGC,girl,1학년,분리 불안,0,학교생활적응 문제,3
학생127 ,-ObjRoCVcO19VQUyfaGC,girl,1학년,학습 어려움,0,학교생활적응 문제,3
학생127 ,-ObjRoCVcO19VQUyfaGC,girl,1학년,재산 관련 비행,0,외현화 문제,3
학생127 ,-ObjRoCVcO19VQUyfaGC,girl,1학년,게임 과몰입,0,외현화 문제,3
학생127 ,-ObjRoCVcO19VQUyfaGC,girl,1학년,관계 형성 곤란,0,학교생활적응 문제,3
학생127 ,-ObjRoCVcO19VQUyfaGC,girl,1학년,등교 거부,0,학교생활적응 문제,3
학생127 ,-ObjRoCVcO19VQUyfaGC,girl,1학년,괴롭힘 피해,0,심리외상 문제,3
학생127 ,-ObjRoCVcO19VQUyfaGC,girl,1학년,따돌림 피해,0,심리외상 문제,3
학생128 ,-ObjRodw6P3LG30rKEfT,boy,2학년,사회적 긴장,1,불안 및 우울 문제,9
학생128 ,-ObjRodw6P3LG30rKEfT,boy,2학년,감정 기복,1,불안 및 우울 문제,9
학생128 ,-ObjRodw6P3LG30rKEfT,boy,2학년,과도한 죄책감,0,불안 및 우울 문제,9
학생128 ,-ObjRodw6P3LG30rKEfT,boy,2학년,과민성/짜증,2,불안 및 우울 문제,9
학생128 ,-ObjRodw6P3LG30rKEfT,boy,2학년,낮은 자존감,1,학교생활적응 문제,9
학생128 ,-ObjRodw6P3LG30rKEfT,boy,2학년,무기력/피로,1,불안 및 우울 문제,9
학생128 ,-ObjRodw6P3LG30rKEfT,boy,2학년,예기 불안,0,불안 및 우울 문제,9
학생128 ,-ObjRodw6P3LG30rKEfT,boy,2학년,과도한 불안,0,불안 및 우울 문제,9
학생128 ,-ObjRodw6P3LG30rKEfT,boy,2학년,우울 증상,0,불안 및 우울 문제,9
학생128 ,-ObjRodw6P3LG30rKEfT,boy,2학년,수면 문제,0,학교생활적응 문제,9
학생128 ,-ObjRodw6P3LG30rKEfT,boy,2학년,자살 사고,0,자살 및 위기 문제,9
학생128 ,-ObjRodw6P3LG30rKEfT,boy,2학년,자해 행동,0,자살 및 위기 문제,9
학생128 ,-ObjRodw6P3LG30rKEfT,boy,2학년,자살 계획,0,자살 및 위기 문제,9
학생128 ,-ObjRodw6P3LG30rKEfT,boy,2학년,심각한 자살사고,0,자살 및 위기 문제,9
학생128 ,-ObjRodw6P3LG30rKEfT,boy,2학년,절망감,0,자살 및 위기 문제,9
학생128 ,-ObjRodw6P3LG30rKEfT,boy,2학년,자살 시도,0,자살 및 위기 문제,9
학생128 ,-ObjRodw6P3LG30rKEfT,boy,2학년,빈번한 거짓말,0,외현화 문제,9
학생128 ,-ObjRodw6P3LG30rKEfT,boy,2학년,또래 갈등,0,외현화 문제,9
학생128 ,-ObjRodw6P3LG30rKEfT,boy,2학년,반항 행동,0,외현화 문제,9
학생128 ,-ObjRodw6P3LG30rKEfT,boy,2학년,괴롭힘 가해,0,외현화 문제,9
학생128 ,-ObjRodw6P3LG30rKEfT,boy,2학년,외상 침습증상,0,심리외상 문제,9
학생128 ,-ObjRodw6P3LG30rKEfT,boy,2학년,외상 관련 악몽,0,심리외상 문제,9
학생128 ,-ObjRodw6P3LG30rKEfT,boy,2학년,외상 후 고립,0,심리외상 문제,9
학생128 ,-ObjRodw6P3LG30rKEfT,boy,2학년,외상 후 과각성,1,심리외상 문제,9
학생128 ,-ObjRodw6P3LG30rKEfT,boy,2학년,외상 회피행동,0,심리외상 문제,9
학생128 ,-ObjRodw6P3LG30rKEfT,boy,2학년,흡연 문제,0,외현화 문제,9
학생128 ,-ObjRodw6P3LG30rKEfT,boy,2학년,음주 문제,0,외현화 문제,9
학생128 ,-ObjRodw6P3LG30rKEfT,boy,2학년,적응력 저하,0,학교생활적응 문제,9
학생128 ,-ObjRodw6P3LG30rKEfT,boy,2학년,분리 불안,1,학교생활적응 문제,9
학생128 ,-ObjRodw6P3LG30rKEfT,boy,2학년,학습 어려움,0,학교생활적응 문제,9
학생128 ,-ObjRodw6P3LG30rKEfT,boy,2학년,재산 관련 비행,0,외현화 문제,9
학생128 ,-ObjRodw6P3LG30rKEfT,boy,2학년,게임 과몰입,1,외현화 문제,9
학생128 ,-ObjRodw6P3LG30rKEfT,boy,2학년,관계 형성 곤란,0,학교생활적응 문제,9
학생128 ,-ObjRodw6P3LG30rKEfT,boy,2학년,등교 거부,0,학교생활적응 문제,9
학생128 ,-ObjRodw6P3LG30rKEfT,boy,2학년,괴롭힘 피해,0,심리외상 문제,9
학생128 ,-ObjRodw6P3LG30rKEfT,boy,2학년,따돌림 피해,0,심리외상 문제,9
학생129 ,-ObjRohT0KENlRWEr7-W,boy,1학년,사회적 긴장,0,불안 및 우울 문제,1
학생129 ,-ObjRohT0KENlRWEr7-W,boy,1학년,감정 기복,0,불안 및 우울 문제,1
학생129 ,-ObjRohT0KENlRWEr7-W,boy,1학년,과도한 죄책감,0,불안 및 우울 문제,1
학생129 ,-ObjRohT0KENlRWEr7-W,boy,1학년,과민성/짜증,0,불안 및 우울 문제,1
학생129 ,-ObjRohT0KENlRWEr7-W,boy,1학년,낮은 자존감,1,학교생활적응 문제,1
학생129 ,-ObjRohT0KENlRWEr7-W,boy,1학년,무기력/피로,0,불안 및 우울 문제,1
학생129 ,-ObjRohT0KENlRWEr7-W,boy,1학년,예기 불안,0,불안 및 우울 문제,1
학생129 ,-ObjRohT0KENlRWEr7-W,boy,1학년,과도한 불안,0,불안 및 우울 문제,1
학생129 ,-ObjRohT0KENlRWEr7-W,boy,1학년,우울 증상,0,불안 및 우울 문제,1
학생129 ,-ObjRohT0KENlRWEr7-W,boy,1학년,수면 문제,0,학교생활적응 문제,1
학생129 ,-ObjRohT0KENlRWEr7-W,boy,1학년,자살 사고,0,자살 및 위기 문제,1
학생129 ,-ObjRohT0KENlRWEr7-W,boy,1학년,자해 행동,0,자살 및 위기 문제,1
학생129 ,-ObjRohT0KENlRWEr7-W,boy,1학년,자살 계획,0,자살 및 위기 문제,1
학생129 ,-ObjRohT0KENlRWEr7-W,boy,1학년,심각한 자살사고,0,자살 및 위기 문제,1
학생129 ,-ObjRohT0KENlRWEr7-W,boy,1학년,절망감,0,자살 및 위기 문제,1
학생129 ,-ObjRohT0KENlRWEr7-W,boy,1학년,자살 시도,0,자살 및 위기 문제,1
학생129 ,-ObjRohT0KENlRWEr7-W,boy,1학년,빈번한 거짓말,0,외현화 문제,1
학생129 ,-ObjRohT0KENlRWEr7-W,boy,1학년,또래 갈등,0,외현화 문제,1
학생129 ,-ObjRohT0KENlRWEr7-W,boy,1학년,반항 행동,0,외현화 문제,1
학생129 ,-ObjRohT0KENlRWEr7-W,boy,1학년,괴롭힘 가해,0,외현화 문제,1
학생129 ,-ObjRohT0KENlRWEr7-W,boy,1학년,외상 침습증상,0,심리외상 문제,1
학생129 ,-ObjRohT0KENlRWEr7-W,boy,1학년,외상 관련 악몽,0,심리외상 문제,1
학생129 ,-ObjRohT0KENlRWEr7-W,boy,1학년,외상 후 고립,0,심리외상 문제,1
학생129 ,-ObjRohT0KENlRWEr7-W,boy,1학년,외상 후 과각성,0,심리외상 문제,1
학생129 ,-ObjRohT0KENlRWEr7-W,boy,1학년,외상 회피행동,0,심리외상 문제,1
학생129 ,-ObjRohT0KENlRWEr7-W,boy,1학년,흡연 문제,0,외현화 문제,1
학생129 ,-ObjRohT0KENlRWEr7-W,boy,1학년,음주 문제,0,외현화 문제,1
학생129 ,-ObjRohT0KENlRWEr7-W,boy,1학년,적응력 저하,0,학교생활적응 문제,1
학생129 ,-ObjRohT0KENlRWEr7-W,boy,1학년,분리 불안,0,학교생활적응 문제,1
학생129 ,-ObjRohT0KENlRWEr7-W,boy,1학년,학습 어려움,0,학교생활적응 문제,1
학생129 ,-ObjRohT0KENlRWEr7-W,boy,1학년,재산 관련 비행,0,외현화 문제,1
학생129 ,-ObjRohT0KENlRWEr7-W,boy,1학년,게임 과몰입,0,외현화 문제,1
학생129 ,-ObjRohT0KENlRWEr7-W,boy,1학년,관계 형성 곤란,0,학교생활적응 문제,1
학생129 ,-ObjRohT0KENlRWEr7-W,boy,1학년,등교 거부,0,학교생활적응 문제,1
학생129 ,-ObjRohT0KENlRWEr7-W,boy,1학년,괴롭힘 피해,0,심리외상 문제,1
학생129 ,-ObjRohT0KENlRWEr7-W,boy,1학년,따돌림 피해,0,심리외상 문제,1
학생13 ,-ObjRKIm8jdVCvYqEgZz,boy,1학년,사회적 긴장,1,불안 및 우울 문제,21
학생13 ,-ObjRKIm8jdVCvYqEgZz,boy,1학년,감정 기복,1,불안 및 우울 문제,21
학생13 ,-ObjRKIm8jdVCvYqEgZz,boy,1학년,과도한 죄책감,3,불안 및 우울 문제,21
학생13 ,-ObjRKIm8jdVCvYqEgZz,boy,1학년,과민성/짜증,3,불안 및 우울 문제,21
학생13 ,-ObjRKIm8jdVCvYqEgZz,boy,1학년,낮은 자존감,3,학교생활적응 문제,21
학생13 ,-ObjRKIm8jdVCvYqEgZz,boy,1학년,무기력/피로,3,불안 및 우울 문제,21
학생13 ,-ObjRKIm8jdVCvYqEgZz,boy,1학년,예기 불안,2,불안 및 우울 문제,21
학생13 ,-ObjRKIm8jdVCvYqEgZz,boy,1학년,과도한 불안,2,불안 및 우울 문제,21
학생13 ,-ObjRKIm8jdVCvYqEgZz,boy,1학년,우울 증상,2,불안 및 우울 문제,21
학생13 ,-ObjRKIm8jdVCvYqEgZz,boy,1학년,수면 문제,1,학교생활적응 문제,21
학생13 ,-ObjRKIm8jdVCvYqEgZz,boy,1학년,자살 사고,0,자살 및 위기 문제,21
학생13 ,-ObjRKIm8jdVCvYqEgZz,boy,1학년,자해 행동,0,자살 및 위기 문제,21
학생13 ,-ObjRKIm8jdVCvYqEgZz,boy,1학년,자살 계획,0,자살 및 위기 문제,21
학생13 ,-ObjRKIm8jdVCvYqEgZz,boy,1학년,심각한 자살사고,0,자살 및 위기 문제,21
학생13 ,-ObjRKIm8jdVCvYqEgZz,boy,1학년,절망감,0,자살 및 위기 문제,21
학생13 ,-ObjRKIm8jdVCvYqEgZz,boy,1학년,자살 시도,0,자살 및 위기 문제,21
학생13 ,-ObjRKIm8jdVCvYqEgZz,boy,1학년,빈번한 거짓말,0,외현화 문제,21
학생13 ,-ObjRKIm8jdVCvYqEgZz,boy,1학년,또래 갈등,0,외현화 문제,21
학생13 ,-ObjRKIm8jdVCvYqEgZz,boy,1학년,반항 행동,0,외현화 문제,21
학생13 ,-ObjRKIm8jdVCvYqEgZz,boy,1학년,괴롭힘 가해,0,외현화 문제,21
학생13 ,-ObjRKIm8jdVCvYqEgZz,boy,1학년,외상 침습증상,0,심리외상 문제,21
학생13 ,-ObjRKIm8jdVCvYqEgZz,boy,1학년,외상 관련 악몽,0,심리외상 문제,21
학생13 ,-ObjRKIm8jdVCvYqEgZz,boy,1학년,외상 후 고립,0,심리외상 문제,21
학생13 ,-ObjRKIm8jdVCvYqEgZz,boy,1학년,외상 후 과각성,0,심리외상 문제,21
학생13 ,-ObjRKIm8jdVCvYqEgZz,boy,1학년,외상 회피행동,0,심리외상 문제,21
학생13 ,-ObjRKIm8jdVCvYqEgZz,boy,1학년,흡연 문제,0,외현화 문제,21
학생13 ,-ObjRKIm8jdVCvYqEgZz,boy,1학년,음주 문제,0,외현화 문제,21
학생13 ,-ObjRKIm8jdVCvYqEgZz,boy,1학년,적응력 저하,0,학교생활적응 문제,21
학생13 ,-ObjRKIm8jdVCvYqEgZz,boy,1학년,분리 불안,0,학교생활적응 문제,21
학생13 ,-ObjRKIm8jdVCvYqEgZz,boy,1학년,학습 어려움,0,학교생활적응 문제,21
학생13 ,-ObjRKIm8jdVCvYqEgZz,boy,1학년,재산 관련 비행,0,외현화 문제,21
학생13 ,-ObjRKIm8jdVCvYqEgZz,boy,1학년,게임 과몰입,0,외현화 문제,21
학생13 ,-ObjRKIm8jdVCvYqEgZz,boy,1학년,관계 형성 곤란,0,학교생활적응 문제,21
학생13 ,-ObjRKIm8jdVCvYqEgZz,boy,1학년,등교 거부,0,학교생활적응 문제,21
학생13 ,-ObjRKIm8jdVCvYqEgZz,boy,1학년,괴롭힘 피해,0,심리외상 문제,21
학생13 ,-ObjRKIm8jdVCvYqEgZz,boy,1학년,따돌림 피해,0,심리외상 문제,21
학생130 ,-ObjRohghEYG9n24PK71,girl,1학년,사회적 긴장,1,불안 및 우울 문제,7
학생130 ,-ObjRohghEYG9n24PK71,girl,1학년,감정 기복,0,불안 및 우울 문제,7
학생130 ,-ObjRohghEYG9n24PK71,girl,1학년,과도한 죄책감,0,불안 및 우울 문제,7
학생130 ,-ObjRohghEYG9n24PK71,girl,1학년,과민성/짜증,1,불안 및 우울 문제,7
학생130 ,-ObjRohghEYG9n24PK71,girl,1학년,낮은 자존감,1,학교생활적응 문제,7
학생130 ,-ObjRohghEYG9n24PK71,girl,1학년,무기력/피로,0,불안 및 우울 문제,7
학생130 ,-ObjRohghEYG9n24PK71,girl,1학년,예기 불안,2,불안 및 우울 문제,7
학생130 ,-ObjRohghEYG9n24PK71,girl,1학년,과도한 불안,1,불안 및 우울 문제,7
학생130 ,-ObjRohghEYG9n24PK71,girl,1학년,우울 증상,0,불안 및 우울 문제,7
학생130 ,-ObjRohghEYG9n24PK71,girl,1학년,수면 문제,1,학교생활적응 문제,7
학생130 ,-ObjRohghEYG9n24PK71,girl,1학년,자살 사고,0,자살 및 위기 문제,7
학생130 ,-ObjRohghEYG9n24PK71,girl,1학년,자해 행동,0,자살 및 위기 문제,7
학생130 ,-ObjRohghEYG9n24PK71,girl,1학년,자살 계획,0,자살 및 위기 문제,7
학생130 ,-ObjRohghEYG9n24PK71,girl,1학년,심각한 자살사고,0,자살 및 위기 문제,7
학생130 ,-ObjRohghEYG9n24PK71,girl,1학년,절망감,0,자살 및 위기 문제,7
학생130 ,-ObjRohghEYG9n24PK71,girl,1학년,자살 시도,0,자살 및 위기 문제,7
학생130 ,-ObjRohghEYG9n24PK71,girl,1학년,빈번한 거짓말,0,외현화 문제,7
학생130 ,-ObjRohghEYG9n24PK71,girl,1학년,또래 갈등,0,외현화 문제,7
학생130 ,-ObjRohghEYG9n24PK71,girl,1학년,반항 행동,0,외현화 문제,7
학생130 ,-ObjRohghEYG9n24PK71,girl,1학년,괴롭힘 가해,0,외현화 문제,7
학생130 ,-ObjRohghEYG9n24PK71,girl,1학년,외상 침습증상,0,심리외상 문제,7
학생130 ,-ObjRohghEYG9n24PK71,girl,1학년,외상 관련 악몽,0,심리외상 문제,7
학생130 ,-ObjRohghEYG9n24PK71,girl,1학년,외상 후 고립,0,심리외상 문제,7
학생130 ,-ObjRohghEYG9n24PK71,girl,1학년,외상 후 과각성,0,심리외상 문제,7
학생130 ,-ObjRohghEYG9n24PK71,girl,1학년,외상 회피행동,0,심리외상 문제,7
학생130 ,-ObjRohghEYG9n24PK71,girl,1학년,흡연 문제,0,외현화 문제,7
학생130 ,-ObjRohghEYG9n24PK71,girl,1학년,음주 문제,0,외현화 문제,7
학생130 ,-ObjRohghEYG9n24PK71,girl,1학년,적응력 저하,0,학교생활적응 문제,7
학생130 ,-ObjRohghEYG9n24PK71,girl,1학년,분리 불안,0,학교생활적응 문제,7
학생130 ,-ObjRohghEYG9n24PK71,girl,1학년,학습 어려움,0,학교생활적응 문제,7
학생130 ,-ObjRohghEYG9n24PK71,girl,1학년,재산 관련 비행,0,외현화 문제,7
학생130 ,-ObjRohghEYG9n24PK71,girl,1학년,게임 과몰입,0,외현화 문제,7
학생130 ,-ObjRohghEYG9n24PK71,girl,1학년,관계 형성 곤란,0,학교생활적응 문제,7
학생130 ,-ObjRohghEYG9n24PK71,girl,1학년,등교 거부,0,학교생활적응 문제,7
학생130 ,-ObjRohghEYG9n24PK71,girl,1학년,괴롭힘 피해,0,심리외상 문제,7
학생130 ,-ObjRohghEYG9n24PK71,girl,1학년,따돌림 피해,0,심리외상 문제,7
학생131 ,-ObjRoqZ4XdgWzxD_cjO,girl,1학년,사회적 긴장,2,불안 및 우울 문제,56
학생131 ,-ObjRoqZ4XdgWzxD_cjO,girl,1학년,감정 기복,3,불안 및 우울 문제,56
학생131 ,-ObjRoqZ4XdgWzxD_cjO,girl,1학년,과도한 죄책감,3,불안 및 우울 문제,56
학생131 ,-ObjRoqZ4XdgWzxD_cjO,girl,1학년,과민성/짜증,2,불안 및 우울 문제,56
학생131 ,-ObjRoqZ4XdgWzxD_cjO,girl,1학년,낮은 자존감,2,학교생활적응 문제,56
학생131 ,-ObjRoqZ4XdgWzxD_cjO,girl,1학년,무기력/피로,3,불안 및 우울 문제,56
학생131 ,-ObjRoqZ4XdgWzxD_cjO,girl,1학년,예기 불안,3,불안 및 우울 문제,56
학생131 ,-ObjRoqZ4XdgWzxD_cjO,girl,1학년,과도한 불안,3,불안 및 우울 문제,56
학생131 ,-ObjRoqZ4XdgWzxD_cjO,girl,1학년,우울 증상,3,불안 및 우울 문제,56
학생131 ,-ObjRoqZ4XdgWzxD_cjO,girl,1학년,수면 문제,3,학교생활적응 문제,56
학생131 ,-ObjRoqZ4XdgWzxD_cjO,girl,1학년,자살 사고,3,자살 및 위기 문제,56
학생131 ,-ObjRoqZ4XdgWzxD_cjO,girl,1학년,자해 행동,3,자살 및 위기 문제,56
학생131 ,-ObjRoqZ4XdgWzxD_cjO,girl,1학년,자살 계획,1,자살 및 위기 문제,56
학생131 ,-ObjRoqZ4XdgWzxD_cjO,girl,1학년,심각한 자살사고,2,자살 및 위기 문제,56
학생131 ,-ObjRoqZ4XdgWzxD_cjO,girl,1학년,절망감,2,자살 및 위기 문제,56
학생131 ,-ObjRoqZ4XdgWzxD_cjO,girl,1학년,자살 시도,1,자살 및 위기 문제,56
학생131 ,-ObjRoqZ4XdgWzxD_cjO,girl,1학년,빈번한 거짓말,1,외현화 문제,56
학생131 ,-ObjRoqZ4XdgWzxD_cjO,girl,1학년,또래 갈등,0,외현화 문제,56
학생131 ,-ObjRoqZ4XdgWzxD_cjO,girl,1학년,반항 행동,0,외현화 문제,56
학생131 ,-ObjRoqZ4XdgWzxD_cjO,girl,1학년,괴롭힘 가해,0,외현화 문제,56
학생131 ,-ObjRoqZ4XdgWzxD_cjO,girl,1학년,외상 침습증상,2,심리외상 문제,56
학생131 ,-ObjRoqZ4XdgWzxD_cjO,girl,1학년,외상 관련 악몽,1,심리외상 문제,56
학생131 ,-ObjRoqZ4XdgWzxD_cjO,girl,1학년,외상 후 고립,1,심리외상 문제,56
학생131 ,-ObjRoqZ4XdgWzxD_cjO,girl,1학년,외상 후 과각성,1,심리외상 문제,56
학생131 ,-ObjRoqZ4XdgWzxD_cjO,girl,1학년,외상 회피행동,2,심리외상 문제,56
학생131 ,-ObjRoqZ4XdgWzxD_cjO,girl,1학년,흡연 문제,0,외현화 문제,56
학생131 ,-ObjRoqZ4XdgWzxD_cjO,girl,1학년,음주 문제,0,외현화 문제,56
학생131 ,-ObjRoqZ4XdgWzxD_cjO,girl,1학년,적응력 저하,1,학교생활적응 문제,56
학생131 ,-ObjRoqZ4XdgWzxD_cjO,girl,1학년,분리 불안,1,학교생활적응 문제,56
학생131 ,-ObjRoqZ4XdgWzxD_cjO,girl,1학년,학습 어려움,1,학교생활적응 문제,56
학생131 ,-ObjRoqZ4XdgWzxD_cjO,girl,1학년,재산 관련 비행,1,외현화 문제,56
학생131 ,-ObjRoqZ4XdgWzxD_cjO,girl,1학년,게임 과몰입,1,외현화 문제,56
학생131 ,-ObjRoqZ4XdgWzxD_cjO,girl,1학년,관계 형성 곤란,0,학교생활적응 문제,56
학생131 ,-ObjRoqZ4XdgWzxD_cjO,girl,1학년,등교 거부,2,학교생활적응 문제,56
학생131 ,-ObjRoqZ4XdgWzxD_cjO,girl,1학년,괴롭힘 피해,1,심리외상 문제,56
학생131 ,-ObjRoqZ4XdgWzxD_cjO,girl,1학년,따돌림 피해,1,심리외상 문제,56
학생132 ,-ObjRouMNPr6FZR0nnyH,boy,2학년,사회적 긴장,0,불안 및 우울 문제,4
학생132 ,-ObjRouMNPr6FZR0nnyH,boy,2학년,감정 기복,2,불안 및 우울 문제,4
학생132 ,-ObjRouMNPr6FZR0nnyH,boy,2학년,과도한 죄책감,0,불안 및 우울 문제,4
학생132 ,-ObjRouMNPr6FZR0nnyH,boy,2학년,과민성/짜증,0,불안 및 우울 문제,4
학생132 ,-ObjRouMNPr6FZR0nnyH,boy,2학년,낮은 자존감,0,학교생활적응 문제,4
학생132 ,-ObjRouMNPr6FZR0nnyH,boy,2학년,무기력/피로,0,불안 및 우울 문제,4
학생132 ,-ObjRouMNPr6FZR0nnyH,boy,2학년,예기 불안,0,불안 및 우울 문제,4
학생132 ,-ObjRouMNPr6FZR0nnyH,boy,2학년,과도한 불안,0,불안 및 우울 문제,4
학생132 ,-ObjRouMNPr6FZR0nnyH,boy,2학년,우울 증상,0,불안 및 우울 문제,4
학생132 ,-ObjRouMNPr6FZR0nnyH,boy,2학년,수면 문제,2,학교생활적응 문제,4
학생132 ,-ObjRouMNPr6FZR0nnyH,boy,2학년,자살 사고,0,자살 및 위기 문제,4
학생132 ,-ObjRouMNPr6FZR0nnyH,boy,2학년,자해 행동,0,자살 및 위기 문제,4
학생132 ,-ObjRouMNPr6FZR0nnyH,boy,2학년,자살 계획,0,자살 및 위기 문제,4
학생132 ,-ObjRouMNPr6FZR0nnyH,boy,2학년,심각한 자살사고,0,자살 및 위기 문제,4
학생132 ,-ObjRouMNPr6FZR0nnyH,boy,2학년,절망감,0,자살 및 위기 문제,4
학생132 ,-ObjRouMNPr6FZR0nnyH,boy,2학년,자살 시도,0,자살 및 위기 문제,4
학생132 ,-ObjRouMNPr6FZR0nnyH,boy,2학년,빈번한 거짓말,0,외현화 문제,4
학생132 ,-ObjRouMNPr6FZR0nnyH,boy,2학년,또래 갈등,0,외현화 문제,4
학생132 ,-ObjRouMNPr6FZR0nnyH,boy,2학년,반항 행동,0,외현화 문제,4
학생132 ,-ObjRouMNPr6FZR0nnyH,boy,2학년,괴롭힘 가해,0,외현화 문제,4
학생132 ,-ObjRouMNPr6FZR0nnyH,boy,2학년,외상 침습증상,0,심리외상 문제,4
학생132 ,-ObjRouMNPr6FZR0nnyH,boy,2학년,외상 관련 악몽,0,심리외상 문제,4
학생132 ,-ObjRouMNPr6FZR0nnyH,boy,2학년,외상 후 고립,0,심리외상 문제,4
학생132 ,-ObjRouMNPr6FZR0nnyH,boy,2학년,외상 후 과각성,0,심리외상 문제,4
학생132 ,-ObjRouMNPr6FZR0nnyH,boy,2학년,외상 회피행동,0,심리외상 문제,4
학생132 ,-ObjRouMNPr6FZR0nnyH,boy,2학년,흡연 문제,0,외현화 문제,4
학생132 ,-ObjRouMNPr6FZR0nnyH,boy,2학년,음주 문제,0,외현화 문제,4
학생132 ,-ObjRouMNPr6FZR0nnyH,boy,2학년,적응력 저하,0,학교생활적응 문제,4
학생132 ,-ObjRouMNPr6FZR0nnyH,boy,2학년,분리 불안,0,학교생활적응 문제,4
학생132 ,-ObjRouMNPr6FZR0nnyH,boy,2학년,학습 어려움,0,학교생활적응 문제,4
학생132 ,-ObjRouMNPr6FZR0nnyH,boy,2학년,재산 관련 비행,0,외현화 문제,4
학생132 ,-ObjRouMNPr6FZR0nnyH,boy,2학년,게임 과몰입,0,외현화 문제,4
학생132 ,-ObjRouMNPr6FZR0nnyH,boy,2학년,관계 형성 곤란,0,학교생활적응 문제,4
학생132 ,-ObjRouMNPr6FZR0nnyH,boy,2학년,등교 거부,0,학교생활적응 문제,4
학생132 ,-ObjRouMNPr6FZR0nnyH,boy,2학년,괴롭힘 피해,0,심리외상 문제,4
학생132 ,-ObjRouMNPr6FZR0nnyH,boy,2학년,따돌림 피해,0,심리외상 문제,4
학생133 ,-ObjRp2NTr64be555MqO,girl,1학년,사회적 긴장,1,불안 및 우울 문제,15
학생133 ,-ObjRp2NTr64be555MqO,girl,1학년,감정 기복,1,불안 및 우울 문제,15
학생133 ,-ObjRp2NTr64be555MqO,girl,1학년,과도한 죄책감,2,불안 및 우울 문제,15
학생133 ,-ObjRp2NTr64be555MqO,girl,1학년,과민성/짜증,1,불안 및 우울 문제,15
학생133 ,-ObjRp2NTr64be555MqO,girl,1학년,낮은 자존감,2,학교생활적응 문제,15
학생133 ,-ObjRp2NTr64be555MqO,girl,1학년,무기력/피로,0,불안 및 우울 문제,15
학생133 ,-ObjRp2NTr64be555MqO,girl,1학년,예기 불안,3,불안 및 우울 문제,15
학생133 ,-ObjRp2NTr64be555MqO,girl,1학년,과도한 불안,1,불안 및 우울 문제,15
학생133 ,-ObjRp2NTr64be555MqO,girl,1학년,우울 증상,1,불안 및 우울 문제,15
학생133 ,-ObjRp2NTr64be555MqO,girl,1학년,수면 문제,0,학교생활적응 문제,15
학생133 ,-ObjRp2NTr64be555MqO,girl,1학년,자살 사고,1,자살 및 위기 문제,15
학생133 ,-ObjRp2NTr64be555MqO,girl,1학년,자해 행동,0,자살 및 위기 문제,15
학생133 ,-ObjRp2NTr64be555MqO,girl,1학년,자살 계획,0,자살 및 위기 문제,15
학생133 ,-ObjRp2NTr64be555MqO,girl,1학년,심각한 자살사고,0,자살 및 위기 문제,15
학생133 ,-ObjRp2NTr64be555MqO,girl,1학년,절망감,0,자살 및 위기 문제,15
학생133 ,-ObjRp2NTr64be555MqO,girl,1학년,자살 시도,0,자살 및 위기 문제,15
학생133 ,-ObjRp2NTr64be555MqO,girl,1학년,빈번한 거짓말,1,외현화 문제,15
학생133 ,-ObjRp2NTr64be555MqO,girl,1학년,또래 갈등,0,외현화 문제,15
학생133 ,-ObjRp2NTr64be555MqO,girl,1학년,반항 행동,0,외현화 문제,15
학생133 ,-ObjRp2NTr64be555MqO,girl,1학년,괴롭힘 가해,0,외현화 문제,15
학생133 ,-ObjRp2NTr64be555MqO,girl,1학년,외상 침습증상,0,심리외상 문제,15
학생133 ,-ObjRp2NTr64be555MqO,girl,1학년,외상 관련 악몽,0,심리외상 문제,15
학생133 ,-ObjRp2NTr64be555MqO,girl,1학년,외상 후 고립,0,심리외상 문제,15
학생133 ,-ObjRp2NTr64be555MqO,girl,1학년,외상 후 과각성,0,심리외상 문제,15
학생133 ,-ObjRp2NTr64be555MqO,girl,1학년,외상 회피행동,1,심리외상 문제,15
학생133 ,-ObjRp2NTr64be555MqO,girl,1학년,흡연 문제,0,외현화 문제,15
학생133 ,-ObjRp2NTr64be555MqO,girl,1학년,음주 문제,0,외현화 문제,15
학생133 ,-ObjRp2NTr64be555MqO,girl,1학년,적응력 저하,0,학교생활적응 문제,15
학생133 ,-ObjRp2NTr64be555MqO,girl,1학년,분리 불안,0,학교생활적응 문제,15
학생133 ,-ObjRp2NTr64be555MqO,girl,1학년,학습 어려움,0,학교생활적응 문제,15
학생133 ,-ObjRp2NTr64be555MqO,girl,1학년,재산 관련 비행,0,외현화 문제,15
학생133 ,-ObjRp2NTr64be555MqO,girl,1학년,게임 과몰입,0,외현화 문제,15
학생133 ,-ObjRp2NTr64be555MqO,girl,1학년,관계 형성 곤란,0,학교생활적응 문제,15
학생133 ,-ObjRp2NTr64be555MqO,girl,1학년,등교 거부,0,학교생활적응 문제,15
학생133 ,-ObjRp2NTr64be555MqO,girl,1학년,괴롭힘 피해,0,심리외상 문제,15
학생133 ,-ObjRp2NTr64be555MqO,girl,1학년,따돌림 피해,0,심리외상 문제,15
학생134 ,-ObjRp2PIs7xBV1egyMo,boy,2학년,사회적 긴장,0,불안 및 우울 문제,10
학생134 ,-ObjRp2PIs7xBV1egyMo,boy,2학년,감정 기복,2,불안 및 우울 문제,10
학생134 ,-ObjRp2PIs7xBV1egyMo,boy,2학년,과도한 죄책감,0,불안 및 우울 문제,10
학생134 ,-ObjRp2PIs7xBV1egyMo,boy,2학년,과민성/짜증,1,불안 및 우울 문제,10
학생134 ,-ObjRp2PIs7xBV1egyMo,boy,2학년,낮은 자존감,0,학교생활적응 문제,10
학생134 ,-ObjRp2PIs7xBV1egyMo,boy,2학년,무기력/피로,1,불안 및 우울 문제,10
학생134 ,-ObjRp2PIs7xBV1egyMo,boy,2학년,예기 불안,1,불안 및 우울 문제,10
학생134 ,-ObjRp2PIs7xBV1egyMo,boy,2학년,과도한 불안,0,불안 및 우울 문제,10
학생134 ,-ObjRp2PIs7xBV1egyMo,boy,2학년,우울 증상,0,불안 및 우울 문제,10
학생134 ,-ObjRp2PIs7xBV1egyMo,boy,2학년,수면 문제,1,학교생활적응 문제,10
학생134 ,-ObjRp2PIs7xBV1egyMo,boy,2학년,자살 사고,0,자살 및 위기 문제,10
학생134 ,-ObjRp2PIs7xBV1egyMo,boy,2학년,자해 행동,0,자살 및 위기 문제,10
학생134 ,-ObjRp2PIs7xBV1egyMo,boy,2학년,자살 계획,0,자살 및 위기 문제,10
학생134 ,-ObjRp2PIs7xBV1egyMo,boy,2학년,심각한 자살사고,0,자살 및 위기 문제,10
학생134 ,-ObjRp2PIs7xBV1egyMo,boy,2학년,절망감,0,자살 및 위기 문제,10
학생134 ,-ObjRp2PIs7xBV1egyMo,boy,2학년,자살 시도,0,자살 및 위기 문제,10
학생134 ,-ObjRp2PIs7xBV1egyMo,boy,2학년,빈번한 거짓말,0,외현화 문제,10
학생134 ,-ObjRp2PIs7xBV1egyMo,boy,2학년,또래 갈등,1,외현화 문제,10
학생134 ,-ObjRp2PIs7xBV1egyMo,boy,2학년,반항 행동,0,외현화 문제,10
학생134 ,-ObjRp2PIs7xBV1egyMo,boy,2학년,괴롭힘 가해,0,외현화 문제,10
학생134 ,-ObjRp2PIs7xBV1egyMo,boy,2학년,외상 침습증상,0,심리외상 문제,10
학생134 ,-ObjRp2PIs7xBV1egyMo,boy,2학년,외상 관련 악몽,0,심리외상 문제,10
학생134 ,-ObjRp2PIs7xBV1egyMo,boy,2학년,외상 후 고립,0,심리외상 문제,10
학생134 ,-ObjRp2PIs7xBV1egyMo,boy,2학년,외상 후 과각성,0,심리외상 문제,10
학생134 ,-ObjRp2PIs7xBV1egyMo,boy,2학년,외상 회피행동,0,심리외상 문제,10
학생134 ,-ObjRp2PIs7xBV1egyMo,boy,2학년,흡연 문제,0,외현화 문제,10
학생134 ,-ObjRp2PIs7xBV1egyMo,boy,2학년,음주 문제,0,외현화 문제,10
학생134 ,-ObjRp2PIs7xBV1egyMo,boy,2학년,적응력 저하,0,학교생활적응 문제,10
학생134 ,-ObjRp2PIs7xBV1egyMo,boy,2학년,분리 불안,0,학교생활적응 문제,10
학생134 ,-ObjRp2PIs7xBV1egyMo,boy,2학년,학습 어려움,1,학교생활적응 문제,10
학생134 ,-ObjRp2PIs7xBV1egyMo,boy,2학년,재산 관련 비행,1,외현화 문제,10
학생134 ,-ObjRp2PIs7xBV1egyMo,boy,2학년,게임 과몰입,1,외현화 문제,10
학생134 ,-ObjRp2PIs7xBV1egyMo,boy,2학년,관계 형성 곤란,0,학교생활적응 문제,10
학생134 ,-ObjRp2PIs7xBV1egyMo,boy,2학년,등교 거부,0,학교생활적응 문제,10
학생134 ,-ObjRp2PIs7xBV1egyMo,boy,2학년,괴롭힘 피해,0,심리외상 문제,10
학생134 ,-ObjRp2PIs7xBV1egyMo,boy,2학년,따돌림 피해,0,심리외상 문제,10
학생135 ,-ObjRp8KciZVscfm0GXD,boy,2학년,사회적 긴장,2,불안 및 우울 문제,10
학생135 ,-ObjRp8KciZVscfm0GXD,boy,2학년,감정 기복,1,불안 및 우울 문제,10
학생135 ,-ObjRp8KciZVscfm0GXD,boy,2학년,과도한 죄책감,1,불안 및 우울 문제,10
학생135 ,-ObjRp8KciZVscfm0GXD,boy,2학년,과민성/짜증,1,불안 및 우울 문제,10
학생135 ,-ObjRp8KciZVscfm0GXD,boy,2학년,낮은 자존감,1,학교생활적응 문제,10
학생135 ,-ObjRp8KciZVscfm0GXD,boy,2학년,무기력/피로,1,불안 및 우울 문제,10
학생135 ,-ObjRp8KciZVscfm0GXD,boy,2학년,예기 불안,1,불안 및 우울 문제,10
학생135 ,-ObjRp8KciZVscfm0GXD,boy,2학년,과도한 불안,1,불안 및 우울 문제,10
학생135 ,-ObjRp8KciZVscfm0GXD,boy,2학년,우울 증상,1,불안 및 우울 문제,10
학생135 ,-ObjRp8KciZVscfm0GXD,boy,2학년,수면 문제,0,학교생활적응 문제,10
학생135 ,-ObjRp8KciZVscfm0GXD,boy,2학년,자살 사고,0,자살 및 위기 문제,10
학생135 ,-ObjRp8KciZVscfm0GXD,boy,2학년,자해 행동,0,자살 및 위기 문제,10
학생135 ,-ObjRp8KciZVscfm0GXD,boy,2학년,자살 계획,0,자살 및 위기 문제,10
학생135 ,-ObjRp8KciZVscfm0GXD,boy,2학년,심각한 자살사고,0,자살 및 위기 문제,10
학생135 ,-ObjRp8KciZVscfm0GXD,boy,2학년,절망감,0,자살 및 위기 문제,10
학생135 ,-ObjRp8KciZVscfm0GXD,boy,2학년,자살 시도,0,자살 및 위기 문제,10
학생135 ,-ObjRp8KciZVscfm0GXD,boy,2학년,빈번한 거짓말,0,외현화 문제,10
학생135 ,-ObjRp8KciZVscfm0GXD,boy,2학년,또래 갈등,0,외현화 문제,10
학생135 ,-ObjRp8KciZVscfm0GXD,boy,2학년,반항 행동,0,외현화 문제,10
학생135 ,-ObjRp8KciZVscfm0GXD,boy,2학년,괴롭힘 가해,0,외현화 문제,10
학생135 ,-ObjRp8KciZVscfm0GXD,boy,2학년,외상 침습증상,0,심리외상 문제,10
학생135 ,-ObjRp8KciZVscfm0GXD,boy,2학년,외상 관련 악몽,0,심리외상 문제,10
학생135 ,-ObjRp8KciZVscfm0GXD,boy,2학년,외상 후 고립,0,심리외상 문제,10
학생135 ,-ObjRp8KciZVscfm0GXD,boy,2학년,외상 후 과각성,0,심리외상 문제,10
학생135 ,-ObjRp8KciZVscfm0GXD,boy,2학년,외상 회피행동,0,심리외상 문제,10
학생135 ,-ObjRp8KciZVscfm0GXD,boy,2학년,흡연 문제,0,외현화 문제,10
학생135 ,-ObjRp8KciZVscfm0GXD,boy,2학년,음주 문제,0,외현화 문제,10
학생135 ,-ObjRp8KciZVscfm0GXD,boy,2학년,적응력 저하,0,학교생활적응 문제,10
학생135 ,-ObjRp8KciZVscfm0GXD,boy,2학년,분리 불안,0,학교생활적응 문제,10
학생135 ,-ObjRp8KciZVscfm0GXD,boy,2학년,학습 어려움,0,학교생활적응 문제,10
학생135 ,-ObjRp8KciZVscfm0GXD,boy,2학년,재산 관련 비행,0,외현화 문제,10
학생135 ,-ObjRp8KciZVscfm0GXD,boy,2학년,게임 과몰입,0,외현화 문제,10
학생135 ,-ObjRp8KciZVscfm0GXD,boy,2학년,관계 형성 곤란,0,학교생활적응 문제,10
학생135 ,-ObjRp8KciZVscfm0GXD,boy,2학년,등교 거부,0,학교생활적응 문제,10
학생135 ,-ObjRp8KciZVscfm0GXD,boy,2학년,괴롭힘 피해,0,심리외상 문제,10
학생135 ,-ObjRp8KciZVscfm0GXD,boy,2학년,따돌림 피해,0,심리외상 문제,10
학생136 ,-ObjRpmQ-nzXuwsTGS-M,boy,2학년,사회적 긴장,1,불안 및 우울 문제,21
학생136 ,-ObjRpmQ-nzXuwsTGS-M,boy,2학년,감정 기복,2,불안 및 우울 문제,21
학생136 ,-ObjRpmQ-nzXuwsTGS-M,boy,2학년,과도한 죄책감,0,불안 및 우울 문제,21
학생136 ,-ObjRpmQ-nzXuwsTGS-M,boy,2학년,과민성/짜증,2,불안 및 우울 문제,21
학생136 ,-ObjRpmQ-nzXuwsTGS-M,boy,2학년,낮은 자존감,1,학교생활적응 문제,21
학생136 ,-ObjRpmQ-nzXuwsTGS-M,boy,2학년,무기력/피로,2,불안 및 우울 문제,21
학생136 ,-ObjRpmQ-nzXuwsTGS-M,boy,2학년,예기 불안,1,불안 및 우울 문제,21
학생136 ,-ObjRpmQ-nzXuwsTGS-M,boy,2학년,과도한 불안,1,불안 및 우울 문제,21
학생136 ,-ObjRpmQ-nzXuwsTGS-M,boy,2학년,우울 증상,2,불안 및 우울 문제,21
학생136 ,-ObjRpmQ-nzXuwsTGS-M,boy,2학년,수면 문제,3,학교생활적응 문제,21
학생136 ,-ObjRpmQ-nzXuwsTGS-M,boy,2학년,자살 사고,1,자살 및 위기 문제,21
학생136 ,-ObjRpmQ-nzXuwsTGS-M,boy,2학년,자해 행동,0,자살 및 위기 문제,21
학생136 ,-ObjRpmQ-nzXuwsTGS-M,boy,2학년,자살 계획,0,자살 및 위기 문제,21
학생136 ,-ObjRpmQ-nzXuwsTGS-M,boy,2학년,심각한 자살사고,1,자살 및 위기 문제,21
학생136 ,-ObjRpmQ-nzXuwsTGS-M,boy,2학년,절망감,0,자살 및 위기 문제,21
학생136 ,-ObjRpmQ-nzXuwsTGS-M,boy,2학년,자살 시도,0,자살 및 위기 문제,21
학생136 ,-ObjRpmQ-nzXuwsTGS-M,boy,2학년,빈번한 거짓말,0,외현화 문제,21
학생136 ,-ObjRpmQ-nzXuwsTGS-M,boy,2학년,또래 갈등,0,외현화 문제,21
학생136 ,-ObjRpmQ-nzXuwsTGS-M,boy,2학년,반항 행동,0,외현화 문제,21
학생136 ,-ObjRpmQ-nzXuwsTGS-M,boy,2학년,괴롭힘 가해,0,외현화 문제,21
학생136 ,-ObjRpmQ-nzXuwsTGS-M,boy,2학년,외상 침습증상,1,심리외상 문제,21
학생136 ,-ObjRpmQ-nzXuwsTGS-M,boy,2학년,외상 관련 악몽,0,심리외상 문제,21
학생136 ,-ObjRpmQ-nzXuwsTGS-M,boy,2학년,외상 후 고립,0,심리외상 문제,21
학생136 ,-ObjRpmQ-nzXuwsTGS-M,boy,2학년,외상 후 과각성,0,심리외상 문제,21
학생136 ,-ObjRpmQ-nzXuwsTGS-M,boy,2학년,외상 회피행동,0,심리외상 문제,21
학생136 ,-ObjRpmQ-nzXuwsTGS-M,boy,2학년,흡연 문제,0,외현화 문제,21
학생136 ,-ObjRpmQ-nzXuwsTGS-M,boy,2학년,음주 문제,0,외현화 문제,21
학생136 ,-ObjRpmQ-nzXuwsTGS-M,boy,2학년,적응력 저하,0,학교생활적응 문제,21
학생136 ,-ObjRpmQ-nzXuwsTGS-M,boy,2학년,분리 불안,0,학교생활적응 문제,21
학생136 ,-ObjRpmQ-nzXuwsTGS-M,boy,2학년,학습 어려움,0,학교생활적응 문제,21
학생136 ,-ObjRpmQ-nzXuwsTGS-M,boy,2학년,재산 관련 비행,0,외현화 문제,21
학생136 ,-ObjRpmQ-nzXuwsTGS-M,boy,2학년,게임 과몰입,1,외현화 문제,21
학생136 ,-ObjRpmQ-nzXuwsTGS-M,boy,2학년,관계 형성 곤란,1,학교생활적응 문제,21
학생136 ,-ObjRpmQ-nzXuwsTGS-M,boy,2학년,등교 거부,1,학교생활적응 문제,21
학생136 ,-ObjRpmQ-nzXuwsTGS-M,boy,2학년,괴롭힘 피해,0,심리외상 문제,21
학생136 ,-ObjRpmQ-nzXuwsTGS-M,boy,2학년,따돌림 피해,0,심리외상 문제,21
학생137 ,-ObjRq9pf0efvSLOZGg0,boy,2학년,사회적 긴장,1,불안 및 우울 문제,5
학생137 ,-ObjRq9pf0efvSLOZGg0,boy,2학년,감정 기복,0,불안 및 우울 문제,5
학생137 ,-ObjRq9pf0efvSLOZGg0,boy,2학년,과도한 죄책감,0,불안 및 우울 문제,5
학생137 ,-ObjRq9pf0efvSLOZGg0,boy,2학년,과민성/짜증,0,불안 및 우울 문제,5
학생137 ,-ObjRq9pf0efvSLOZGg0,boy,2학년,낮은 자존감,1,학교생활적응 문제,5
학생137 ,-ObjRq9pf0efvSLOZGg0,boy,2학년,무기력/피로,0,불안 및 우울 문제,5
학생137 ,-ObjRq9pf0efvSLOZGg0,boy,2학년,예기 불안,1,불안 및 우울 문제,5
학생137 ,-ObjRq9pf0efvSLOZGg0,boy,2학년,과도한 불안,0,불안 및 우울 문제,5
학생137 ,-ObjRq9pf0efvSLOZGg0,boy,2학년,우울 증상,0,불안 및 우울 문제,5
학생137 ,-ObjRq9pf0efvSLOZGg0,boy,2학년,수면 문제,0,학교생활적응 문제,5
학생137 ,-ObjRq9pf0efvSLOZGg0,boy,2학년,자살 사고,0,자살 및 위기 문제,5
학생137 ,-ObjRq9pf0efvSLOZGg0,boy,2학년,자해 행동,0,자살 및 위기 문제,5
학생137 ,-ObjRq9pf0efvSLOZGg0,boy,2학년,자살 계획,0,자살 및 위기 문제,5
학생137 ,-ObjRq9pf0efvSLOZGg0,boy,2학년,심각한 자살사고,0,자살 및 위기 문제,5
학생137 ,-ObjRq9pf0efvSLOZGg0,boy,2학년,절망감,0,자살 및 위기 문제,5
학생137 ,-ObjRq9pf0efvSLOZGg0,boy,2학년,자살 시도,0,자살 및 위기 문제,5
학생137 ,-ObjRq9pf0efvSLOZGg0,boy,2학년,빈번한 거짓말,0,외현화 문제,5
학생137 ,-ObjRq9pf0efvSLOZGg0,boy,2학년,또래 갈등,0,외현화 문제,5
학생137 ,-ObjRq9pf0efvSLOZGg0,boy,2학년,반항 행동,0,외현화 문제,5
학생137 ,-ObjRq9pf0efvSLOZGg0,boy,2학년,괴롭힘 가해,0,외현화 문제,5
학생137 ,-ObjRq9pf0efvSLOZGg0,boy,2학년,외상 침습증상,1,심리외상 문제,5
학생137 ,-ObjRq9pf0efvSLOZGg0,boy,2학년,외상 관련 악몽,0,심리외상 문제,5
학생137 ,-ObjRq9pf0efvSLOZGg0,boy,2학년,외상 후 고립,0,심리외상 문제,5
학생137 ,-ObjRq9pf0efvSLOZGg0,boy,2학년,외상 후 과각성,0,심리외상 문제,5
학생137 ,-ObjRq9pf0efvSLOZGg0,boy,2학년,외상 회피행동,1,심리외상 문제,5
학생137 ,-ObjRq9pf0efvSLOZGg0,boy,2학년,흡연 문제,0,외현화 문제,5
학생137 ,-ObjRq9pf0efvSLOZGg0,boy,2학년,음주 문제,0,외현화 문제,5
학생137 ,-ObjRq9pf0efvSLOZGg0,boy,2학년,적응력 저하,0,학교생활적응 문제,5
학생137 ,-ObjRq9pf0efvSLOZGg0,boy,2학년,분리 불안,0,학교생활적응 문제,5
학생137 ,-ObjRq9pf0efvSLOZGg0,boy,2학년,학습 어려움,0,학교생활적응 문제,5
학생137 ,-ObjRq9pf0efvSLOZGg0,boy,2학년,재산 관련 비행,0,외현화 문제,5
학생137 ,-ObjRq9pf0efvSLOZGg0,boy,2학년,게임 과몰입,0,외현화 문제,5
학생137 ,-ObjRq9pf0efvSLOZGg0,boy,2학년,관계 형성 곤란,0,학교생활적응 문제,5
학생137 ,-ObjRq9pf0efvSLOZGg0,boy,2학년,등교 거부,0,학교생활적응 문제,5
학생137 ,-ObjRq9pf0efvSLOZGg0,boy,2학년,괴롭힘 피해,0,심리외상 문제,5
학생137 ,-ObjRq9pf0efvSLOZGg0,boy,2학년,따돌림 피해,0,심리외상 문제,5
학생138 ,-ObjRqCCLXT3hXLwpOuv,boy,3학년,사회적 긴장,1,불안 및 우울 문제,5
학생138 ,-ObjRqCCLXT3hXLwpOuv,boy,3학년,감정 기복,0,불안 및 우울 문제,5
학생138 ,-ObjRqCCLXT3hXLwpOuv,boy,3학년,과도한 죄책감,0,불안 및 우울 문제,5
학생138 ,-ObjRqCCLXT3hXLwpOuv,boy,3학년,과민성/짜증,0,불안 및 우울 문제,5
학생138 ,-ObjRqCCLXT3hXLwpOuv,boy,3학년,낮은 자존감,2,학교생활적응 문제,5
학생138 ,-ObjRqCCLXT3hXLwpOuv,boy,3학년,무기력/피로,0,불안 및 우울 문제,5
학생138 ,-ObjRqCCLXT3hXLwpOuv,boy,3학년,예기 불안,0,불안 및 우울 문제,5
학생138 ,-ObjRqCCLXT3hXLwpOuv,boy,3학년,과도한 불안,1,불안 및 우울 문제,5
학생138 ,-ObjRqCCLXT3hXLwpOuv,boy,3학년,우울 증상,0,불안 및 우울 문제,5
학생138 ,-ObjRqCCLXT3hXLwpOuv,boy,3학년,수면 문제,0,학교생활적응 문제,5
학생138 ,-ObjRqCCLXT3hXLwpOuv,boy,3학년,자살 사고,0,자살 및 위기 문제,5
학생138 ,-ObjRqCCLXT3hXLwpOuv,boy,3학년,자해 행동,0,자살 및 위기 문제,5
학생138 ,-ObjRqCCLXT3hXLwpOuv,boy,3학년,자살 계획,0,자살 및 위기 문제,5
학생138 ,-ObjRqCCLXT3hXLwpOuv,boy,3학년,심각한 자살사고,0,자살 및 위기 문제,5
학생138 ,-ObjRqCCLXT3hXLwpOuv,boy,3학년,절망감,0,자살 및 위기 문제,5
학생138 ,-ObjRqCCLXT3hXLwpOuv,boy,3학년,자살 시도,0,자살 및 위기 문제,5
학생138 ,-ObjRqCCLXT3hXLwpOuv,boy,3학년,빈번한 거짓말,0,외현화 문제,5
학생138 ,-ObjRqCCLXT3hXLwpOuv,boy,3학년,또래 갈등,0,외현화 문제,5
학생138 ,-ObjRqCCLXT3hXLwpOuv,boy,3학년,반항 행동,0,외현화 문제,5
학생138 ,-ObjRqCCLXT3hXLwpOuv,boy,3학년,괴롭힘 가해,0,외현화 문제,5
학생138 ,-ObjRqCCLXT3hXLwpOuv,boy,3학년,외상 침습증상,0,심리외상 문제,5
학생138 ,-ObjRqCCLXT3hXLwpOuv,boy,3학년,외상 관련 악몽,0,심리외상 문제,5
학생138 ,-ObjRqCCLXT3hXLwpOuv,boy,3학년,외상 후 고립,0,심리외상 문제,5
학생138 ,-ObjRqCCLXT3hXLwpOuv,boy,3학년,외상 후 과각성,0,심리외상 문제,5
학생138 ,-ObjRqCCLXT3hXLwpOuv,boy,3학년,외상 회피행동,0,심리외상 문제,5
학생138 ,-ObjRqCCLXT3hXLwpOuv,boy,3학년,흡연 문제,0,외현화 문제,5
학생138 ,-ObjRqCCLXT3hXLwpOuv,boy,3학년,음주 문제,0,외현화 문제,5
학생138 ,-ObjRqCCLXT3hXLwpOuv,boy,3학년,적응력 저하,0,학교생활적응 문제,5
학생138 ,-ObjRqCCLXT3hXLwpOuv,boy,3학년,분리 불안,0,학교생활적응 문제,5
학생138 ,-ObjRqCCLXT3hXLwpOuv,boy,3학년,학습 어려움,0,학교생활적응 문제,5
학생138 ,-ObjRqCCLXT3hXLwpOuv,boy,3학년,재산 관련 비행,0,외현화 문제,5
학생138 ,-ObjRqCCLXT3hXLwpOuv,boy,3학년,게임 과몰입,1,외현화 문제,5
학생138 ,-ObjRqCCLXT3hXLwpOuv,boy,3학년,관계 형성 곤란,0,학교생활적응 문제,5
학생138 ,-ObjRqCCLXT3hXLwpOuv,boy,3학년,등교 거부,0,학교생활적응 문제,5
학생138 ,-ObjRqCCLXT3hXLwpOuv,boy,3학년,괴롭힘 피해,0,심리외상 문제,5
학생138 ,-ObjRqCCLXT3hXLwpOuv,boy,3학년,따돌림 피해,0,심리외상 문제,5
학생139 ,-ObjRqa7JAoeWOkLsb_I,girl,2학년,사회적 긴장,0,불안 및 우울 문제,0
학생139 ,-ObjRqa7JAoeWOkLsb_I,girl,2학년,감정 기복,0,불안 및 우울 문제,0
학생139 ,-ObjRqa7JAoeWOkLsb_I,girl,2학년,과도한 죄책감,0,불안 및 우울 문제,0
학생139 ,-ObjRqa7JAoeWOkLsb_I,girl,2학년,과민성/짜증,0,불안 및 우울 문제,0
학생139 ,-ObjRqa7JAoeWOkLsb_I,girl,2학년,낮은 자존감,0,학교생활적응 문제,0
학생139 ,-ObjRqa7JAoeWOkLsb_I,girl,2학년,무기력/피로,0,불안 및 우울 문제,0
학생139 ,-ObjRqa7JAoeWOkLsb_I,girl,2학년,예기 불안,0,불안 및 우울 문제,0
학생139 ,-ObjRqa7JAoeWOkLsb_I,girl,2학년,과도한 불안,0,불안 및 우울 문제,0
학생139 ,-ObjRqa7JAoeWOkLsb_I,girl,2학년,우울 증상,0,불안 및 우울 문제,0
학생139 ,-ObjRqa7JAoeWOkLsb_I,girl,2학년,수면 문제,0,학교생활적응 문제,0
학생139 ,-ObjRqa7JAoeWOkLsb_I,girl,2학년,자살 사고,0,자살 및 위기 문제,0
학생139 ,-ObjRqa7JAoeWOkLsb_I,girl,2학년,자해 행동,0,자살 및 위기 문제,0
학생139 ,-ObjRqa7JAoeWOkLsb_I,girl,2학년,자살 계획,0,자살 및 위기 문제,0
학생139 ,-ObjRqa7JAoeWOkLsb_I,girl,2학년,심각한 자살사고,0,자살 및 위기 문제,0
학생139 ,-ObjRqa7JAoeWOkLsb_I,girl,2학년,절망감,0,자살 및 위기 문제,0
학생139 ,-ObjRqa7JAoeWOkLsb_I,girl,2학년,자살 시도,0,자살 및 위기 문제,0
학생139 ,-ObjRqa7JAoeWOkLsb_I,girl,2학년,빈번한 거짓말,0,외현화 문제,0
학생139 ,-ObjRqa7JAoeWOkLsb_I,girl,2학년,또래 갈등,0,외현화 문제,0
학생139 ,-ObjRqa7JAoeWOkLsb_I,girl,2학년,반항 행동,0,외현화 문제,0
학생139 ,-ObjRqa7JAoeWOkLsb_I,girl,2학년,괴롭힘 가해,0,외현화 문제,0
학생139 ,-ObjRqa7JAoeWOkLsb_I,girl,2학년,외상 침습증상,0,심리외상 문제,0
학생139 ,-ObjRqa7JAoeWOkLsb_I,girl,2학년,외상 관련 악몽,0,심리외상 문제,0
학생139 ,-ObjRqa7JAoeWOkLsb_I,girl,2학년,외상 후 고립,0,심리외상 문제,0
학생139 ,-ObjRqa7JAoeWOkLsb_I,girl,2학년,외상 후 과각성,0,심리외상 문제,0
학생139 ,-ObjRqa7JAoeWOkLsb_I,girl,2학년,외상 회피행동,0,심리외상 문제,0
학생139 ,-ObjRqa7JAoeWOkLsb_I,girl,2학년,흡연 문제,0,외현화 문제,0
학생139 ,-ObjRqa7JAoeWOkLsb_I,girl,2학년,음주 문제,0,외현화 문제,0
학생139 ,-ObjRqa7JAoeWOkLsb_I,girl,2학년,적응력 저하,0,학교생활적응 문제,0
학생139 ,-ObjRqa7JAoeWOkLsb_I,girl,2학년,분리 불안,0,학교생활적응 문제,0
학생139 ,-ObjRqa7JAoeWOkLsb_I,girl,2학년,학습 어려움,0,학교생활적응 문제,0
학생139 ,-ObjRqa7JAoeWOkLsb_I,girl,2학년,재산 관련 비행,0,외현화 문제,0
학생139 ,-ObjRqa7JAoeWOkLsb_I,girl,2학년,게임 과몰입,0,외현화 문제,0
학생139 ,-ObjRqa7JAoeWOkLsb_I,girl,2학년,관계 형성 곤란,0,학교생활적응 문제,0
학생139 ,-ObjRqa7JAoeWOkLsb_I,girl,2학년,등교 거부,0,학교생활적응 문제,0
학생139 ,-ObjRqa7JAoeWOkLsb_I,girl,2학년,괴롭힘 피해,0,심리외상 문제,0
학생139 ,-ObjRqa7JAoeWOkLsb_I,girl,2학년,따돌림 피해,0,심리외상 문제,0
학생14 ,-ObjRKqsBMd8u1catlPi,girl,2학년,사회적 긴장,1,불안 및 우울 문제,9
학생14 ,-ObjRKqsBMd8u1catlPi,girl,2학년,감정 기복,1,불안 및 우울 문제,9
학생14 ,-ObjRKqsBMd8u1catlPi,girl,2학년,과도한 죄책감,0,불안 및 우울 문제,9
학생14 ,-ObjRKqsBMd8u1catlPi,girl,2학년,과민성/짜증,1,불안 및 우울 문제,9
학생14 ,-ObjRKqsBMd8u1catlPi,girl,2학년,낮은 자존감,1,학교생활적응 문제,9
학생14 ,-ObjRKqsBMd8u1catlPi,girl,2학년,무기력/피로,1,불안 및 우울 문제,9
학생14 ,-ObjRKqsBMd8u1catlPi,girl,2학년,예기 불안,2,불안 및 우울 문제,9
학생14 ,-ObjRKqsBMd8u1catlPi,girl,2학년,과도한 불안,0,불안 및 우울 문제,9
학생14 ,-ObjRKqsBMd8u1catlPi,girl,2학년,우울 증상,2,불안 및 우울 문제,9
학생14 ,-ObjRKqsBMd8u1catlPi,girl,2학년,수면 문제,0,학교생활적응 문제,9
학생14 ,-ObjRKqsBMd8u1catlPi,girl,2학년,자살 사고,0,자살 및 위기 문제,9
학생14 ,-ObjRKqsBMd8u1catlPi,girl,2학년,자해 행동,0,자살 및 위기 문제,9
학생14 ,-ObjRKqsBMd8u1catlPi,girl,2학년,자살 계획,0,자살 및 위기 문제,9
학생14 ,-ObjRKqsBMd8u1catlPi,girl,2학년,심각한 자살사고,0,자살 및 위기 문제,9
학생14 ,-ObjRKqsBMd8u1catlPi,girl,2학년,절망감,0,자살 및 위기 문제,9
학생14 ,-ObjRKqsBMd8u1catlPi,girl,2학년,자살 시도,0,자살 및 위기 문제,9
학생14 ,-ObjRKqsBMd8u1catlPi,girl,2학년,빈번한 거짓말,0,외현화 문제,9
학생14 ,-ObjRKqsBMd8u1catlPi,girl,2학년,또래 갈등,0,외현화 문제,9
학생14 ,-ObjRKqsBMd8u1catlPi,girl,2학년,반항 행동,0,외현화 문제,9
학생14 ,-ObjRKqsBMd8u1catlPi,girl,2학년,괴롭힘 가해,0,외현화 문제,9
학생14 ,-ObjRKqsBMd8u1catlPi,girl,2학년,외상 침습증상,0,심리외상 문제,9
학생14 ,-ObjRKqsBMd8u1catlPi,girl,2학년,외상 관련 악몽,0,심리외상 문제,9
학생14 ,-ObjRKqsBMd8u1catlPi,girl,2학년,외상 후 고립,0,심리외상 문제,9
학생14 ,-ObjRKqsBMd8u1catlPi,girl,2학년,외상 후 과각성,0,심리외상 문제,9
학생14 ,-ObjRKqsBMd8u1catlPi,girl,2학년,외상 회피행동,0,심리외상 문제,9
학생14 ,-ObjRKqsBMd8u1catlPi,girl,2학년,흡연 문제,0,외현화 문제,9
학생14 ,-ObjRKqsBMd8u1catlPi,girl,2학년,음주 문제,0,외현화 문제,9
학생14 ,-ObjRKqsBMd8u1catlPi,girl,2학년,적응력 저하,0,학교생활적응 문제,9
학생14 ,-ObjRKqsBMd8u1catlPi,girl,2학년,분리 불안,0,학교생활적응 문제,9
학생14 ,-ObjRKqsBMd8u1catlPi,girl,2학년,학습 어려움,0,학교생활적응 문제,9
학생14 ,-ObjRKqsBMd8u1catlPi,girl,2학년,재산 관련 비행,0,외현화 문제,9
학생14 ,-ObjRKqsBMd8u1catlPi,girl,2학년,게임 과몰입,0,외현화 문제,9
학생14 ,-ObjRKqsBMd8u1catlPi,girl,2학년,관계 형성 곤란,0,학교생활적응 문제,9
학생14 ,-ObjRKqsBMd8u1catlPi,girl,2학년,등교 거부,0,학교생활적응 문제,9
학생14 ,-ObjRKqsBMd8u1catlPi,girl,2학년,괴롭힘 피해,0,심리외상 문제,9
학생14 ,-ObjRKqsBMd8u1catlPi,girl,2학년,따돌림 피해,0,심리외상 문제,9
학생140 ,-ObjRqioIq_VRDvHI6Dj,girl,1학년,사회적 긴장,1,불안 및 우울 문제,28
학생140 ,-ObjRqioIq_VRDvHI6Dj,girl,1학년,감정 기복,1,불안 및 우울 문제,28
학생140 ,-ObjRqioIq_VRDvHI6Dj,girl,1학년,과도한 죄책감,1,불안 및 우울 문제,28
학생140 ,-ObjRqioIq_VRDvHI6Dj,girl,1학년,과민성/짜증,2,불안 및 우울 문제,28
학생140 ,-ObjRqioIq_VRDvHI6Dj,girl,1학년,낮은 자존감,2,학교생활적응 문제,28
학생140 ,-ObjRqioIq_VRDvHI6Dj,girl,1학년,무기력/피로,2,불안 및 우울 문제,28
학생140 ,-ObjRqioIq_VRDvHI6Dj,girl,1학년,예기 불안,2,불안 및 우울 문제,28
학생140 ,-ObjRqioIq_VRDvHI6Dj,girl,1학년,과도한 불안,2,불안 및 우울 문제,28
학생140 ,-ObjRqioIq_VRDvHI6Dj,girl,1학년,우울 증상,2,불안 및 우울 문제,28
학생140 ,-ObjRqioIq_VRDvHI6Dj,girl,1학년,수면 문제,1,학교생활적응 문제,28
학생140 ,-ObjRqioIq_VRDvHI6Dj,girl,1학년,자살 사고,2,자살 및 위기 문제,28
학생140 ,-ObjRqioIq_VRDvHI6Dj,girl,1학년,자해 행동,0,자살 및 위기 문제,28
학생140 ,-ObjRqioIq_VRDvHI6Dj,girl,1학년,자살 계획,2,자살 및 위기 문제,28
학생140 ,-ObjRqioIq_VRDvHI6Dj,girl,1학년,심각한 자살사고,1,자살 및 위기 문제,28
학생140 ,-ObjRqioIq_VRDvHI6Dj,girl,1학년,절망감,2,자살 및 위기 문제,28
학생140 ,-ObjRqioIq_VRDvHI6Dj,girl,1학년,자살 시도,0,자살 및 위기 문제,28
학생140 ,-ObjRqioIq_VRDvHI6Dj,girl,1학년,빈번한 거짓말,1,외현화 문제,28
학생140 ,-ObjRqioIq_VRDvHI6Dj,girl,1학년,또래 갈등,0,외현화 문제,28
학생140 ,-ObjRqioIq_VRDvHI6Dj,girl,1학년,반항 행동,0,외현화 문제,28
학생140 ,-ObjRqioIq_VRDvHI6Dj,girl,1학년,괴롭힘 가해,0,외현화 문제,28
학생140 ,-ObjRqioIq_VRDvHI6Dj,girl,1학년,외상 침습증상,0,심리외상 문제,28
학생140 ,-ObjRqioIq_VRDvHI6Dj,girl,1학년,외상 관련 악몽,0,심리외상 문제,28
학생140 ,-ObjRqioIq_VRDvHI6Dj,girl,1학년,외상 후 고립,0,심리외상 문제,28
학생140 ,-ObjRqioIq_VRDvHI6Dj,girl,1학년,외상 후 과각성,0,심리외상 문제,28
학생140 ,-ObjRqioIq_VRDvHI6Dj,girl,1학년,외상 회피행동,0,심리외상 문제,28
학생140 ,-ObjRqioIq_VRDvHI6Dj,girl,1학년,흡연 문제,0,외현화 문제,28
학생140 ,-ObjRqioIq_VRDvHI6Dj,girl,1학년,음주 문제,0,외현화 문제,28
학생140 ,-ObjRqioIq_VRDvHI6Dj,girl,1학년,적응력 저하,1,학교생활적응 문제,28
학생140 ,-ObjRqioIq_VRDvHI6Dj,girl,1학년,분리 불안,0,학교생활적응 문제,28
학생140 ,-ObjRqioIq_VRDvHI6Dj,girl,1학년,학습 어려움,1,학교생활적응 문제,28
학생140 ,-ObjRqioIq_VRDvHI6Dj,girl,1학년,재산 관련 비행,0,외현화 문제,28
학생140 ,-ObjRqioIq_VRDvHI6Dj,girl,1학년,게임 과몰입,0,외현화 문제,28
학생140 ,-ObjRqioIq_VRDvHI6Dj,girl,1학년,관계 형성 곤란,1,학교생활적응 문제,28
학생140 ,-ObjRqioIq_VRDvHI6Dj,girl,1학년,등교 거부,1,학교생활적응 문제,28
학생140 ,-ObjRqioIq_VRDvHI6Dj,girl,1학년,괴롭힘 피해,0,심리외상 문제,28
학생140 ,-ObjRqioIq_VRDvHI6Dj,girl,1학년,따돌림 피해,0,심리외상 문제,28
학생141 ,-ObjRqq1jsAT9PIuiC6d,boy,3학년,사회적 긴장,0,불안 및 우울 문제,17
학생141 ,-ObjRqq1jsAT9PIuiC6d,boy,3학년,감정 기복,1,불안 및 우울 문제,17
학생141 ,-ObjRqq1jsAT9PIuiC6d,boy,3학년,과도한 죄책감,1,불안 및 우울 문제,17
학생141 ,-ObjRqq1jsAT9PIuiC6d,boy,3학년,과민성/짜증,1,불안 및 우울 문제,17
학생141 ,-ObjRqq1jsAT9PIuiC6d,boy,3학년,낮은 자존감,1,학교생활적응 문제,17
학생141 ,-ObjRqq1jsAT9PIuiC6d,boy,3학년,무기력/피로,1,불안 및 우울 문제,17
학생141 ,-ObjRqq1jsAT9PIuiC6d,boy,3학년,예기 불안,2,불안 및 우울 문제,17
학생141 ,-ObjRqq1jsAT9PIuiC6d,boy,3학년,과도한 불안,1,불안 및 우울 문제,17
학생141 ,-ObjRqq1jsAT9PIuiC6d,boy,3학년,우울 증상,1,불안 및 우울 문제,17
학생141 ,-ObjRqq1jsAT9PIuiC6d,boy,3학년,수면 문제,2,학교생활적응 문제,17
학생141 ,-ObjRqq1jsAT9PIuiC6d,boy,3학년,자살 사고,1,자살 및 위기 문제,17
학생141 ,-ObjRqq1jsAT9PIuiC6d,boy,3학년,자해 행동,0,자살 및 위기 문제,17
학생141 ,-ObjRqq1jsAT9PIuiC6d,boy,3학년,자살 계획,0,자살 및 위기 문제,17
학생141 ,-ObjRqq1jsAT9PIuiC6d,boy,3학년,심각한 자살사고,0,자살 및 위기 문제,17
학생141 ,-ObjRqq1jsAT9PIuiC6d,boy,3학년,절망감,0,자살 및 위기 문제,17
학생141 ,-ObjRqq1jsAT9PIuiC6d,boy,3학년,자살 시도,0,자살 및 위기 문제,17
학생141 ,-ObjRqq1jsAT9PIuiC6d,boy,3학년,빈번한 거짓말,1,외현화 문제,17
학생141 ,-ObjRqq1jsAT9PIuiC6d,boy,3학년,또래 갈등,0,외현화 문제,17
학생141 ,-ObjRqq1jsAT9PIuiC6d,boy,3학년,반항 행동,1,외현화 문제,17
학생141 ,-ObjRqq1jsAT9PIuiC6d,boy,3학년,괴롭힘 가해,0,외현화 문제,17
학생141 ,-ObjRqq1jsAT9PIuiC6d,boy,3학년,외상 침습증상,0,심리외상 문제,17
학생141 ,-ObjRqq1jsAT9PIuiC6d,boy,3학년,외상 관련 악몽,0,심리외상 문제,17
학생141 ,-ObjRqq1jsAT9PIuiC6d,boy,3학년,외상 후 고립,0,심리외상 문제,17
학생141 ,-ObjRqq1jsAT9PIuiC6d,boy,3학년,외상 후 과각성,0,심리외상 문제,17
학생141 ,-ObjRqq1jsAT9PIuiC6d,boy,3학년,외상 회피행동,0,심리외상 문제,17
학생141 ,-ObjRqq1jsAT9PIuiC6d,boy,3학년,흡연 문제,0,외현화 문제,17
학생141 ,-ObjRqq1jsAT9PIuiC6d,boy,3학년,음주 문제,0,외현화 문제,17
학생141 ,-ObjRqq1jsAT9PIuiC6d,boy,3학년,적응력 저하,0,학교생활적응 문제,17
학생141 ,-ObjRqq1jsAT9PIuiC6d,boy,3학년,분리 불안,0,학교생활적응 문제,17
학생141 ,-ObjRqq1jsAT9PIuiC6d,boy,3학년,학습 어려움,1,학교생활적응 문제,17
학생141 ,-ObjRqq1jsAT9PIuiC6d,boy,3학년,재산 관련 비행,0,외현화 문제,17
학생141 ,-ObjRqq1jsAT9PIuiC6d,boy,3학년,게임 과몰입,0,외현화 문제,17
학생141 ,-ObjRqq1jsAT9PIuiC6d,boy,3학년,관계 형성 곤란,1,학교생활적응 문제,17
학생141 ,-ObjRqq1jsAT9PIuiC6d,boy,3학년,등교 거부,1,학교생활적응 문제,17
학생141 ,-ObjRqq1jsAT9PIuiC6d,boy,3학년,괴롭힘 피해,0,심리외상 문제,17
학생141 ,-ObjRqq1jsAT9PIuiC6d,boy,3학년,따돌림 피해,0,심리외상 문제,17
학생142 ,-ObjRqsrCZDr2jkxSye4,girl,1학년,사회적 긴장,2,불안 및 우울 문제,72
학생142 ,-ObjRqsrCZDr2jkxSye4,girl,1학년,감정 기복,2,불안 및 우울 문제,72
학생142 ,-ObjRqsrCZDr2jkxSye4,girl,1학년,과도한 죄책감,2,불안 및 우울 문제,72
학생142 ,-ObjRqsrCZDr2jkxSye4,girl,1학년,과민성/짜증,2,불안 및 우울 문제,72
학생142 ,-ObjRqsrCZDr2jkxSye4,girl,1학년,낮은 자존감,2,학교생활적응 문제,72
학생142 ,-ObjRqsrCZDr2jkxSye4,girl,1학년,무기력/피로,2,불안 및 우울 문제,72
학생142 ,-ObjRqsrCZDr2jkxSye4,girl,1학년,예기 불안,2,불안 및 우울 문제,72
학생142 ,-ObjRqsrCZDr2jkxSye4,girl,1학년,과도한 불안,2,불안 및 우울 문제,72
학생142 ,-ObjRqsrCZDr2jkxSye4,girl,1학년,우울 증상,2,불안 및 우울 문제,72
학생142 ,-ObjRqsrCZDr2jkxSye4,girl,1학년,수면 문제,2,학교생활적응 문제,72
학생142 ,-ObjRqsrCZDr2jkxSye4,girl,1학년,자살 사고,2,자살 및 위기 문제,72
학생142 ,-ObjRqsrCZDr2jkxSye4,girl,1학년,자해 행동,2,자살 및 위기 문제,72
학생142 ,-ObjRqsrCZDr2jkxSye4,girl,1학년,자살 계획,2,자살 및 위기 문제,72
학생142 ,-ObjRqsrCZDr2jkxSye4,girl,1학년,심각한 자살사고,2,자살 및 위기 문제,72
학생142 ,-ObjRqsrCZDr2jkxSye4,girl,1학년,절망감,2,자살 및 위기 문제,72
학생142 ,-ObjRqsrCZDr2jkxSye4,girl,1학년,자살 시도,2,자살 및 위기 문제,72
학생142 ,-ObjRqsrCZDr2jkxSye4,girl,1학년,빈번한 거짓말,2,외현화 문제,72
학생142 ,-ObjRqsrCZDr2jkxSye4,girl,1학년,또래 갈등,2,외현화 문제,72
학생142 ,-ObjRqsrCZDr2jkxSye4,girl,1학년,반항 행동,2,외현화 문제,72
학생142 ,-ObjRqsrCZDr2jkxSye4,girl,1학년,괴롭힘 가해,2,외현화 문제,72
학생142 ,-ObjRqsrCZDr2jkxSye4,girl,1학년,외상 침습증상,2,심리외상 문제,72
학생142 ,-ObjRqsrCZDr2jkxSye4,girl,1학년,외상 관련 악몽,2,심리외상 문제,72
학생142 ,-ObjRqsrCZDr2jkxSye4,girl,1학년,외상 후 고립,2,심리외상 문제,72
학생142 ,-ObjRqsrCZDr2jkxSye4,girl,1학년,외상 후 과각성,2,심리외상 문제,72
학생142 ,-ObjRqsrCZDr2jkxSye4,girl,1학년,외상 회피행동,2,심리외상 문제,72
학생142 ,-ObjRqsrCZDr2jkxSye4,girl,1학년,흡연 문제,2,외현화 문제,72
학생142 ,-ObjRqsrCZDr2jkxSye4,girl,1학년,음주 문제,2,외현화 문제,72
학생142 ,-ObjRqsrCZDr2jkxSye4,girl,1학년,적응력 저하,2,학교생활적응 문제,72
학생142 ,-ObjRqsrCZDr2jkxSye4,girl,1학년,분리 불안,2,학교생활적응 문제,72
학생142 ,-ObjRqsrCZDr2jkxSye4,girl,1학년,학습 어려움,2,학교생활적응 문제,72
학생142 ,-ObjRqsrCZDr2jkxSye4,girl,1학년,재산 관련 비행,2,외현화 문제,72
학생142 ,-ObjRqsrCZDr2jkxSye4,girl,1학년,게임 과몰입,2,외현화 문제,72
학생142 ,-ObjRqsrCZDr2jkxSye4,girl,1학년,관계 형성 곤란,2,학교생활적응 문제,72
학생142 ,-ObjRqsrCZDr2jkxSye4,girl,1학년,등교 거부,2,학교생활적응 문제,72
학생142 ,-ObjRqsrCZDr2jkxSye4,girl,1학년,괴롭힘 피해,2,심리외상 문제,72
학생142 ,-ObjRqsrCZDr2jkxSye4,girl,1학년,따돌림 피해,2,심리외상 문제,72
학생143 ,-ObjRqwApDUbvHXOxCl-,boy,2학년,사회적 긴장,2,불안 및 우울 문제,19
학생143 ,-ObjRqwApDUbvHXOxCl-,boy,2학년,감정 기복,3,불안 및 우울 문제,19
학생143 ,-ObjRqwApDUbvHXOxCl-,boy,2학년,과도한 죄책감,1,불안 및 우울 문제,19
학생143 ,-ObjRqwApDUbvHXOxCl-,boy,2학년,과민성/짜증,2,불안 및 우울 문제,19
학생143 ,-ObjRqwApDUbvHXOxCl-,boy,2학년,낮은 자존감,2,학교생활적응 문제,19
학생143 ,-ObjRqwApDUbvHXOxCl-,boy,2학년,무기력/피로,2,불안 및 우울 문제,19
학생143 ,-ObjRqwApDUbvHXOxCl-,boy,2학년,예기 불안,1,불안 및 우울 문제,19
학생143 ,-ObjRqwApDUbvHXOxCl-,boy,2학년,과도한 불안,1,불안 및 우울 문제,19
학생143 ,-ObjRqwApDUbvHXOxCl-,boy,2학년,우울 증상,0,불안 및 우울 문제,19
학생143 ,-ObjRqwApDUbvHXOxCl-,boy,2학년,수면 문제,0,학교생활적응 문제,19
학생143 ,-ObjRqwApDUbvHXOxCl-,boy,2학년,자살 사고,0,자살 및 위기 문제,19
학생143 ,-ObjRqwApDUbvHXOxCl-,boy,2학년,자해 행동,0,자살 및 위기 문제,19
학생143 ,-ObjRqwApDUbvHXOxCl-,boy,2학년,자살 계획,0,자살 및 위기 문제,19
학생143 ,-ObjRqwApDUbvHXOxCl-,boy,2학년,심각한 자살사고,0,자살 및 위기 문제,19
학생143 ,-ObjRqwApDUbvHXOxCl-,boy,2학년,절망감,0,자살 및 위기 문제,19
학생143 ,-ObjRqwApDUbvHXOxCl-,boy,2학년,자살 시도,0,자살 및 위기 문제,19
학생143 ,-ObjRqwApDUbvHXOxCl-,boy,2학년,빈번한 거짓말,1,외현화 문제,19
학생143 ,-ObjRqwApDUbvHXOxCl-,boy,2학년,또래 갈등,1,외현화 문제,19
학생143 ,-ObjRqwApDUbvHXOxCl-,boy,2학년,반항 행동,1,외현화 문제,19
학생143 ,-ObjRqwApDUbvHXOxCl-,boy,2학년,괴롭힘 가해,0,외현화 문제,19
학생143 ,-ObjRqwApDUbvHXOxCl-,boy,2학년,외상 침습증상,0,심리외상 문제,19
학생143 ,-ObjRqwApDUbvHXOxCl-,boy,2학년,외상 관련 악몽,0,심리외상 문제,19
학생143 ,-ObjRqwApDUbvHXOxCl-,boy,2학년,외상 후 고립,0,심리외상 문제,19
학생143 ,-ObjRqwApDUbvHXOxCl-,boy,2학년,외상 후 과각성,0,심리외상 문제,19
학생143 ,-ObjRqwApDUbvHXOxCl-,boy,2학년,외상 회피행동,0,심리외상 문제,19
학생143 ,-ObjRqwApDUbvHXOxCl-,boy,2학년,흡연 문제,0,외현화 문제,19
학생143 ,-ObjRqwApDUbvHXOxCl-,boy,2학년,음주 문제,0,외현화 문제,19
학생143 ,-ObjRqwApDUbvHXOxCl-,boy,2학년,적응력 저하,0,학교생활적응 문제,19
학생143 ,-ObjRqwApDUbvHXOxCl-,boy,2학년,분리 불안,0,학교생활적응 문제,19
학생143 ,-ObjRqwApDUbvHXOxCl-,boy,2학년,학습 어려움,1,학교생활적응 문제,19
학생143 ,-ObjRqwApDUbvHXOxCl-,boy,2학년,재산 관련 비행,0,외현화 문제,19
학생143 ,-ObjRqwApDUbvHXOxCl-,boy,2학년,게임 과몰입,1,외현화 문제,19
학생143 ,-ObjRqwApDUbvHXOxCl-,boy,2학년,관계 형성 곤란,0,학교생활적응 문제,19
학생143 ,-ObjRqwApDUbvHXOxCl-,boy,2학년,등교 거부,0,학교생활적응 문제,19
학생143 ,-ObjRqwApDUbvHXOxCl-,boy,2학년,괴롭힘 피해,0,심리외상 문제,19
학생143 ,-ObjRqwApDUbvHXOxCl-,boy,2학년,따돌림 피해,0,심리외상 문제,19
학생144 ,-ObjRrH92ATAKVGY0DLg,boy,1학년,사회적 긴장,0,불안 및 우울 문제,18
학생144 ,-ObjRrH92ATAKVGY0DLg,boy,1학년,감정 기복,1,불안 및 우울 문제,18
학생144 ,-ObjRrH92ATAKVGY0DLg,boy,1학년,과도한 죄책감,0,불안 및 우울 문제,18
학생144 ,-ObjRrH92ATAKVGY0DLg,boy,1학년,과민성/짜증,0,불안 및 우울 문제,18
학생144 ,-ObjRrH92ATAKVGY0DLg,boy,1학년,낮은 자존감,1,학교생활적응 문제,18
학생144 ,-ObjRrH92ATAKVGY0DLg,boy,1학년,무기력/피로,3,불안 및 우울 문제,18
학생144 ,-ObjRrH92ATAKVGY0DLg,boy,1학년,예기 불안,2,불안 및 우울 문제,18
학생144 ,-ObjRrH92ATAKVGY0DLg,boy,1학년,과도한 불안,2,불안 및 우울 문제,18
학생144 ,-ObjRrH92ATAKVGY0DLg,boy,1학년,우울 증상,1,불안 및 우울 문제,18
학생144 ,-ObjRrH92ATAKVGY0DLg,boy,1학년,수면 문제,1,학교생활적응 문제,18
학생144 ,-ObjRrH92ATAKVGY0DLg,boy,1학년,자살 사고,0,자살 및 위기 문제,18
학생144 ,-ObjRrH92ATAKVGY0DLg,boy,1학년,자해 행동,0,자살 및 위기 문제,18
학생144 ,-ObjRrH92ATAKVGY0DLg,boy,1학년,자살 계획,0,자살 및 위기 문제,18
학생144 ,-ObjRrH92ATAKVGY0DLg,boy,1학년,심각한 자살사고,0,자살 및 위기 문제,18
학생144 ,-ObjRrH92ATAKVGY0DLg,boy,1학년,절망감,1,자살 및 위기 문제,18
학생144 ,-ObjRrH92ATAKVGY0DLg,boy,1학년,자살 시도,0,자살 및 위기 문제,18
학생144 ,-ObjRrH92ATAKVGY0DLg,boy,1학년,빈번한 거짓말,2,외현화 문제,18
학생144 ,-ObjRrH92ATAKVGY0DLg,boy,1학년,또래 갈등,0,외현화 문제,18
학생144 ,-ObjRrH92ATAKVGY0DLg,boy,1학년,반항 행동,1,외현화 문제,18
학생144 ,-ObjRrH92ATAKVGY0DLg,boy,1학년,괴롭힘 가해,0,외현화 문제,18
학생144 ,-ObjRrH92ATAKVGY0DLg,boy,1학년,외상 침습증상,0,심리외상 문제,18
학생144 ,-ObjRrH92ATAKVGY0DLg,boy,1학년,외상 관련 악몽,0,심리외상 문제,18
학생144 ,-ObjRrH92ATAKVGY0DLg,boy,1학년,외상 후 고립,0,심리외상 문제,18
학생144 ,-ObjRrH92ATAKVGY0DLg,boy,1학년,외상 후 과각성,0,심리외상 문제,18
학생144 ,-ObjRrH92ATAKVGY0DLg,boy,1학년,외상 회피행동,0,심리외상 문제,18
학생144 ,-ObjRrH92ATAKVGY0DLg,boy,1학년,흡연 문제,0,외현화 문제,18
학생144 ,-ObjRrH92ATAKVGY0DLg,boy,1학년,음주 문제,0,외현화 문제,18
학생144 ,-ObjRrH92ATAKVGY0DLg,boy,1학년,적응력 저하,1,학교생활적응 문제,18
학생144 ,-ObjRrH92ATAKVGY0DLg,boy,1학년,분리 불안,0,학교생활적응 문제,18
학생144 ,-ObjRrH92ATAKVGY0DLg,boy,1학년,학습 어려움,1,학교생활적응 문제,18
학생144 ,-ObjRrH92ATAKVGY0DLg,boy,1학년,재산 관련 비행,0,외현화 문제,18
학생144 ,-ObjRrH92ATAKVGY0DLg,boy,1학년,게임 과몰입,1,외현화 문제,18
학생144 ,-ObjRrH92ATAKVGY0DLg,boy,1학년,관계 형성 곤란,0,학교생활적응 문제,18
학생144 ,-ObjRrH92ATAKVGY0DLg,boy,1학년,등교 거부,0,학교생활적응 문제,18
학생144 ,-ObjRrH92ATAKVGY0DLg,boy,1학년,괴롭힘 피해,0,심리외상 문제,18
학생144 ,-ObjRrH92ATAKVGY0DLg,boy,1학년,따돌림 피해,0,심리외상 문제,18
학생145 ,-ObjRrKloA7Hivtar1WJ,girl,1학년,사회적 긴장,1,불안 및 우울 문제,17
학생145 ,-ObjRrKloA7Hivtar1WJ,girl,1학년,감정 기복,1,불안 및 우울 문제,17
학생145 ,-ObjRrKloA7Hivtar1WJ,girl,1학년,과도한 죄책감,2,불안 및 우울 문제,17
학생145 ,-ObjRrKloA7Hivtar1WJ,girl,1학년,과민성/짜증,1,불안 및 우울 문제,17
학생145 ,-ObjRrKloA7Hivtar1WJ,girl,1학년,낮은 자존감,1,학교생활적응 문제,17
학생145 ,-ObjRrKloA7Hivtar1WJ,girl,1학년,무기력/피로,1,불안 및 우울 문제,17
학생145 ,-ObjRrKloA7Hivtar1WJ,girl,1학년,예기 불안,3,불안 및 우울 문제,17
학생145 ,-ObjRrKloA7Hivtar1WJ,girl,1학년,과도한 불안,3,불안 및 우울 문제,17
학생145 ,-ObjRrKloA7Hivtar1WJ,girl,1학년,우울 증상,1,불안 및 우울 문제,17
학생145 ,-ObjRrKloA7Hivtar1WJ,girl,1학년,수면 문제,0,학교생활적응 문제,17
학생145 ,-ObjRrKloA7Hivtar1WJ,girl,1학년,자살 사고,0,자살 및 위기 문제,17
학생145 ,-ObjRrKloA7Hivtar1WJ,girl,1학년,자해 행동,0,자살 및 위기 문제,17
학생145 ,-ObjRrKloA7Hivtar1WJ,girl,1학년,자살 계획,0,자살 및 위기 문제,17
학생145 ,-ObjRrKloA7Hivtar1WJ,girl,1학년,심각한 자살사고,1,자살 및 위기 문제,17
학생145 ,-ObjRrKloA7Hivtar1WJ,girl,1학년,절망감,0,자살 및 위기 문제,17
학생145 ,-ObjRrKloA7Hivtar1WJ,girl,1학년,자살 시도,0,자살 및 위기 문제,17
학생145 ,-ObjRrKloA7Hivtar1WJ,girl,1학년,빈번한 거짓말,1,외현화 문제,17
학생145 ,-ObjRrKloA7Hivtar1WJ,girl,1학년,또래 갈등,0,외현화 문제,17
학생145 ,-ObjRrKloA7Hivtar1WJ,girl,1학년,반항 행동,0,외현화 문제,17
학생145 ,-ObjRrKloA7Hivtar1WJ,girl,1학년,괴롭힘 가해,0,외현화 문제,17
학생145 ,-ObjRrKloA7Hivtar1WJ,girl,1학년,외상 침습증상,0,심리외상 문제,17
학생145 ,-ObjRrKloA7Hivtar1WJ,girl,1학년,외상 관련 악몽,0,심리외상 문제,17
학생145 ,-ObjRrKloA7Hivtar1WJ,girl,1학년,외상 후 고립,0,심리외상 문제,17
학생145 ,-ObjRrKloA7Hivtar1WJ,girl,1학년,외상 후 과각성,0,심리외상 문제,17
학생145 ,-ObjRrKloA7Hivtar1WJ,girl,1학년,외상 회피행동,0,심리외상 문제,17
학생145 ,-ObjRrKloA7Hivtar1WJ,girl,1학년,흡연 문제,0,외현화 문제,17
학생145 ,-ObjRrKloA7Hivtar1WJ,girl,1학년,음주 문제,0,외현화 문제,17
학생145 ,-ObjRrKloA7Hivtar1WJ,girl,1학년,적응력 저하,0,학교생활적응 문제,17
학생145 ,-ObjRrKloA7Hivtar1WJ,girl,1학년,분리 불안,0,학교생활적응 문제,17
학생145 ,-ObjRrKloA7Hivtar1WJ,girl,1학년,학습 어려움,0,학교생활적응 문제,17
학생145 ,-ObjRrKloA7Hivtar1WJ,girl,1학년,재산 관련 비행,0,외현화 문제,17
학생145 ,-ObjRrKloA7Hivtar1WJ,girl,1학년,게임 과몰입,0,외현화 문제,17
학생145 ,-ObjRrKloA7Hivtar1WJ,girl,1학년,관계 형성 곤란,0,학교생활적응 문제,17
학생145 ,-ObjRrKloA7Hivtar1WJ,girl,1학년,등교 거부,1,학교생활적응 문제,17
학생145 ,-ObjRrKloA7Hivtar1WJ,girl,1학년,괴롭힘 피해,0,심리외상 문제,17
학생145 ,-ObjRrKloA7Hivtar1WJ,girl,1학년,따돌림 피해,0,심리외상 문제,17
학생146 ,-ObjRrQ4aLriGU-7DSeB,girl,1학년,사회적 긴장,1,불안 및 우울 문제,19
학생146 ,-ObjRrQ4aLriGU-7DSeB,girl,1학년,감정 기복,2,불안 및 우울 문제,19
학생146 ,-ObjRrQ4aLriGU-7DSeB,girl,1학년,과도한 죄책감,0,불안 및 우울 문제,19
학생146 ,-ObjRrQ4aLriGU-7DSeB,girl,1학년,과민성/짜증,2,불안 및 우울 문제,19
학생146 ,-ObjRrQ4aLriGU-7DSeB,girl,1학년,낮은 자존감,1,학교생활적응 문제,19
학생146 ,-ObjRrQ4aLriGU-7DSeB,girl,1학년,무기력/피로,2,불안 및 우울 문제,19
학생146 ,-ObjRrQ4aLriGU-7DSeB,girl,1학년,예기 불안,2,불안 및 우울 문제,19
학생146 ,-ObjRrQ4aLriGU-7DSeB,girl,1학년,과도한 불안,2,불안 및 우울 문제,19
학생146 ,-ObjRrQ4aLriGU-7DSeB,girl,1학년,우울 증상,2,불안 및 우울 문제,19
학생146 ,-ObjRrQ4aLriGU-7DSeB,girl,1학년,수면 문제,2,학교생활적응 문제,19
학생146 ,-ObjRrQ4aLriGU-7DSeB,girl,1학년,자살 사고,2,자살 및 위기 문제,19
학생146 ,-ObjRrQ4aLriGU-7DSeB,girl,1학년,자해 행동,0,자살 및 위기 문제,19
학생146 ,-ObjRrQ4aLriGU-7DSeB,girl,1학년,자살 계획,0,자살 및 위기 문제,19
학생146 ,-ObjRrQ4aLriGU-7DSeB,girl,1학년,심각한 자살사고,1,자살 및 위기 문제,19
학생146 ,-ObjRrQ4aLriGU-7DSeB,girl,1학년,절망감,0,자살 및 위기 문제,19
학생146 ,-ObjRrQ4aLriGU-7DSeB,girl,1학년,자살 시도,0,자살 및 위기 문제,19
학생146 ,-ObjRrQ4aLriGU-7DSeB,girl,1학년,빈번한 거짓말,0,외현화 문제,19
학생146 ,-ObjRrQ4aLriGU-7DSeB,girl,1학년,또래 갈등,0,외현화 문제,19
학생146 ,-ObjRrQ4aLriGU-7DSeB,girl,1학년,반항 행동,0,외현화 문제,19
학생146 ,-ObjRrQ4aLriGU-7DSeB,girl,1학년,괴롭힘 가해,0,외현화 문제,19
학생146 ,-ObjRrQ4aLriGU-7DSeB,girl,1학년,외상 침습증상,0,심리외상 문제,19
학생146 ,-ObjRrQ4aLriGU-7DSeB,girl,1학년,외상 관련 악몽,0,심리외상 문제,19
학생146 ,-ObjRrQ4aLriGU-7DSeB,girl,1학년,외상 후 고립,0,심리외상 문제,19
학생146 ,-ObjRrQ4aLriGU-7DSeB,girl,1학년,외상 후 과각성,0,심리외상 문제,19
학생146 ,-ObjRrQ4aLriGU-7DSeB,girl,1학년,외상 회피행동,0,심리외상 문제,19
학생146 ,-ObjRrQ4aLriGU-7DSeB,girl,1학년,흡연 문제,0,외현화 문제,19
학생146 ,-ObjRrQ4aLriGU-7DSeB,girl,1학년,음주 문제,0,외현화 문제,19
학생146 ,-ObjRrQ4aLriGU-7DSeB,girl,1학년,적응력 저하,0,학교생활적응 문제,19
학생146 ,-ObjRrQ4aLriGU-7DSeB,girl,1학년,분리 불안,0,학교생활적응 문제,19
학생146 ,-ObjRrQ4aLriGU-7DSeB,girl,1학년,학습 어려움,0,학교생활적응 문제,19
학생146 ,-ObjRrQ4aLriGU-7DSeB,girl,1학년,재산 관련 비행,0,외현화 문제,19
학생146 ,-ObjRrQ4aLriGU-7DSeB,girl,1학년,게임 과몰입,0,외현화 문제,19
학생146 ,-ObjRrQ4aLriGU-7DSeB,girl,1학년,관계 형성 곤란,0,학교생활적응 문제,19
학생146 ,-ObjRrQ4aLriGU-7DSeB,girl,1학년,등교 거부,0,학교생활적응 문제,19
학생146 ,-ObjRrQ4aLriGU-7DSeB,girl,1학년,괴롭힘 피해,0,심리외상 문제,19
학생146 ,-ObjRrQ4aLriGU-7DSeB,girl,1학년,따돌림 피해,0,심리외상 문제,19
학생147 ,-ObjRrciqqhmaaXnn9Ld,girl,1학년,사회적 긴장,1,불안 및 우울 문제,14
학생147 ,-ObjRrciqqhmaaXnn9Ld,girl,1학년,감정 기복,2,불안 및 우울 문제,14
학생147 ,-ObjRrciqqhmaaXnn9Ld,girl,1학년,과도한 죄책감,0,불안 및 우울 문제,14
학생147 ,-ObjRrciqqhmaaXnn9Ld,girl,1학년,과민성/짜증,1,불안 및 우울 문제,14
학생147 ,-ObjRrciqqhmaaXnn9Ld,girl,1학년,낮은 자존감,1,학교생활적응 문제,14
학생147 ,-ObjRrciqqhmaaXnn9Ld,girl,1학년,무기력/피로,1,불안 및 우울 문제,14
학생147 ,-ObjRrciqqhmaaXnn9Ld,girl,1학년,예기 불안,2,불안 및 우울 문제,14
학생147 ,-ObjRrciqqhmaaXnn9Ld,girl,1학년,과도한 불안,1,불안 및 우울 문제,14
학생147 ,-ObjRrciqqhmaaXnn9Ld,girl,1학년,우울 증상,2,불안 및 우울 문제,14
학생147 ,-ObjRrciqqhmaaXnn9Ld,girl,1학년,수면 문제,2,학교생활적응 문제,14
학생147 ,-ObjRrciqqhmaaXnn9Ld,girl,1학년,자살 사고,0,자살 및 위기 문제,14
학생147 ,-ObjRrciqqhmaaXnn9Ld,girl,1학년,자해 행동,0,자살 및 위기 문제,14
학생147 ,-ObjRrciqqhmaaXnn9Ld,girl,1학년,자살 계획,0,자살 및 위기 문제,14
학생147 ,-ObjRrciqqhmaaXnn9Ld,girl,1학년,심각한 자살사고,0,자살 및 위기 문제,14
학생147 ,-ObjRrciqqhmaaXnn9Ld,girl,1학년,절망감,0,자살 및 위기 문제,14
학생147 ,-ObjRrciqqhmaaXnn9Ld,girl,1학년,자살 시도,0,자살 및 위기 문제,14
학생147 ,-ObjRrciqqhmaaXnn9Ld,girl,1학년,빈번한 거짓말,1,외현화 문제,14
학생147 ,-ObjRrciqqhmaaXnn9Ld,girl,1학년,또래 갈등,0,외현화 문제,14
학생147 ,-ObjRrciqqhmaaXnn9Ld,girl,1학년,반항 행동,0,외현화 문제,14
학생147 ,-ObjRrciqqhmaaXnn9Ld,girl,1학년,괴롭힘 가해,0,외현화 문제,14
학생147 ,-ObjRrciqqhmaaXnn9Ld,girl,1학년,외상 침습증상,0,심리외상 문제,14
학생147 ,-ObjRrciqqhmaaXnn9Ld,girl,1학년,외상 관련 악몽,0,심리외상 문제,14
학생147 ,-ObjRrciqqhmaaXnn9Ld,girl,1학년,외상 후 고립,0,심리외상 문제,14
학생147 ,-ObjRrciqqhmaaXnn9Ld,girl,1학년,외상 후 과각성,0,심리외상 문제,14
학생147 ,-ObjRrciqqhmaaXnn9Ld,girl,1학년,외상 회피행동,0,심리외상 문제,14
학생147 ,-ObjRrciqqhmaaXnn9Ld,girl,1학년,흡연 문제,0,외현화 문제,14
학생147 ,-ObjRrciqqhmaaXnn9Ld,girl,1학년,음주 문제,0,외현화 문제,14
학생147 ,-ObjRrciqqhmaaXnn9Ld,girl,1학년,적응력 저하,0,학교생활적응 문제,14
학생147 ,-ObjRrciqqhmaaXnn9Ld,girl,1학년,분리 불안,0,학교생활적응 문제,14
학생147 ,-ObjRrciqqhmaaXnn9Ld,girl,1학년,학습 어려움,0,학교생활적응 문제,14
학생147 ,-ObjRrciqqhmaaXnn9Ld,girl,1학년,재산 관련 비행,0,외현화 문제,14
학생147 ,-ObjRrciqqhmaaXnn9Ld,girl,1학년,게임 과몰입,0,외현화 문제,14
학생147 ,-ObjRrciqqhmaaXnn9Ld,girl,1학년,관계 형성 곤란,0,학교생활적응 문제,14
학생147 ,-ObjRrciqqhmaaXnn9Ld,girl,1학년,등교 거부,0,학교생활적응 문제,14
학생147 ,-ObjRrciqqhmaaXnn9Ld,girl,1학년,괴롭힘 피해,0,심리외상 문제,14
학생147 ,-ObjRrciqqhmaaXnn9Ld,girl,1학년,따돌림 피해,0,심리외상 문제,14
학생148 ,-ObjRrlWrZGSBk0YVP0E,girl,2학년,사회적 긴장,0,불안 및 우울 문제,1
학생148 ,-ObjRrlWrZGSBk0YVP0E,girl,2학년,감정 기복,0,불안 및 우울 문제,1
학생148 ,-ObjRrlWrZGSBk0YVP0E,girl,2학년,과도한 죄책감,0,불안 및 우울 문제,1
학생148 ,-ObjRrlWrZGSBk0YVP0E,girl,2학년,과민성/짜증,0,불안 및 우울 문제,1
학생148 ,-ObjRrlWrZGSBk0YVP0E,girl,2학년,낮은 자존감,0,학교생활적응 문제,1
학생148 ,-ObjRrlWrZGSBk0YVP0E,girl,2학년,무기력/피로,0,불안 및 우울 문제,1
학생148 ,-ObjRrlWrZGSBk0YVP0E,girl,2학년,예기 불안,0,불안 및 우울 문제,1
학생148 ,-ObjRrlWrZGSBk0YVP0E,girl,2학년,과도한 불안,0,불안 및 우울 문제,1
학생148 ,-ObjRrlWrZGSBk0YVP0E,girl,2학년,우울 증상,0,불안 및 우울 문제,1
학생148 ,-ObjRrlWrZGSBk0YVP0E,girl,2학년,수면 문제,1,학교생활적응 문제,1
학생148 ,-ObjRrlWrZGSBk0YVP0E,girl,2학년,자살 사고,0,자살 및 위기 문제,1
학생148 ,-ObjRrlWrZGSBk0YVP0E,girl,2학년,자해 행동,0,자살 및 위기 문제,1
학생148 ,-ObjRrlWrZGSBk0YVP0E,girl,2학년,자살 계획,0,자살 및 위기 문제,1
학생148 ,-ObjRrlWrZGSBk0YVP0E,girl,2학년,심각한 자살사고,0,자살 및 위기 문제,1
학생148 ,-ObjRrlWrZGSBk0YVP0E,girl,2학년,절망감,0,자살 및 위기 문제,1
학생148 ,-ObjRrlWrZGSBk0YVP0E,girl,2학년,자살 시도,0,자살 및 위기 문제,1
학생148 ,-ObjRrlWrZGSBk0YVP0E,girl,2학년,빈번한 거짓말,0,외현화 문제,1
학생148 ,-ObjRrlWrZGSBk0YVP0E,girl,2학년,또래 갈등,0,외현화 문제,1
학생148 ,-ObjRrlWrZGSBk0YVP0E,girl,2학년,반항 행동,0,외현화 문제,1
학생148 ,-ObjRrlWrZGSBk0YVP0E,girl,2학년,괴롭힘 가해,0,외현화 문제,1
학생148 ,-ObjRrlWrZGSBk0YVP0E,girl,2학년,외상 침습증상,0,심리외상 문제,1
학생148 ,-ObjRrlWrZGSBk0YVP0E,girl,2학년,외상 관련 악몽,0,심리외상 문제,1
학생148 ,-ObjRrlWrZGSBk0YVP0E,girl,2학년,외상 후 고립,0,심리외상 문제,1
학생148 ,-ObjRrlWrZGSBk0YVP0E,girl,2학년,외상 후 과각성,0,심리외상 문제,1
학생148 ,-ObjRrlWrZGSBk0YVP0E,girl,2학년,외상 회피행동,0,심리외상 문제,1
학생148 ,-ObjRrlWrZGSBk0YVP0E,girl,2학년,흡연 문제,0,외현화 문제,1
학생148 ,-ObjRrlWrZGSBk0YVP0E,girl,2학년,음주 문제,0,외현화 문제,1
학생148 ,-ObjRrlWrZGSBk0YVP0E,girl,2학년,적응력 저하,0,학교생활적응 문제,1
학생148 ,-ObjRrlWrZGSBk0YVP0E,girl,2학년,분리 불안,0,학교생활적응 문제,1
학생148 ,-ObjRrlWrZGSBk0YVP0E,girl,2학년,학습 어려움,0,학교생활적응 문제,1
학생148 ,-ObjRrlWrZGSBk0YVP0E,girl,2학년,재산 관련 비행,0,외현화 문제,1
학생148 ,-ObjRrlWrZGSBk0YVP0E,girl,2학년,게임 과몰입,0,외현화 문제,1
학생148 ,-ObjRrlWrZGSBk0YVP0E,girl,2학년,관계 형성 곤란,0,학교생활적응 문제,1
학생148 ,-ObjRrlWrZGSBk0YVP0E,girl,2학년,등교 거부,0,학교생활적응 문제,1
학생148 ,-ObjRrlWrZGSBk0YVP0E,girl,2학년,괴롭힘 피해,0,심리외상 문제,1
학생148 ,-ObjRrlWrZGSBk0YVP0E,girl,2학년,따돌림 피해,0,심리외상 문제,1
학생149 ,-ObjRrmPyvvtNtUcsiYE,girl,2학년,사회적 긴장,1,불안 및 우울 문제,13
학생149 ,-ObjRrmPyvvtNtUcsiYE,girl,2학년,감정 기복,0,불안 및 우울 문제,13
학생149 ,-ObjRrmPyvvtNtUcsiYE,girl,2학년,과도한 죄책감,0,불안 및 우울 문제,13
학생149 ,-ObjRrmPyvvtNtUcsiYE,girl,2학년,과민성/짜증,1,불안 및 우울 문제,13
학생149 ,-ObjRrmPyvvtNtUcsiYE,girl,2학년,낮은 자존감,0,학교생활적응 문제,13
학생149 ,-ObjRrmPyvvtNtUcsiYE,girl,2학년,무기력/피로,0,불안 및 우울 문제,13
학생149 ,-ObjRrmPyvvtNtUcsiYE,girl,2학년,예기 불안,2,불안 및 우울 문제,13
학생149 ,-ObjRrmPyvvtNtUcsiYE,girl,2학년,과도한 불안,1,불안 및 우울 문제,13
학생149 ,-ObjRrmPyvvtNtUcsiYE,girl,2학년,우울 증상,1,불안 및 우울 문제,13
학생149 ,-ObjRrmPyvvtNtUcsiYE,girl,2학년,수면 문제,3,학교생활적응 문제,13
학생149 ,-ObjRrmPyvvtNtUcsiYE,girl,2학년,자살 사고,0,자살 및 위기 문제,13
학생149 ,-ObjRrmPyvvtNtUcsiYE,girl,2학년,자해 행동,0,자살 및 위기 문제,13
학생149 ,-ObjRrmPyvvtNtUcsiYE,girl,2학년,자살 계획,0,자살 및 위기 문제,13
학생149 ,-ObjRrmPyvvtNtUcsiYE,girl,2학년,심각한 자살사고,0,자살 및 위기 문제,13
학생149 ,-ObjRrmPyvvtNtUcsiYE,girl,2학년,절망감,0,자살 및 위기 문제,13
학생149 ,-ObjRrmPyvvtNtUcsiYE,girl,2학년,자살 시도,0,자살 및 위기 문제,13
학생149 ,-ObjRrmPyvvtNtUcsiYE,girl,2학년,빈번한 거짓말,0,외현화 문제,13
학생149 ,-ObjRrmPyvvtNtUcsiYE,girl,2학년,또래 갈등,0,외현화 문제,13
학생149 ,-ObjRrmPyvvtNtUcsiYE,girl,2학년,반항 행동,0,외현화 문제,13
학생149 ,-ObjRrmPyvvtNtUcsiYE,girl,2학년,괴롭힘 가해,0,외현화 문제,13
학생149 ,-ObjRrmPyvvtNtUcsiYE,girl,2학년,외상 침습증상,0,심리외상 문제,13
학생149 ,-ObjRrmPyvvtNtUcsiYE,girl,2학년,외상 관련 악몽,0,심리외상 문제,13
학생149 ,-ObjRrmPyvvtNtUcsiYE,girl,2학년,외상 후 고립,0,심리외상 문제,13
학생149 ,-ObjRrmPyvvtNtUcsiYE,girl,2학년,외상 후 과각성,0,심리외상 문제,13
학생149 ,-ObjRrmPyvvtNtUcsiYE,girl,2학년,외상 회피행동,1,심리외상 문제,13
학생149 ,-ObjRrmPyvvtNtUcsiYE,girl,2학년,흡연 문제,0,외현화 문제,13
학생149 ,-ObjRrmPyvvtNtUcsiYE,girl,2학년,음주 문제,0,외현화 문제,13
학생149 ,-ObjRrmPyvvtNtUcsiYE,girl,2학년,적응력 저하,0,학교생활적응 문제,13
학생149 ,-ObjRrmPyvvtNtUcsiYE,girl,2학년,분리 불안,0,학교생활적응 문제,13
학생149 ,-ObjRrmPyvvtNtUcsiYE,girl,2학년,학습 어려움,1,학교생활적응 문제,13
학생149 ,-ObjRrmPyvvtNtUcsiYE,girl,2학년,재산 관련 비행,0,외현화 문제,13
학생149 ,-ObjRrmPyvvtNtUcsiYE,girl,2학년,게임 과몰입,0,외현화 문제,13
학생149 ,-ObjRrmPyvvtNtUcsiYE,girl,2학년,관계 형성 곤란,0,학교생활적응 문제,13
학생149 ,-ObjRrmPyvvtNtUcsiYE,girl,2학년,등교 거부,2,학교생활적응 문제,13
학생149 ,-ObjRrmPyvvtNtUcsiYE,girl,2학년,괴롭힘 피해,0,심리외상 문제,13
학생149 ,-ObjRrmPyvvtNtUcsiYE,girl,2학년,따돌림 피해,0,심리외상 문제,13
학생15 ,-ObjRL6sXq5DVzGKbge2,girl,2학년,사회적 긴장,0,불안 및 우울 문제,6
학생15 ,-ObjRL6sXq5DVzGKbge2,girl,2학년,감정 기복,0,불안 및 우울 문제,6
학생15 ,-ObjRL6sXq5DVzGKbge2,girl,2학년,과도한 죄책감,0,불안 및 우울 문제,6
학생15 ,-ObjRL6sXq5DVzGKbge2,girl,2학년,과민성/짜증,0,불안 및 우울 문제,6
학생15 ,-ObjRL6sXq5DVzGKbge2,girl,2학년,낮은 자존감,1,학교생활적응 문제,6
학생15 ,-ObjRL6sXq5DVzGKbge2,girl,2학년,무기력/피로,0,불안 및 우울 문제,6
학생15 ,-ObjRL6sXq5DVzGKbge2,girl,2학년,예기 불안,1,불안 및 우울 문제,6
학생15 ,-ObjRL6sXq5DVzGKbge2,girl,2학년,과도한 불안,0,불안 및 우울 문제,6
학생15 ,-ObjRL6sXq5DVzGKbge2,girl,2학년,우울 증상,0,불안 및 우울 문제,6
학생15 ,-ObjRL6sXq5DVzGKbge2,girl,2학년,수면 문제,3,학교생활적응 문제,6
학생15 ,-ObjRL6sXq5DVzGKbge2,girl,2학년,자살 사고,0,자살 및 위기 문제,6
학생15 ,-ObjRL6sXq5DVzGKbge2,girl,2학년,자해 행동,0,자살 및 위기 문제,6
학생15 ,-ObjRL6sXq5DVzGKbge2,girl,2학년,자살 계획,0,자살 및 위기 문제,6
학생15 ,-ObjRL6sXq5DVzGKbge2,girl,2학년,심각한 자살사고,0,자살 및 위기 문제,6
학생15 ,-ObjRL6sXq5DVzGKbge2,girl,2학년,절망감,0,자살 및 위기 문제,6
학생15 ,-ObjRL6sXq5DVzGKbge2,girl,2학년,자살 시도,0,자살 및 위기 문제,6
학생15 ,-ObjRL6sXq5DVzGKbge2,girl,2학년,빈번한 거짓말,0,외현화 문제,6
학생15 ,-ObjRL6sXq5DVzGKbge2,girl,2학년,또래 갈등,0,외현화 문제,6
학생15 ,-ObjRL6sXq5DVzGKbge2,girl,2학년,반항 행동,0,외현화 문제,6
학생15 ,-ObjRL6sXq5DVzGKbge2,girl,2학년,괴롭힘 가해,0,외현화 문제,6
학생15 ,-ObjRL6sXq5DVzGKbge2,girl,2학년,외상 침습증상,0,심리외상 문제,6
학생15 ,-ObjRL6sXq5DVzGKbge2,girl,2학년,외상 관련 악몽,0,심리외상 문제,6
학생15 ,-ObjRL6sXq5DVzGKbge2,girl,2학년,외상 후 고립,0,심리외상 문제,6
학생15 ,-ObjRL6sXq5DVzGKbge2,girl,2학년,외상 후 과각성,0,심리외상 문제,6
학생15 ,-ObjRL6sXq5DVzGKbge2,girl,2학년,외상 회피행동,0,심리외상 문제,6
학생15 ,-ObjRL6sXq5DVzGKbge2,girl,2학년,흡연 문제,0,외현화 문제,6
학생15 ,-ObjRL6sXq5DVzGKbge2,girl,2학년,음주 문제,0,외현화 문제,6
학생15 ,-ObjRL6sXq5DVzGKbge2,girl,2학년,적응력 저하,0,학교생활적응 문제,6
학생15 ,-ObjRL6sXq5DVzGKbge2,girl,2학년,분리 불안,0,학교생활적응 문제,6
학생15 ,-ObjRL6sXq5DVzGKbge2,girl,2학년,학습 어려움,0,학교생활적응 문제,6
학생15 ,-ObjRL6sXq5DVzGKbge2,girl,2학년,재산 관련 비행,0,외현화 문제,6
학생15 ,-ObjRL6sXq5DVzGKbge2,girl,2학년,게임 과몰입,1,외현화 문제,6
학생15 ,-ObjRL6sXq5DVzGKbge2,girl,2학년,관계 형성 곤란,0,학교생활적응 문제,6
학생15 ,-ObjRL6sXq5DVzGKbge2,girl,2학년,등교 거부,0,학교생활적응 문제,6
학생15 ,-ObjRL6sXq5DVzGKbge2,girl,2학년,괴롭힘 피해,0,심리외상 문제,6
학생15 ,-ObjRL6sXq5DVzGKbge2,girl,2학년,따돌림 피해,0,심리외상 문제,6
학생150 ,-ObjRrtgMCTGmHP_ZAD3,boy,2학년,사회적 긴장,0,불안 및 우울 문제,5
학생150 ,-ObjRrtgMCTGmHP_ZAD3,boy,2학년,감정 기복,0,불안 및 우울 문제,5
학생150 ,-ObjRrtgMCTGmHP_ZAD3,boy,2학년,과도한 죄책감,0,불안 및 우울 문제,5
학생150 ,-ObjRrtgMCTGmHP_ZAD3,boy,2학년,과민성/짜증,1,불안 및 우울 문제,5
학생150 ,-ObjRrtgMCTGmHP_ZAD3,boy,2학년,낮은 자존감,1,학교생활적응 문제,5
학생150 ,-ObjRrtgMCTGmHP_ZAD3,boy,2학년,무기력/피로,0,불안 및 우울 문제,5
학생150 ,-ObjRrtgMCTGmHP_ZAD3,boy,2학년,예기 불안,1,불안 및 우울 문제,5
학생150 ,-ObjRrtgMCTGmHP_ZAD3,boy,2학년,과도한 불안,0,불안 및 우울 문제,5
학생150 ,-ObjRrtgMCTGmHP_ZAD3,boy,2학년,우울 증상,0,불안 및 우울 문제,5
학생150 ,-ObjRrtgMCTGmHP_ZAD3,boy,2학년,수면 문제,1,학교생활적응 문제,5
학생150 ,-ObjRrtgMCTGmHP_ZAD3,boy,2학년,자살 사고,0,자살 및 위기 문제,5
학생150 ,-ObjRrtgMCTGmHP_ZAD3,boy,2학년,자해 행동,0,자살 및 위기 문제,5
학생150 ,-ObjRrtgMCTGmHP_ZAD3,boy,2학년,자살 계획,0,자살 및 위기 문제,5
학생150 ,-ObjRrtgMCTGmHP_ZAD3,boy,2학년,심각한 자살사고,0,자살 및 위기 문제,5
학생150 ,-ObjRrtgMCTGmHP_ZAD3,boy,2학년,절망감,0,자살 및 위기 문제,5
학생150 ,-ObjRrtgMCTGmHP_ZAD3,boy,2학년,자살 시도,0,자살 및 위기 문제,5
학생150 ,-ObjRrtgMCTGmHP_ZAD3,boy,2학년,빈번한 거짓말,0,외현화 문제,5
학생150 ,-ObjRrtgMCTGmHP_ZAD3,boy,2학년,또래 갈등,0,외현화 문제,5
학생150 ,-ObjRrtgMCTGmHP_ZAD3,boy,2학년,반항 행동,0,외현화 문제,5
학생150 ,-ObjRrtgMCTGmHP_ZAD3,boy,2학년,괴롭힘 가해,0,외현화 문제,5
학생150 ,-ObjRrtgMCTGmHP_ZAD3,boy,2학년,외상 침습증상,0,심리외상 문제,5
학생150 ,-ObjRrtgMCTGmHP_ZAD3,boy,2학년,외상 관련 악몽,1,심리외상 문제,5
학생150 ,-ObjRrtgMCTGmHP_ZAD3,boy,2학년,외상 후 고립,0,심리외상 문제,5
학생150 ,-ObjRrtgMCTGmHP_ZAD3,boy,2학년,외상 후 과각성,0,심리외상 문제,5
학생150 ,-ObjRrtgMCTGmHP_ZAD3,boy,2학년,외상 회피행동,0,심리외상 문제,5
학생150 ,-ObjRrtgMCTGmHP_ZAD3,boy,2학년,흡연 문제,0,외현화 문제,5
학생150 ,-ObjRrtgMCTGmHP_ZAD3,boy,2학년,음주 문제,0,외현화 문제,5
학생150 ,-ObjRrtgMCTGmHP_ZAD3,boy,2학년,적응력 저하,0,학교생활적응 문제,5
학생150 ,-ObjRrtgMCTGmHP_ZAD3,boy,2학년,분리 불안,0,학교생활적응 문제,5
학생150 ,-ObjRrtgMCTGmHP_ZAD3,boy,2학년,학습 어려움,0,학교생활적응 문제,5
학생150 ,-ObjRrtgMCTGmHP_ZAD3,boy,2학년,재산 관련 비행,0,외현화 문제,5
학생150 ,-ObjRrtgMCTGmHP_ZAD3,boy,2학년,게임 과몰입,0,외현화 문제,5
학생150 ,-ObjRrtgMCTGmHP_ZAD3,boy,2학년,관계 형성 곤란,0,학교생활적응 문제,5
학생150 ,-ObjRrtgMCTGmHP_ZAD3,boy,2학년,등교 거부,0,학교생활적응 문제,5
학생150 ,-ObjRrtgMCTGmHP_ZAD3,boy,2학년,괴롭힘 피해,0,심리외상 문제,5
학생150 ,-ObjRrtgMCTGmHP_ZAD3,boy,2학년,따돌림 피해,0,심리외상 문제,5
학생151 ,-ObjRsBY8spXUzfc34J3,girl,1학년,사회적 긴장,0,불안 및 우울 문제,3
학생151 ,-ObjRsBY8spXUzfc34J3,girl,1학년,감정 기복,1,불안 및 우울 문제,3
학생151 ,-ObjRsBY8spXUzfc34J3,girl,1학년,과도한 죄책감,0,불안 및 우울 문제,3
학생151 ,-ObjRsBY8spXUzfc34J3,girl,1학년,과민성/짜증,0,불안 및 우울 문제,3
학생151 ,-ObjRsBY8spXUzfc34J3,girl,1학년,낮은 자존감,0,학교생활적응 문제,3
학생151 ,-ObjRsBY8spXUzfc34J3,girl,1학년,무기력/피로,1,불안 및 우울 문제,3
학생151 ,-ObjRsBY8spXUzfc34J3,girl,1학년,예기 불안,1,불안 및 우울 문제,3
학생151 ,-ObjRsBY8spXUzfc34J3,girl,1학년,과도한 불안,0,불안 및 우울 문제,3
학생151 ,-ObjRsBY8spXUzfc34J3,girl,1학년,우울 증상,0,불안 및 우울 문제,3
학생151 ,-ObjRsBY8spXUzfc34J3,girl,1학년,수면 문제,0,학교생활적응 문제,3
학생151 ,-ObjRsBY8spXUzfc34J3,girl,1학년,자살 사고,0,자살 및 위기 문제,3
학생151 ,-ObjRsBY8spXUzfc34J3,girl,1학년,자해 행동,0,자살 및 위기 문제,3
학생151 ,-ObjRsBY8spXUzfc34J3,girl,1학년,자살 계획,0,자살 및 위기 문제,3
학생151 ,-ObjRsBY8spXUzfc34J3,girl,1학년,심각한 자살사고,0,자살 및 위기 문제,3
학생151 ,-ObjRsBY8spXUzfc34J3,girl,1학년,절망감,0,자살 및 위기 문제,3
학생151 ,-ObjRsBY8spXUzfc34J3,girl,1학년,자살 시도,0,자살 및 위기 문제,3
학생151 ,-ObjRsBY8spXUzfc34J3,girl,1학년,빈번한 거짓말,0,외현화 문제,3
학생151 ,-ObjRsBY8spXUzfc34J3,girl,1학년,또래 갈등,0,외현화 문제,3
학생151 ,-ObjRsBY8spXUzfc34J3,girl,1학년,반항 행동,0,외현화 문제,3
학생151 ,-ObjRsBY8spXUzfc34J3,girl,1학년,괴롭힘 가해,0,외현화 문제,3
학생151 ,-ObjRsBY8spXUzfc34J3,girl,1학년,외상 침습증상,0,심리외상 문제,3
학생151 ,-ObjRsBY8spXUzfc34J3,girl,1학년,외상 관련 악몽,0,심리외상 문제,3
학생151 ,-ObjRsBY8spXUzfc34J3,girl,1학년,외상 후 고립,0,심리외상 문제,3
학생151 ,-ObjRsBY8spXUzfc34J3,girl,1학년,외상 후 과각성,0,심리외상 문제,3
학생151 ,-ObjRsBY8spXUzfc34J3,girl,1학년,외상 회피행동,0,심리외상 문제,3
학생151 ,-ObjRsBY8spXUzfc34J3,girl,1학년,흡연 문제,0,외현화 문제,3
학생151 ,-ObjRsBY8spXUzfc34J3,girl,1학년,음주 문제,0,외현화 문제,3
학생151 ,-ObjRsBY8spXUzfc34J3,girl,1학년,적응력 저하,0,학교생활적응 문제,3
학생151 ,-ObjRsBY8spXUzfc34J3,girl,1학년,분리 불안,0,학교생활적응 문제,3
학생151 ,-ObjRsBY8spXUzfc34J3,girl,1학년,학습 어려움,0,학교생활적응 문제,3
학생151 ,-ObjRsBY8spXUzfc34J3,girl,1학년,재산 관련 비행,0,외현화 문제,3
학생151 ,-ObjRsBY8spXUzfc34J3,girl,1학년,게임 과몰입,0,외현화 문제,3
학생151 ,-ObjRsBY8spXUzfc34J3,girl,1학년,관계 형성 곤란,0,학교생활적응 문제,3
학생151 ,-ObjRsBY8spXUzfc34J3,girl,1학년,등교 거부,0,학교생활적응 문제,3
학생151 ,-ObjRsBY8spXUzfc34J3,girl,1학년,괴롭힘 피해,0,심리외상 문제,3
학생151 ,-ObjRsBY8spXUzfc34J3,girl,1학년,따돌림 피해,0,심리외상 문제,3
학생152 ,-ObjRsD4YRgmeEY3VQVn,boy,1학년,사회적 긴장,1,불안 및 우울 문제,11
학생152 ,-ObjRsD4YRgmeEY3VQVn,boy,1학년,감정 기복,0,불안 및 우울 문제,11
학생152 ,-ObjRsD4YRgmeEY3VQVn,boy,1학년,과도한 죄책감,1,불안 및 우울 문제,11
학생152 ,-ObjRsD4YRgmeEY3VQVn,boy,1학년,과민성/짜증,1,불안 및 우울 문제,11
학생152 ,-ObjRsD4YRgmeEY3VQVn,boy,1학년,낮은 자존감,1,학교생활적응 문제,11
학생152 ,-ObjRsD4YRgmeEY3VQVn,boy,1학년,무기력/피로,1,불안 및 우울 문제,11
학생152 ,-ObjRsD4YRgmeEY3VQVn,boy,1학년,예기 불안,2,불안 및 우울 문제,11
학생152 ,-ObjRsD4YRgmeEY3VQVn,boy,1학년,과도한 불안,3,불안 및 우울 문제,11
학생152 ,-ObjRsD4YRgmeEY3VQVn,boy,1학년,우울 증상,0,불안 및 우울 문제,11
학생152 ,-ObjRsD4YRgmeEY3VQVn,boy,1학년,수면 문제,0,학교생활적응 문제,11
학생152 ,-ObjRsD4YRgmeEY3VQVn,boy,1학년,자살 사고,0,자살 및 위기 문제,11
학생152 ,-ObjRsD4YRgmeEY3VQVn,boy,1학년,자해 행동,0,자살 및 위기 문제,11
학생152 ,-ObjRsD4YRgmeEY3VQVn,boy,1학년,자살 계획,0,자살 및 위기 문제,11
학생152 ,-ObjRsD4YRgmeEY3VQVn,boy,1학년,심각한 자살사고,0,자살 및 위기 문제,11
학생152 ,-ObjRsD4YRgmeEY3VQVn,boy,1학년,절망감,0,자살 및 위기 문제,11
학생152 ,-ObjRsD4YRgmeEY3VQVn,boy,1학년,자살 시도,0,자살 및 위기 문제,11
학생152 ,-ObjRsD4YRgmeEY3VQVn,boy,1학년,빈번한 거짓말,0,외현화 문제,11
학생152 ,-ObjRsD4YRgmeEY3VQVn,boy,1학년,또래 갈등,0,외현화 문제,11
학생152 ,-ObjRsD4YRgmeEY3VQVn,boy,1학년,반항 행동,0,외현화 문제,11
학생152 ,-ObjRsD4YRgmeEY3VQVn,boy,1학년,괴롭힘 가해,0,외현화 문제,11
학생152 ,-ObjRsD4YRgmeEY3VQVn,boy,1학년,외상 침습증상,0,심리외상 문제,11
학생152 ,-ObjRsD4YRgmeEY3VQVn,boy,1학년,외상 관련 악몽,0,심리외상 문제,11
학생152 ,-ObjRsD4YRgmeEY3VQVn,boy,1학년,외상 후 고립,0,심리외상 문제,11
학생152 ,-ObjRsD4YRgmeEY3VQVn,boy,1학년,외상 후 과각성,0,심리외상 문제,11
학생152 ,-ObjRsD4YRgmeEY3VQVn,boy,1학년,외상 회피행동,0,심리외상 문제,11
학생152 ,-ObjRsD4YRgmeEY3VQVn,boy,1학년,흡연 문제,0,외현화 문제,11
학생152 ,-ObjRsD4YRgmeEY3VQVn,boy,1학년,음주 문제,0,외현화 문제,11
학생152 ,-ObjRsD4YRgmeEY3VQVn,boy,1학년,적응력 저하,0,학교생활적응 문제,11
학생152 ,-ObjRsD4YRgmeEY3VQVn,boy,1학년,분리 불안,1,학교생활적응 문제,11
학생152 ,-ObjRsD4YRgmeEY3VQVn,boy,1학년,학습 어려움,0,학교생활적응 문제,11
학생152 ,-ObjRsD4YRgmeEY3VQVn,boy,1학년,재산 관련 비행,0,외현화 문제,11
학생152 ,-ObjRsD4YRgmeEY3VQVn,boy,1학년,게임 과몰입,0,외현화 문제,11
학생152 ,-ObjRsD4YRgmeEY3VQVn,boy,1학년,관계 형성 곤란,0,학교생활적응 문제,11
학생152 ,-ObjRsD4YRgmeEY3VQVn,boy,1학년,등교 거부,0,학교생활적응 문제,11
학생152 ,-ObjRsD4YRgmeEY3VQVn,boy,1학년,괴롭힘 피해,0,심리외상 문제,11
학생152 ,-ObjRsD4YRgmeEY3VQVn,boy,1학년,따돌림 피해,0,심리외상 문제,11
학생153 ,-ObjRsknZ7zdpSOAKDq-,boy,1학년,사회적 긴장,0,불안 및 우울 문제,0
학생153 ,-ObjRsknZ7zdpSOAKDq-,boy,1학년,감정 기복,0,불안 및 우울 문제,0
학생153 ,-ObjRsknZ7zdpSOAKDq-,boy,1학년,과도한 죄책감,0,불안 및 우울 문제,0
학생153 ,-ObjRsknZ7zdpSOAKDq-,boy,1학년,과민성/짜증,0,불안 및 우울 문제,0
학생153 ,-ObjRsknZ7zdpSOAKDq-,boy,1학년,낮은 자존감,0,학교생활적응 문제,0
학생153 ,-ObjRsknZ7zdpSOAKDq-,boy,1학년,무기력/피로,0,불안 및 우울 문제,0
학생153 ,-ObjRsknZ7zdpSOAKDq-,boy,1학년,예기 불안,0,불안 및 우울 문제,0
학생153 ,-ObjRsknZ7zdpSOAKDq-,boy,1학년,과도한 불안,0,불안 및 우울 문제,0
학생153 ,-ObjRsknZ7zdpSOAKDq-,boy,1학년,우울 증상,0,불안 및 우울 문제,0
학생153 ,-ObjRsknZ7zdpSOAKDq-,boy,1학년,수면 문제,0,학교생활적응 문제,0
학생153 ,-ObjRsknZ7zdpSOAKDq-,boy,1학년,자살 사고,0,자살 및 위기 문제,0
학생153 ,-ObjRsknZ7zdpSOAKDq-,boy,1학년,자해 행동,0,자살 및 위기 문제,0
학생153 ,-ObjRsknZ7zdpSOAKDq-,boy,1학년,자살 계획,0,자살 및 위기 문제,0
학생153 ,-ObjRsknZ7zdpSOAKDq-,boy,1학년,심각한 자살사고,0,자살 및 위기 문제,0
학생153 ,-ObjRsknZ7zdpSOAKDq-,boy,1학년,절망감,0,자살 및 위기 문제,0
학생153 ,-ObjRsknZ7zdpSOAKDq-,boy,1학년,자살 시도,0,자살 및 위기 문제,0
학생153 ,-ObjRsknZ7zdpSOAKDq-,boy,1학년,빈번한 거짓말,0,외현화 문제,0
학생153 ,-ObjRsknZ7zdpSOAKDq-,boy,1학년,또래 갈등,0,외현화 문제,0
학생153 ,-ObjRsknZ7zdpSOAKDq-,boy,1학년,반항 행동,0,외현화 문제,0
학생153 ,-ObjRsknZ7zdpSOAKDq-,boy,1학년,괴롭힘 가해,0,외현화 문제,0
학생153 ,-ObjRsknZ7zdpSOAKDq-,boy,1학년,외상 침습증상,0,심리외상 문제,0
학생153 ,-ObjRsknZ7zdpSOAKDq-,boy,1학년,외상 관련 악몽,0,심리외상 문제,0
학생153 ,-ObjRsknZ7zdpSOAKDq-,boy,1학년,외상 후 고립,0,심리외상 문제,0
학생153 ,-ObjRsknZ7zdpSOAKDq-,boy,1학년,외상 후 과각성,0,심리외상 문제,0
학생153 ,-ObjRsknZ7zdpSOAKDq-,boy,1학년,외상 회피행동,0,심리외상 문제,0
학생153 ,-ObjRsknZ7zdpSOAKDq-,boy,1학년,흡연 문제,0,외현화 문제,0
학생153 ,-ObjRsknZ7zdpSOAKDq-,boy,1학년,음주 문제,0,외현화 문제,0
학생153 ,-ObjRsknZ7zdpSOAKDq-,boy,1학년,적응력 저하,0,학교생활적응 문제,0
학생153 ,-ObjRsknZ7zdpSOAKDq-,boy,1학년,분리 불안,0,학교생활적응 문제,0
학생153 ,-ObjRsknZ7zdpSOAKDq-,boy,1학년,학습 어려움,0,학교생활적응 문제,0
학생153 ,-ObjRsknZ7zdpSOAKDq-,boy,1학년,재산 관련 비행,0,외현화 문제,0
학생153 ,-ObjRsknZ7zdpSOAKDq-,boy,1학년,게임 과몰입,0,외현화 문제,0
학생153 ,-ObjRsknZ7zdpSOAKDq-,boy,1학년,관계 형성 곤란,0,학교생활적응 문제,0
학생153 ,-ObjRsknZ7zdpSOAKDq-,boy,1학년,등교 거부,0,학교생활적응 문제,0
학생153 ,-ObjRsknZ7zdpSOAKDq-,boy,1학년,괴롭힘 피해,0,심리외상 문제,0
학생153 ,-ObjRsknZ7zdpSOAKDq-,boy,1학년,따돌림 피해,0,심리외상 문제,0
학생154 ,-ObjRslGJkUiAiijVF4b,boy,2학년,사회적 긴장,1,불안 및 우울 문제,8
학생154 ,-ObjRslGJkUiAiijVF4b,boy,2학년,감정 기복,1,불안 및 우울 문제,8
학생154 ,-ObjRslGJkUiAiijVF4b,boy,2학년,과도한 죄책감,0,불안 및 우울 문제,8
학생154 ,-ObjRslGJkUiAiijVF4b,boy,2학년,과민성/짜증,1,불안 및 우울 문제,8
학생154 ,-ObjRslGJkUiAiijVF4b,boy,2학년,낮은 자존감,0,학교생활적응 문제,8
학생154 ,-ObjRslGJkUiAiijVF4b,boy,2학년,무기력/피로,1,불안 및 우울 문제,8
학생154 ,-ObjRslGJkUiAiijVF4b,boy,2학년,예기 불안,0,불안 및 우울 문제,8
학생154 ,-ObjRslGJkUiAiijVF4b,boy,2학년,과도한 불안,0,불안 및 우울 문제,8
학생154 ,-ObjRslGJkUiAiijVF4b,boy,2학년,우울 증상,0,불안 및 우울 문제,8
학생154 ,-ObjRslGJkUiAiijVF4b,boy,2학년,수면 문제,2,학교생활적응 문제,8
학생154 ,-ObjRslGJkUiAiijVF4b,boy,2학년,자살 사고,0,자살 및 위기 문제,8
학생154 ,-ObjRslGJkUiAiijVF4b,boy,2학년,자해 행동,0,자살 및 위기 문제,8
학생154 ,-ObjRslGJkUiAiijVF4b,boy,2학년,자살 계획,0,자살 및 위기 문제,8
학생154 ,-ObjRslGJkUiAiijVF4b,boy,2학년,심각한 자살사고,0,자살 및 위기 문제,8
학생154 ,-ObjRslGJkUiAiijVF4b,boy,2학년,절망감,0,자살 및 위기 문제,8
학생154 ,-ObjRslGJkUiAiijVF4b,boy,2학년,자살 시도,1,자살 및 위기 문제,8
학생154 ,-ObjRslGJkUiAiijVF4b,boy,2학년,빈번한 거짓말,1,외현화 문제,8
학생154 ,-ObjRslGJkUiAiijVF4b,boy,2학년,또래 갈등,0,외현화 문제,8
학생154 ,-ObjRslGJkUiAiijVF4b,boy,2학년,반항 행동,0,외현화 문제,8
학생154 ,-ObjRslGJkUiAiijVF4b,boy,2학년,괴롭힘 가해,0,외현화 문제,8
학생154 ,-ObjRslGJkUiAiijVF4b,boy,2학년,외상 침습증상,0,심리외상 문제,8
학생154 ,-ObjRslGJkUiAiijVF4b,boy,2학년,외상 관련 악몽,0,심리외상 문제,8
학생154 ,-ObjRslGJkUiAiijVF4b,boy,2학년,외상 후 고립,0,심리외상 문제,8
학생154 ,-ObjRslGJkUiAiijVF4b,boy,2학년,외상 후 과각성,0,심리외상 문제,8
학생154 ,-ObjRslGJkUiAiijVF4b,boy,2학년,외상 회피행동,0,심리외상 문제,8
학생154 ,-ObjRslGJkUiAiijVF4b,boy,2학년,흡연 문제,0,외현화 문제,8
학생154 ,-ObjRslGJkUiAiijVF4b,boy,2학년,음주 문제,0,외현화 문제,8
학생154 ,-ObjRslGJkUiAiijVF4b,boy,2학년,적응력 저하,0,학교생활적응 문제,8
학생154 ,-ObjRslGJkUiAiijVF4b,boy,2학년,분리 불안,0,학교생활적응 문제,8
학생154 ,-ObjRslGJkUiAiijVF4b,boy,2학년,학습 어려움,0,학교생활적응 문제,8
학생154 ,-ObjRslGJkUiAiijVF4b,boy,2학년,재산 관련 비행,0,외현화 문제,8
학생154 ,-ObjRslGJkUiAiijVF4b,boy,2학년,게임 과몰입,0,외현화 문제,8
학생154 ,-ObjRslGJkUiAiijVF4b,boy,2학년,관계 형성 곤란,0,학교생활적응 문제,8
학생154 ,-ObjRslGJkUiAiijVF4b,boy,2학년,등교 거부,0,학교생활적응 문제,8
학생154 ,-ObjRslGJkUiAiijVF4b,boy,2학년,괴롭힘 피해,0,심리외상 문제,8
학생154 ,-ObjRslGJkUiAiijVF4b,boy,2학년,따돌림 피해,0,심리외상 문제,8
학생155 ,-ObjRsqQ27u20TlfcfT9,boy,2학년,사회적 긴장,0,불안 및 우울 문제,3
학생155 ,-ObjRsqQ27u20TlfcfT9,boy,2학년,감정 기복,1,불안 및 우울 문제,3
학생155 ,-ObjRsqQ27u20TlfcfT9,boy,2학년,과도한 죄책감,0,불안 및 우울 문제,3
학생155 ,-ObjRsqQ27u20TlfcfT9,boy,2학년,과민성/짜증,0,불안 및 우울 문제,3
학생155 ,-ObjRsqQ27u20TlfcfT9,boy,2학년,낮은 자존감,1,학교생활적응 문제,3
학생155 ,-ObjRsqQ27u20TlfcfT9,boy,2학년,무기력/피로,0,불안 및 우울 문제,3
학생155 ,-ObjRsqQ27u20TlfcfT9,boy,2학년,예기 불안,0,불안 및 우울 문제,3
학생155 ,-ObjRsqQ27u20TlfcfT9,boy,2학년,과도한 불안,0,불안 및 우울 문제,3
학생155 ,-ObjRsqQ27u20TlfcfT9,boy,2학년,우울 증상,0,불안 및 우울 문제,3
학생155 ,-ObjRsqQ27u20TlfcfT9,boy,2학년,수면 문제,1,학교생활적응 문제,3
학생155 ,-ObjRsqQ27u20TlfcfT9,boy,2학년,자살 사고,0,자살 및 위기 문제,3
학생155 ,-ObjRsqQ27u20TlfcfT9,boy,2학년,자해 행동,0,자살 및 위기 문제,3
학생155 ,-ObjRsqQ27u20TlfcfT9,boy,2학년,자살 계획,0,자살 및 위기 문제,3
학생155 ,-ObjRsqQ27u20TlfcfT9,boy,2학년,심각한 자살사고,0,자살 및 위기 문제,3
학생155 ,-ObjRsqQ27u20TlfcfT9,boy,2학년,절망감,0,자살 및 위기 문제,3
학생155 ,-ObjRsqQ27u20TlfcfT9,boy,2학년,자살 시도,0,자살 및 위기 문제,3
학생155 ,-ObjRsqQ27u20TlfcfT9,boy,2학년,빈번한 거짓말,0,외현화 문제,3
학생155 ,-ObjRsqQ27u20TlfcfT9,boy,2학년,또래 갈등,0,외현화 문제,3
학생155 ,-ObjRsqQ27u20TlfcfT9,boy,2학년,반항 행동,0,외현화 문제,3
학생155 ,-ObjRsqQ27u20TlfcfT9,boy,2학년,괴롭힘 가해,0,외현화 문제,3
학생155 ,-ObjRsqQ27u20TlfcfT9,boy,2학년,외상 침습증상,0,심리외상 문제,3
학생155 ,-ObjRsqQ27u20TlfcfT9,boy,2학년,외상 관련 악몽,0,심리외상 문제,3
학생155 ,-ObjRsqQ27u20TlfcfT9,boy,2학년,외상 후 고립,0,심리외상 문제,3
학생155 ,-ObjRsqQ27u20TlfcfT9,boy,2학년,외상 후 과각성,0,심리외상 문제,3
학생155 ,-ObjRsqQ27u20TlfcfT9,boy,2학년,외상 회피행동,0,심리외상 문제,3
학생155 ,-ObjRsqQ27u20TlfcfT9,boy,2학년,흡연 문제,0,외현화 문제,3
학생155 ,-ObjRsqQ27u20TlfcfT9,boy,2학년,음주 문제,0,외현화 문제,3
학생155 ,-ObjRsqQ27u20TlfcfT9,boy,2학년,적응력 저하,0,학교생활적응 문제,3
학생155 ,-ObjRsqQ27u20TlfcfT9,boy,2학년,분리 불안,0,학교생활적응 문제,3
학생155 ,-ObjRsqQ27u20TlfcfT9,boy,2학년,학습 어려움,0,학교생활적응 문제,3
학생155 ,-ObjRsqQ27u20TlfcfT9,boy,2학년,재산 관련 비행,0,외현화 문제,3
학생155 ,-ObjRsqQ27u20TlfcfT9,boy,2학년,게임 과몰입,0,외현화 문제,3
학생155 ,-ObjRsqQ27u20TlfcfT9,boy,2학년,관계 형성 곤란,0,학교생활적응 문제,3
학생155 ,-ObjRsqQ27u20TlfcfT9,boy,2학년,등교 거부,0,학교생활적응 문제,3
학생155 ,-ObjRsqQ27u20TlfcfT9,boy,2학년,괴롭힘 피해,0,심리외상 문제,3
학생155 ,-ObjRsqQ27u20TlfcfT9,boy,2학년,따돌림 피해,0,심리외상 문제,3
학생156 ,-ObjRtjQJUComZyoH2CJ,boy,2학년,사회적 긴장,3,불안 및 우울 문제,20
학생156 ,-ObjRtjQJUComZyoH2CJ,boy,2학년,감정 기복,2,불안 및 우울 문제,20
학생156 ,-ObjRtjQJUComZyoH2CJ,boy,2학년,과도한 죄책감,0,불안 및 우울 문제,20
학생156 ,-ObjRtjQJUComZyoH2CJ,boy,2학년,과민성/짜증,1,불안 및 우울 문제,20
학생156 ,-ObjRtjQJUComZyoH2CJ,boy,2학년,낮은 자존감,2,학교생활적응 문제,20
학생156 ,-ObjRtjQJUComZyoH2CJ,boy,2학년,무기력/피로,1,불안 및 우울 문제,20
학생156 ,-ObjRtjQJUComZyoH2CJ,boy,2학년,예기 불안,2,불안 및 우울 문제,20
학생156 ,-ObjRtjQJUComZyoH2CJ,boy,2학년,과도한 불안,1,불안 및 우울 문제,20
학생156 ,-ObjRtjQJUComZyoH2CJ,boy,2학년,우울 증상,1,불안 및 우울 문제,20
학생156 ,-ObjRtjQJUComZyoH2CJ,boy,2학년,수면 문제,0,학교생활적응 문제,20
학생156 ,-ObjRtjQJUComZyoH2CJ,boy,2학년,자살 사고,0,자살 및 위기 문제,20
학생156 ,-ObjRtjQJUComZyoH2CJ,boy,2학년,자해 행동,0,자살 및 위기 문제,20
학생156 ,-ObjRtjQJUComZyoH2CJ,boy,2학년,자살 계획,0,자살 및 위기 문제,20
학생156 ,-ObjRtjQJUComZyoH2CJ,boy,2학년,심각한 자살사고,0,자살 및 위기 문제,20
학생156 ,-ObjRtjQJUComZyoH2CJ,boy,2학년,절망감,0,자살 및 위기 문제,20
학생156 ,-ObjRtjQJUComZyoH2CJ,boy,2학년,자살 시도,0,자살 및 위기 문제,20
학생156 ,-ObjRtjQJUComZyoH2CJ,boy,2학년,빈번한 거짓말,1,외현화 문제,20
학생156 ,-ObjRtjQJUComZyoH2CJ,boy,2학년,또래 갈등,0,외현화 문제,20
학생156 ,-ObjRtjQJUComZyoH2CJ,boy,2학년,반항 행동,0,외현화 문제,20
학생156 ,-ObjRtjQJUComZyoH2CJ,boy,2학년,괴롭힘 가해,0,외현화 문제,20
학생156 ,-ObjRtjQJUComZyoH2CJ,boy,2학년,외상 침습증상,0,심리외상 문제,20
학생156 ,-ObjRtjQJUComZyoH2CJ,boy,2학년,외상 관련 악몽,1,심리외상 문제,20
학생156 ,-ObjRtjQJUComZyoH2CJ,boy,2학년,외상 후 고립,0,심리외상 문제,20
학생156 ,-ObjRtjQJUComZyoH2CJ,boy,2학년,외상 후 과각성,0,심리외상 문제,20
학생156 ,-ObjRtjQJUComZyoH2CJ,boy,2학년,외상 회피행동,2,심리외상 문제,20
학생156 ,-ObjRtjQJUComZyoH2CJ,boy,2학년,흡연 문제,0,외현화 문제,20
학생156 ,-ObjRtjQJUComZyoH2CJ,boy,2학년,음주 문제,0,외현화 문제,20
학생156 ,-ObjRtjQJUComZyoH2CJ,boy,2학년,적응력 저하,1,학교생활적응 문제,20
학생156 ,-ObjRtjQJUComZyoH2CJ,boy,2학년,분리 불안,0,학교생활적응 문제,20
학생156 ,-ObjRtjQJUComZyoH2CJ,boy,2학년,학습 어려움,0,학교생활적응 문제,20
학생156 ,-ObjRtjQJUComZyoH2CJ,boy,2학년,재산 관련 비행,0,외현화 문제,20
학생156 ,-ObjRtjQJUComZyoH2CJ,boy,2학년,게임 과몰입,2,외현화 문제,20
학생156 ,-ObjRtjQJUComZyoH2CJ,boy,2학년,관계 형성 곤란,0,학교생활적응 문제,20
학생156 ,-ObjRtjQJUComZyoH2CJ,boy,2학년,등교 거부,0,학교생활적응 문제,20
학생156 ,-ObjRtjQJUComZyoH2CJ,boy,2학년,괴롭힘 피해,0,심리외상 문제,20
학생156 ,-ObjRtjQJUComZyoH2CJ,boy,2학년,따돌림 피해,0,심리외상 문제,20
학생157 ,-ObjRtuXC9qolfbw1lij,girl,1학년,사회적 긴장,0,불안 및 우울 문제,8
학생157 ,-ObjRtuXC9qolfbw1lij,girl,1학년,감정 기복,0,불안 및 우울 문제,8
학생157 ,-ObjRtuXC9qolfbw1lij,girl,1학년,과도한 죄책감,0,불안 및 우울 문제,8
학생157 ,-ObjRtuXC9qolfbw1lij,girl,1학년,과민성/짜증,1,불안 및 우울 문제,8
학생157 ,-ObjRtuXC9qolfbw1lij,girl,1학년,낮은 자존감,1,학교생활적응 문제,8
학생157 ,-ObjRtuXC9qolfbw1lij,girl,1학년,무기력/피로,1,불안 및 우울 문제,8
학생157 ,-ObjRtuXC9qolfbw1lij,girl,1학년,예기 불안,0,불안 및 우울 문제,8
학생157 ,-ObjRtuXC9qolfbw1lij,girl,1학년,과도한 불안,0,불안 및 우울 문제,8
학생157 ,-ObjRtuXC9qolfbw1lij,girl,1학년,우울 증상,0,불안 및 우울 문제,8
학생157 ,-ObjRtuXC9qolfbw1lij,girl,1학년,수면 문제,0,학교생활적응 문제,8
학생157 ,-ObjRtuXC9qolfbw1lij,girl,1학년,자살 사고,0,자살 및 위기 문제,8
학생157 ,-ObjRtuXC9qolfbw1lij,girl,1학년,자해 행동,0,자살 및 위기 문제,8
학생157 ,-ObjRtuXC9qolfbw1lij,girl,1학년,자살 계획,0,자살 및 위기 문제,8
학생157 ,-ObjRtuXC9qolfbw1lij,girl,1학년,심각한 자살사고,0,자살 및 위기 문제,8
학생157 ,-ObjRtuXC9qolfbw1lij,girl,1학년,절망감,0,자살 및 위기 문제,8
학생157 ,-ObjRtuXC9qolfbw1lij,girl,1학년,자살 시도,0,자살 및 위기 문제,8
학생157 ,-ObjRtuXC9qolfbw1lij,girl,1학년,빈번한 거짓말,1,외현화 문제,8
학생157 ,-ObjRtuXC9qolfbw1lij,girl,1학년,또래 갈등,0,외현화 문제,8
학생157 ,-ObjRtuXC9qolfbw1lij,girl,1학년,반항 행동,1,외현화 문제,8
학생157 ,-ObjRtuXC9qolfbw1lij,girl,1학년,괴롭힘 가해,0,외현화 문제,8
학생157 ,-ObjRtuXC9qolfbw1lij,girl,1학년,외상 침습증상,0,심리외상 문제,8
학생157 ,-ObjRtuXC9qolfbw1lij,girl,1학년,외상 관련 악몽,0,심리외상 문제,8
학생157 ,-ObjRtuXC9qolfbw1lij,girl,1학년,외상 후 고립,0,심리외상 문제,8
학생157 ,-ObjRtuXC9qolfbw1lij,girl,1학년,외상 후 과각성,0,심리외상 문제,8
학생157 ,-ObjRtuXC9qolfbw1lij,girl,1학년,외상 회피행동,1,심리외상 문제,8
학생157 ,-ObjRtuXC9qolfbw1lij,girl,1학년,흡연 문제,0,외현화 문제,8
학생157 ,-ObjRtuXC9qolfbw1lij,girl,1학년,음주 문제,0,외현화 문제,8
학생157 ,-ObjRtuXC9qolfbw1lij,girl,1학년,적응력 저하,0,학교생활적응 문제,8
학생157 ,-ObjRtuXC9qolfbw1lij,girl,1학년,분리 불안,0,학교생활적응 문제,8
학생157 ,-ObjRtuXC9qolfbw1lij,girl,1학년,학습 어려움,1,학교생활적응 문제,8
학생157 ,-ObjRtuXC9qolfbw1lij,girl,1학년,재산 관련 비행,0,외현화 문제,8
학생157 ,-ObjRtuXC9qolfbw1lij,girl,1학년,게임 과몰입,0,외현화 문제,8
학생157 ,-ObjRtuXC9qolfbw1lij,girl,1학년,관계 형성 곤란,1,학교생활적응 문제,8
학생157 ,-ObjRtuXC9qolfbw1lij,girl,1학년,등교 거부,0,학교생활적응 문제,8
학생157 ,-ObjRtuXC9qolfbw1lij,girl,1학년,괴롭힘 피해,0,심리외상 문제,8
학생157 ,-ObjRtuXC9qolfbw1lij,girl,1학년,따돌림 피해,0,심리외상 문제,8
학생158 ,-ObjRtu_frk_Doe1g6AC,girl,3학년,사회적 긴장,1,불안 및 우울 문제,19
학생158 ,-ObjRtu_frk_Doe1g6AC,girl,3학년,감정 기복,1,불안 및 우울 문제,19
학생158 ,-ObjRtu_frk_Doe1g6AC,girl,3학년,과도한 죄책감,1,불안 및 우울 문제,19
학생158 ,-ObjRtu_frk_Doe1g6AC,girl,3학년,과민성/짜증,2,불안 및 우울 문제,19
학생158 ,-ObjRtu_frk_Doe1g6AC,girl,3학년,낮은 자존감,2,학교생활적응 문제,19
학생158 ,-ObjRtu_frk_Doe1g6AC,girl,3학년,무기력/피로,1,불안 및 우울 문제,19
학생158 ,-ObjRtu_frk_Doe1g6AC,girl,3학년,예기 불안,2,불안 및 우울 문제,19
학생158 ,-ObjRtu_frk_Doe1g6AC,girl,3학년,과도한 불안,2,불안 및 우울 문제,19
학생158 ,-ObjRtu_frk_Doe1g6AC,girl,3학년,우울 증상,2,불안 및 우울 문제,19
학생158 ,-ObjRtu_frk_Doe1g6AC,girl,3학년,수면 문제,1,학교생활적응 문제,19
학생158 ,-ObjRtu_frk_Doe1g6AC,girl,3학년,자살 사고,1,자살 및 위기 문제,19
학생158 ,-ObjRtu_frk_Doe1g6AC,girl,3학년,자해 행동,1,자살 및 위기 문제,19
학생158 ,-ObjRtu_frk_Doe1g6AC,girl,3학년,자살 계획,0,자살 및 위기 문제,19
학생158 ,-ObjRtu_frk_Doe1g6AC,girl,3학년,심각한 자살사고,0,자살 및 위기 문제,19
학생158 ,-ObjRtu_frk_Doe1g6AC,girl,3학년,절망감,1,자살 및 위기 문제,19
학생158 ,-ObjRtu_frk_Doe1g6AC,girl,3학년,자살 시도,0,자살 및 위기 문제,19
학생158 ,-ObjRtu_frk_Doe1g6AC,girl,3학년,빈번한 거짓말,0,외현화 문제,19
학생158 ,-ObjRtu_frk_Doe1g6AC,girl,3학년,또래 갈등,0,외현화 문제,19
학생158 ,-ObjRtu_frk_Doe1g6AC,girl,3학년,반항 행동,0,외현화 문제,19
학생158 ,-ObjRtu_frk_Doe1g6AC,girl,3학년,괴롭힘 가해,0,외현화 문제,19
학생158 ,-ObjRtu_frk_Doe1g6AC,girl,3학년,외상 침습증상,0,심리외상 문제,19
학생158 ,-ObjRtu_frk_Doe1g6AC,girl,3학년,외상 관련 악몽,0,심리외상 문제,19
학생158 ,-ObjRtu_frk_Doe1g6AC,girl,3학년,외상 후 고립,1,심리외상 문제,19
학생158 ,-ObjRtu_frk_Doe1g6AC,girl,3학년,외상 후 과각성,0,심리외상 문제,19
학생158 ,-ObjRtu_frk_Doe1g6AC,girl,3학년,외상 회피행동,0,심리외상 문제,19
학생158 ,-ObjRtu_frk_Doe1g6AC,girl,3학년,흡연 문제,0,외현화 문제,19
학생158 ,-ObjRtu_frk_Doe1g6AC,girl,3학년,음주 문제,0,외현화 문제,19
학생158 ,-ObjRtu_frk_Doe1g6AC,girl,3학년,적응력 저하,0,학교생활적응 문제,19
학생158 ,-ObjRtu_frk_Doe1g6AC,girl,3학년,분리 불안,0,학교생활적응 문제,19
학생158 ,-ObjRtu_frk_Doe1g6AC,girl,3학년,학습 어려움,0,학교생활적응 문제,19
학생158 ,-ObjRtu_frk_Doe1g6AC,girl,3학년,재산 관련 비행,0,외현화 문제,19
학생158 ,-ObjRtu_frk_Doe1g6AC,girl,3학년,게임 과몰입,0,외현화 문제,19
학생158 ,-ObjRtu_frk_Doe1g6AC,girl,3학년,관계 형성 곤란,0,학교생활적응 문제,19
학생158 ,-ObjRtu_frk_Doe1g6AC,girl,3학년,등교 거부,0,학교생활적응 문제,19
학생158 ,-ObjRtu_frk_Doe1g6AC,girl,3학년,괴롭힘 피해,0,심리외상 문제,19
학생158 ,-ObjRtu_frk_Doe1g6AC,girl,3학년,따돌림 피해,0,심리외상 문제,19
학생159 ,-ObjRuGIRq2KrLKrxHjg,girl,1학년,사회적 긴장,0,불안 및 우울 문제,8
학생159 ,-ObjRuGIRq2KrLKrxHjg,girl,1학년,감정 기복,1,불안 및 우울 문제,8
학생159 ,-ObjRuGIRq2KrLKrxHjg,girl,1학년,과도한 죄책감,0,불안 및 우울 문제,8
학생159 ,-ObjRuGIRq2KrLKrxHjg,girl,1학년,과민성/짜증,2,불안 및 우울 문제,8
학생159 ,-ObjRuGIRq2KrLKrxHjg,girl,1학년,낮은 자존감,0,학교생활적응 문제,8
학생159 ,-ObjRuGIRq2KrLKrxHjg,girl,1학년,무기력/피로,1,불안 및 우울 문제,8
학생159 ,-ObjRuGIRq2KrLKrxHjg,girl,1학년,예기 불안,1,불안 및 우울 문제,8
학생159 ,-ObjRuGIRq2KrLKrxHjg,girl,1학년,과도한 불안,1,불안 및 우울 문제,8
학생159 ,-ObjRuGIRq2KrLKrxHjg,girl,1학년,우울 증상,1,불안 및 우울 문제,8
학생159 ,-ObjRuGIRq2KrLKrxHjg,girl,1학년,수면 문제,0,학교생활적응 문제,8
학생159 ,-ObjRuGIRq2KrLKrxHjg,girl,1학년,자살 사고,0,자살 및 위기 문제,8
학생159 ,-ObjRuGIRq2KrLKrxHjg,girl,1학년,자해 행동,0,자살 및 위기 문제,8
학생159 ,-ObjRuGIRq2KrLKrxHjg,girl,1학년,자살 계획,0,자살 및 위기 문제,8
학생159 ,-ObjRuGIRq2KrLKrxHjg,girl,1학년,심각한 자살사고,0,자살 및 위기 문제,8
학생159 ,-ObjRuGIRq2KrLKrxHjg,girl,1학년,절망감,0,자살 및 위기 문제,8
학생159 ,-ObjRuGIRq2KrLKrxHjg,girl,1학년,자살 시도,0,자살 및 위기 문제,8
학생159 ,-ObjRuGIRq2KrLKrxHjg,girl,1학년,빈번한 거짓말,0,외현화 문제,8
학생159 ,-ObjRuGIRq2KrLKrxHjg,girl,1학년,또래 갈등,0,외현화 문제,8
학생159 ,-ObjRuGIRq2KrLKrxHjg,girl,1학년,반항 행동,0,외현화 문제,8
학생159 ,-ObjRuGIRq2KrLKrxHjg,girl,1학년,괴롭힘 가해,0,외현화 문제,8
학생159 ,-ObjRuGIRq2KrLKrxHjg,girl,1학년,외상 침습증상,0,심리외상 문제,8
학생159 ,-ObjRuGIRq2KrLKrxHjg,girl,1학년,외상 관련 악몽,0,심리외상 문제,8
학생159 ,-ObjRuGIRq2KrLKrxHjg,girl,1학년,외상 후 고립,0,심리외상 문제,8
학생159 ,-ObjRuGIRq2KrLKrxHjg,girl,1학년,외상 후 과각성,0,심리외상 문제,8
학생159 ,-ObjRuGIRq2KrLKrxHjg,girl,1학년,외상 회피행동,0,심리외상 문제,8
학생159 ,-ObjRuGIRq2KrLKrxHjg,girl,1학년,흡연 문제,0,외현화 문제,8
학생159 ,-ObjRuGIRq2KrLKrxHjg,girl,1학년,음주 문제,0,외현화 문제,8
학생159 ,-ObjRuGIRq2KrLKrxHjg,girl,1학년,적응력 저하,0,학교생활적응 문제,8
학생159 ,-ObjRuGIRq2KrLKrxHjg,girl,1학년,분리 불안,0,학교생활적응 문제,8
학생159 ,-ObjRuGIRq2KrLKrxHjg,girl,1학년,학습 어려움,1,학교생활적응 문제,8
학생159 ,-ObjRuGIRq2KrLKrxHjg,girl,1학년,재산 관련 비행,0,외현화 문제,8
학생159 ,-ObjRuGIRq2KrLKrxHjg,girl,1학년,게임 과몰입,0,외현화 문제,8
학생159 ,-ObjRuGIRq2KrLKrxHjg,girl,1학년,관계 형성 곤란,0,학교생활적응 문제,8
학생159 ,-ObjRuGIRq2KrLKrxHjg,girl,1학년,등교 거부,0,학교생활적응 문제,8
학생159 ,-ObjRuGIRq2KrLKrxHjg,girl,1학년,괴롭힘 피해,0,심리외상 문제,8
학생159 ,-ObjRuGIRq2KrLKrxHjg,girl,1학년,따돌림 피해,0,심리외상 문제,8
학생16 ,-ObjRMdv6JFBBNmAgSbA,girl,1학년,사회적 긴장,1,불안 및 우울 문제,12
학생16 ,-ObjRMdv6JFBBNmAgSbA,girl,1학년,감정 기복,2,불안 및 우울 문제,12
학생16 ,-ObjRMdv6JFBBNmAgSbA,girl,1학년,과도한 죄책감,1,불안 및 우울 문제,12
학생16 ,-ObjRMdv6JFBBNmAgSbA,girl,1학년,과민성/짜증,1,불안 및 우울 문제,12
학생16 ,-ObjRMdv6JFBBNmAgSbA,girl,1학년,낮은 자존감,2,학교생활적응 문제,12
학생16 ,-ObjRMdv6JFBBNmAgSbA,girl,1학년,무기력/피로,1,불안 및 우울 문제,12
학생16 ,-ObjRMdv6JFBBNmAgSbA,girl,1학년,예기 불안,1,불안 및 우울 문제,12
학생16 ,-ObjRMdv6JFBBNmAgSbA,girl,1학년,과도한 불안,1,불안 및 우울 문제,12
학생16 ,-ObjRMdv6JFBBNmAgSbA,girl,1학년,우울 증상,0,불안 및 우울 문제,12
학생16 ,-ObjRMdv6JFBBNmAgSbA,girl,1학년,수면 문제,0,학교생활적응 문제,12
학생16 ,-ObjRMdv6JFBBNmAgSbA,girl,1학년,자살 사고,0,자살 및 위기 문제,12
학생16 ,-ObjRMdv6JFBBNmAgSbA,girl,1학년,자해 행동,0,자살 및 위기 문제,12
학생16 ,-ObjRMdv6JFBBNmAgSbA,girl,1학년,자살 계획,0,자살 및 위기 문제,12
학생16 ,-ObjRMdv6JFBBNmAgSbA,girl,1학년,심각한 자살사고,0,자살 및 위기 문제,12
학생16 ,-ObjRMdv6JFBBNmAgSbA,girl,1학년,절망감,0,자살 및 위기 문제,12
학생16 ,-ObjRMdv6JFBBNmAgSbA,girl,1학년,자살 시도,0,자살 및 위기 문제,12
학생16 ,-ObjRMdv6JFBBNmAgSbA,girl,1학년,빈번한 거짓말,0,외현화 문제,12
학생16 ,-ObjRMdv6JFBBNmAgSbA,girl,1학년,또래 갈등,0,외현화 문제,12
학생16 ,-ObjRMdv6JFBBNmAgSbA,girl,1학년,반항 행동,0,외현화 문제,12
학생16 ,-ObjRMdv6JFBBNmAgSbA,girl,1학년,괴롭힘 가해,0,외현화 문제,12
학생16 ,-ObjRMdv6JFBBNmAgSbA,girl,1학년,외상 침습증상,0,심리외상 문제,12
학생16 ,-ObjRMdv6JFBBNmAgSbA,girl,1학년,외상 관련 악몽,1,심리외상 문제,12
학생16 ,-ObjRMdv6JFBBNmAgSbA,girl,1학년,외상 후 고립,0,심리외상 문제,12
학생16 ,-ObjRMdv6JFBBNmAgSbA,girl,1학년,외상 후 과각성,0,심리외상 문제,12
학생16 ,-ObjRMdv6JFBBNmAgSbA,girl,1학년,외상 회피행동,1,심리외상 문제,12
학생16 ,-ObjRMdv6JFBBNmAgSbA,girl,1학년,흡연 문제,0,외현화 문제,12
학생16 ,-ObjRMdv6JFBBNmAgSbA,girl,1학년,음주 문제,0,외현화 문제,12
학생16 ,-ObjRMdv6JFBBNmAgSbA,girl,1학년,적응력 저하,0,학교생활적응 문제,12
학생16 ,-ObjRMdv6JFBBNmAgSbA,girl,1학년,분리 불안,0,학교생활적응 문제,12
학생16 ,-ObjRMdv6JFBBNmAgSbA,girl,1학년,학습 어려움,0,학교생활적응 문제,12
학생16 ,-ObjRMdv6JFBBNmAgSbA,girl,1학년,재산 관련 비행,0,외현화 문제,12
학생16 ,-ObjRMdv6JFBBNmAgSbA,girl,1학년,게임 과몰입,0,외현화 문제,12
학생16 ,-ObjRMdv6JFBBNmAgSbA,girl,1학년,관계 형성 곤란,0,학교생활적응 문제,12
학생16 ,-ObjRMdv6JFBBNmAgSbA,girl,1학년,등교 거부,0,학교생활적응 문제,12
학생16 ,-ObjRMdv6JFBBNmAgSbA,girl,1학년,괴롭힘 피해,0,심리외상 문제,12
학생16 ,-ObjRMdv6JFBBNmAgSbA,girl,1학년,따돌림 피해,0,심리외상 문제,12
학생160 ,-ObjRuNmt3kNqGUAU5eM,boy,3학년,사회적 긴장,1,불안 및 우울 문제,15
학생160 ,-ObjRuNmt3kNqGUAU5eM,boy,3학년,감정 기복,3,불안 및 우울 문제,15
학생160 ,-ObjRuNmt3kNqGUAU5eM,boy,3학년,과도한 죄책감,1,불안 및 우울 문제,15
학생160 ,-ObjRuNmt3kNqGUAU5eM,boy,3학년,과민성/짜증,1,불안 및 우울 문제,15
학생160 ,-ObjRuNmt3kNqGUAU5eM,boy,3학년,낮은 자존감,2,학교생활적응 문제,15
학생160 ,-ObjRuNmt3kNqGUAU5eM,boy,3학년,무기력/피로,1,불안 및 우울 문제,15
학생160 ,-ObjRuNmt3kNqGUAU5eM,boy,3학년,예기 불안,1,불안 및 우울 문제,15
학생160 ,-ObjRuNmt3kNqGUAU5eM,boy,3학년,과도한 불안,1,불안 및 우울 문제,15
학생160 ,-ObjRuNmt3kNqGUAU5eM,boy,3학년,우울 증상,2,불안 및 우울 문제,15
학생160 ,-ObjRuNmt3kNqGUAU5eM,boy,3학년,수면 문제,0,학교생활적응 문제,15
학생160 ,-ObjRuNmt3kNqGUAU5eM,boy,3학년,자살 사고,1,자살 및 위기 문제,15
학생160 ,-ObjRuNmt3kNqGUAU5eM,boy,3학년,자해 행동,0,자살 및 위기 문제,15
학생160 ,-ObjRuNmt3kNqGUAU5eM,boy,3학년,자살 계획,0,자살 및 위기 문제,15
학생160 ,-ObjRuNmt3kNqGUAU5eM,boy,3학년,심각한 자살사고,0,자살 및 위기 문제,15
학생160 ,-ObjRuNmt3kNqGUAU5eM,boy,3학년,절망감,0,자살 및 위기 문제,15
학생160 ,-ObjRuNmt3kNqGUAU5eM,boy,3학년,자살 시도,0,자살 및 위기 문제,15
학생160 ,-ObjRuNmt3kNqGUAU5eM,boy,3학년,빈번한 거짓말,0,외현화 문제,15
학생160 ,-ObjRuNmt3kNqGUAU5eM,boy,3학년,또래 갈등,0,외현화 문제,15
학생160 ,-ObjRuNmt3kNqGUAU5eM,boy,3학년,반항 행동,0,외현화 문제,15
학생160 ,-ObjRuNmt3kNqGUAU5eM,boy,3학년,괴롭힘 가해,0,외현화 문제,15
학생160 ,-ObjRuNmt3kNqGUAU5eM,boy,3학년,외상 침습증상,0,심리외상 문제,15
학생160 ,-ObjRuNmt3kNqGUAU5eM,boy,3학년,외상 관련 악몽,0,심리외상 문제,15
학생160 ,-ObjRuNmt3kNqGUAU5eM,boy,3학년,외상 후 고립,0,심리외상 문제,15
학생160 ,-ObjRuNmt3kNqGUAU5eM,boy,3학년,외상 후 과각성,0,심리외상 문제,15
학생160 ,-ObjRuNmt3kNqGUAU5eM,boy,3학년,외상 회피행동,0,심리외상 문제,15
학생160 ,-ObjRuNmt3kNqGUAU5eM,boy,3학년,흡연 문제,0,외현화 문제,15
학생160 ,-ObjRuNmt3kNqGUAU5eM,boy,3학년,음주 문제,0,외현화 문제,15
학생160 ,-ObjRuNmt3kNqGUAU5eM,boy,3학년,적응력 저하,0,학교생활적응 문제,15
학생160 ,-ObjRuNmt3kNqGUAU5eM,boy,3학년,분리 불안,0,학교생활적응 문제,15
학생160 ,-ObjRuNmt3kNqGUAU5eM,boy,3학년,학습 어려움,0,학교생활적응 문제,15
학생160 ,-ObjRuNmt3kNqGUAU5eM,boy,3학년,재산 관련 비행,0,외현화 문제,15
학생160 ,-ObjRuNmt3kNqGUAU5eM,boy,3학년,게임 과몰입,0,외현화 문제,15
학생160 ,-ObjRuNmt3kNqGUAU5eM,boy,3학년,관계 형성 곤란,1,학교생활적응 문제,15
학생160 ,-ObjRuNmt3kNqGUAU5eM,boy,3학년,등교 거부,0,학교생활적응 문제,15
학생160 ,-ObjRuNmt3kNqGUAU5eM,boy,3학년,괴롭힘 피해,0,심리외상 문제,15
학생160 ,-ObjRuNmt3kNqGUAU5eM,boy,3학년,따돌림 피해,0,심리외상 문제,15
학생161 ,-ObjRuUbxr_ZuHYqEGq7,boy,1학년,사회적 긴장,1,불안 및 우울 문제,26
학생161 ,-ObjRuUbxr_ZuHYqEGq7,boy,1학년,감정 기복,2,불안 및 우울 문제,26
학생161 ,-ObjRuUbxr_ZuHYqEGq7,boy,1학년,과도한 죄책감,2,불안 및 우울 문제,26
학생161 ,-ObjRuUbxr_ZuHYqEGq7,boy,1학년,과민성/짜증,3,불안 및 우울 문제,26
학생161 ,-ObjRuUbxr_ZuHYqEGq7,boy,1학년,낮은 자존감,1,학교생활적응 문제,26
학생161 ,-ObjRuUbxr_ZuHYqEGq7,boy,1학년,무기력/피로,2,불안 및 우울 문제,26
학생161 ,-ObjRuUbxr_ZuHYqEGq7,boy,1학년,예기 불안,2,불안 및 우울 문제,26
학생161 ,-ObjRuUbxr_ZuHYqEGq7,boy,1학년,과도한 불안,2,불안 및 우울 문제,26
학생161 ,-ObjRuUbxr_ZuHYqEGq7,boy,1학년,우울 증상,2,불안 및 우울 문제,26
학생161 ,-ObjRuUbxr_ZuHYqEGq7,boy,1학년,수면 문제,2,학교생활적응 문제,26
학생161 ,-ObjRuUbxr_ZuHYqEGq7,boy,1학년,자살 사고,1,자살 및 위기 문제,26
학생161 ,-ObjRuUbxr_ZuHYqEGq7,boy,1학년,자해 행동,0,자살 및 위기 문제,26
학생161 ,-ObjRuUbxr_ZuHYqEGq7,boy,1학년,자살 계획,0,자살 및 위기 문제,26
학생161 ,-ObjRuUbxr_ZuHYqEGq7,boy,1학년,심각한 자살사고,0,자살 및 위기 문제,26
학생161 ,-ObjRuUbxr_ZuHYqEGq7,boy,1학년,절망감,0,자살 및 위기 문제,26
학생161 ,-ObjRuUbxr_ZuHYqEGq7,boy,1학년,자살 시도,0,자살 및 위기 문제,26
학생161 ,-ObjRuUbxr_ZuHYqEGq7,boy,1학년,빈번한 거짓말,2,외현화 문제,26
학생161 ,-ObjRuUbxr_ZuHYqEGq7,boy,1학년,또래 갈등,0,외현화 문제,26
학생161 ,-ObjRuUbxr_ZuHYqEGq7,boy,1학년,반항 행동,1,외현화 문제,26
학생161 ,-ObjRuUbxr_ZuHYqEGq7,boy,1학년,괴롭힘 가해,1,외현화 문제,26
학생161 ,-ObjRuUbxr_ZuHYqEGq7,boy,1학년,외상 침습증상,0,심리외상 문제,26
학생161 ,-ObjRuUbxr_ZuHYqEGq7,boy,1학년,외상 관련 악몽,0,심리외상 문제,26
학생161 ,-ObjRuUbxr_ZuHYqEGq7,boy,1학년,외상 후 고립,0,심리외상 문제,26
학생161 ,-ObjRuUbxr_ZuHYqEGq7,boy,1학년,외상 후 과각성,0,심리외상 문제,26
학생161 ,-ObjRuUbxr_ZuHYqEGq7,boy,1학년,외상 회피행동,0,심리외상 문제,26
학생161 ,-ObjRuUbxr_ZuHYqEGq7,boy,1학년,흡연 문제,0,외현화 문제,26
학생161 ,-ObjRuUbxr_ZuHYqEGq7,boy,1학년,음주 문제,0,외현화 문제,26
학생161 ,-ObjRuUbxr_ZuHYqEGq7,boy,1학년,적응력 저하,0,학교생활적응 문제,26
학생161 ,-ObjRuUbxr_ZuHYqEGq7,boy,1학년,분리 불안,0,학교생활적응 문제,26
학생161 ,-ObjRuUbxr_ZuHYqEGq7,boy,1학년,학습 어려움,0,학교생활적응 문제,26
학생161 ,-ObjRuUbxr_ZuHYqEGq7,boy,1학년,재산 관련 비행,0,외현화 문제,26
학생161 ,-ObjRuUbxr_ZuHYqEGq7,boy,1학년,게임 과몰입,1,외현화 문제,26
학생161 ,-ObjRuUbxr_ZuHYqEGq7,boy,1학년,관계 형성 곤란,1,학교생활적응 문제,26
학생161 ,-ObjRuUbxr_ZuHYqEGq7,boy,1학년,등교 거부,0,학교생활적응 문제,26
학생161 ,-ObjRuUbxr_ZuHYqEGq7,boy,1학년,괴롭힘 피해,0,심리외상 문제,26
학생161 ,-ObjRuUbxr_ZuHYqEGq7,boy,1학년,따돌림 피해,0,심리외상 문제,26
학생162 ,-ObjRuYvBklRP3ts5pU4,boy,2학년,사회적 긴장,2,불안 및 우울 문제,6
학생162 ,-ObjRuYvBklRP3ts5pU4,boy,2학년,감정 기복,1,불안 및 우울 문제,6
학생162 ,-ObjRuYvBklRP3ts5pU4,boy,2학년,과도한 죄책감,0,불안 및 우울 문제,6
학생162 ,-ObjRuYvBklRP3ts5pU4,boy,2학년,과민성/짜증,0,불안 및 우울 문제,6
학생162 ,-ObjRuYvBklRP3ts5pU4,boy,2학년,낮은 자존감,1,학교생활적응 문제,6
학생162 ,-ObjRuYvBklRP3ts5pU4,boy,2학년,무기력/피로,0,불안 및 우울 문제,6
학생162 ,-ObjRuYvBklRP3ts5pU4,boy,2학년,예기 불안,1,불안 및 우울 문제,6
학생162 ,-ObjRuYvBklRP3ts5pU4,boy,2학년,과도한 불안,0,불안 및 우울 문제,6
학생162 ,-ObjRuYvBklRP3ts5pU4,boy,2학년,우울 증상,0,불안 및 우울 문제,6
학생162 ,-ObjRuYvBklRP3ts5pU4,boy,2학년,수면 문제,0,학교생활적응 문제,6
학생162 ,-ObjRuYvBklRP3ts5pU4,boy,2학년,자살 사고,0,자살 및 위기 문제,6
학생162 ,-ObjRuYvBklRP3ts5pU4,boy,2학년,자해 행동,0,자살 및 위기 문제,6
학생162 ,-ObjRuYvBklRP3ts5pU4,boy,2학년,자살 계획,0,자살 및 위기 문제,6
학생162 ,-ObjRuYvBklRP3ts5pU4,boy,2학년,심각한 자살사고,0,자살 및 위기 문제,6
학생162 ,-ObjRuYvBklRP3ts5pU4,boy,2학년,절망감,0,자살 및 위기 문제,6
학생162 ,-ObjRuYvBklRP3ts5pU4,boy,2학년,자살 시도,0,자살 및 위기 문제,6
학생162 ,-ObjRuYvBklRP3ts5pU4,boy,2학년,빈번한 거짓말,0,외현화 문제,6
학생162 ,-ObjRuYvBklRP3ts5pU4,boy,2학년,또래 갈등,0,외현화 문제,6
학생162 ,-ObjRuYvBklRP3ts5pU4,boy,2학년,반항 행동,0,외현화 문제,6
학생162 ,-ObjRuYvBklRP3ts5pU4,boy,2학년,괴롭힘 가해,0,외현화 문제,6
학생162 ,-ObjRuYvBklRP3ts5pU4,boy,2학년,외상 침습증상,0,심리외상 문제,6
학생162 ,-ObjRuYvBklRP3ts5pU4,boy,2학년,외상 관련 악몽,0,심리외상 문제,6
학생162 ,-ObjRuYvBklRP3ts5pU4,boy,2학년,외상 후 고립,0,심리외상 문제,6
학생162 ,-ObjRuYvBklRP3ts5pU4,boy,2학년,외상 후 과각성,0,심리외상 문제,6
학생162 ,-ObjRuYvBklRP3ts5pU4,boy,2학년,외상 회피행동,0,심리외상 문제,6
학생162 ,-ObjRuYvBklRP3ts5pU4,boy,2학년,흡연 문제,0,외현화 문제,6
학생162 ,-ObjRuYvBklRP3ts5pU4,boy,2학년,음주 문제,0,외현화 문제,6
학생162 ,-ObjRuYvBklRP3ts5pU4,boy,2학년,적응력 저하,0,학교생활적응 문제,6
학생162 ,-ObjRuYvBklRP3ts5pU4,boy,2학년,분리 불안,0,학교생활적응 문제,6
학생162 ,-ObjRuYvBklRP3ts5pU4,boy,2학년,학습 어려움,1,학교생활적응 문제,6
학생162 ,-ObjRuYvBklRP3ts5pU4,boy,2학년,재산 관련 비행,0,외현화 문제,6
학생162 ,-ObjRuYvBklRP3ts5pU4,boy,2학년,게임 과몰입,0,외현화 문제,6
학생162 ,-ObjRuYvBklRP3ts5pU4,boy,2학년,관계 형성 곤란,0,학교생활적응 문제,6
학생162 ,-ObjRuYvBklRP3ts5pU4,boy,2학년,등교 거부,0,학교생활적응 문제,6
학생162 ,-ObjRuYvBklRP3ts5pU4,boy,2학년,괴롭힘 피해,0,심리외상 문제,6
학생162 ,-ObjRuYvBklRP3ts5pU4,boy,2학년,따돌림 피해,0,심리외상 문제,6
학생163 ,-ObjRujo8odQRxGu8Wxm,boy,1학년,사회적 긴장,0,불안 및 우울 문제,4
학생163 ,-ObjRujo8odQRxGu8Wxm,boy,1학년,감정 기복,0,불안 및 우울 문제,4
학생163 ,-ObjRujo8odQRxGu8Wxm,boy,1학년,과도한 죄책감,1,불안 및 우울 문제,4
학생163 ,-ObjRujo8odQRxGu8Wxm,boy,1학년,과민성/짜증,0,불안 및 우울 문제,4
학생163 ,-ObjRujo8odQRxGu8Wxm,boy,1학년,낮은 자존감,0,학교생활적응 문제,4
학생163 ,-ObjRujo8odQRxGu8Wxm,boy,1학년,무기력/피로,1,불안 및 우울 문제,4
학생163 ,-ObjRujo8odQRxGu8Wxm,boy,1학년,예기 불안,1,불안 및 우울 문제,4
학생163 ,-ObjRujo8odQRxGu8Wxm,boy,1학년,과도한 불안,1,불안 및 우울 문제,4
학생163 ,-ObjRujo8odQRxGu8Wxm,boy,1학년,우울 증상,0,불안 및 우울 문제,4
학생163 ,-ObjRujo8odQRxGu8Wxm,boy,1학년,수면 문제,0,학교생활적응 문제,4
학생163 ,-ObjRujo8odQRxGu8Wxm,boy,1학년,자살 사고,0,자살 및 위기 문제,4
학생163 ,-ObjRujo8odQRxGu8Wxm,boy,1학년,자해 행동,0,자살 및 위기 문제,4
학생163 ,-ObjRujo8odQRxGu8Wxm,boy,1학년,자살 계획,0,자살 및 위기 문제,4
학생163 ,-ObjRujo8odQRxGu8Wxm,boy,1학년,심각한 자살사고,0,자살 및 위기 문제,4
학생163 ,-ObjRujo8odQRxGu8Wxm,boy,1학년,절망감,0,자살 및 위기 문제,4
학생163 ,-ObjRujo8odQRxGu8Wxm,boy,1학년,자살 시도,0,자살 및 위기 문제,4
학생163 ,-ObjRujo8odQRxGu8Wxm,boy,1학년,빈번한 거짓말,0,외현화 문제,4
학생163 ,-ObjRujo8odQRxGu8Wxm,boy,1학년,또래 갈등,0,외현화 문제,4
학생163 ,-ObjRujo8odQRxGu8Wxm,boy,1학년,반항 행동,0,외현화 문제,4
학생163 ,-ObjRujo8odQRxGu8Wxm,boy,1학년,괴롭힘 가해,0,외현화 문제,4
학생163 ,-ObjRujo8odQRxGu8Wxm,boy,1학년,외상 침습증상,0,심리외상 문제,4
학생163 ,-ObjRujo8odQRxGu8Wxm,boy,1학년,외상 관련 악몽,0,심리외상 문제,4
학생163 ,-ObjRujo8odQRxGu8Wxm,boy,1학년,외상 후 고립,0,심리외상 문제,4
학생163 ,-ObjRujo8odQRxGu8Wxm,boy,1학년,외상 후 과각성,0,심리외상 문제,4
학생163 ,-ObjRujo8odQRxGu8Wxm,boy,1학년,외상 회피행동,0,심리외상 문제,4
학생163 ,-ObjRujo8odQRxGu8Wxm,boy,1학년,흡연 문제,0,외현화 문제,4
학생163 ,-ObjRujo8odQRxGu8Wxm,boy,1학년,음주 문제,0,외현화 문제,4
학생163 ,-ObjRujo8odQRxGu8Wxm,boy,1학년,적응력 저하,0,학교생활적응 문제,4
학생163 ,-ObjRujo8odQRxGu8Wxm,boy,1학년,분리 불안,0,학교생활적응 문제,4
학생163 ,-ObjRujo8odQRxGu8Wxm,boy,1학년,학습 어려움,0,학교생활적응 문제,4
학생163 ,-ObjRujo8odQRxGu8Wxm,boy,1학년,재산 관련 비행,0,외현화 문제,4
학생163 ,-ObjRujo8odQRxGu8Wxm,boy,1학년,게임 과몰입,0,외현화 문제,4
학생163 ,-ObjRujo8odQRxGu8Wxm,boy,1학년,관계 형성 곤란,0,학교생활적응 문제,4
학생163 ,-ObjRujo8odQRxGu8Wxm,boy,1학년,등교 거부,0,학교생활적응 문제,4
학생163 ,-ObjRujo8odQRxGu8Wxm,boy,1학년,괴롭힘 피해,0,심리외상 문제,4
학생163 ,-ObjRujo8odQRxGu8Wxm,boy,1학년,따돌림 피해,0,심리외상 문제,4
학생164 ,-ObjRup_jvZhU1dyafum,girl,1학년,사회적 긴장,0,불안 및 우울 문제,20
학생164 ,-ObjRup_jvZhU1dyafum,girl,1학년,감정 기복,1,불안 및 우울 문제,20
학생164 ,-ObjRup_jvZhU1dyafum,girl,1학년,과도한 죄책감,0,불안 및 우울 문제,20
학생164 ,-ObjRup_jvZhU1dyafum,girl,1학년,과민성/짜증,3,불안 및 우울 문제,20
학생164 ,-ObjRup_jvZhU1dyafum,girl,1학년,낮은 자존감,1,학교생활적응 문제,20
학생164 ,-ObjRup_jvZhU1dyafum,girl,1학년,무기력/피로,2,불안 및 우울 문제,20
학생164 ,-ObjRup_jvZhU1dyafum,girl,1학년,예기 불안,1,불안 및 우울 문제,20
학생164 ,-ObjRup_jvZhU1dyafum,girl,1학년,과도한 불안,1,불안 및 우울 문제,20
학생164 ,-ObjRup_jvZhU1dyafum,girl,1학년,우울 증상,2,불안 및 우울 문제,20
학생164 ,-ObjRup_jvZhU1dyafum,girl,1학년,수면 문제,1,학교생활적응 문제,20
학생164 ,-ObjRup_jvZhU1dyafum,girl,1학년,자살 사고,1,자살 및 위기 문제,20
학생164 ,-ObjRup_jvZhU1dyafum,girl,1학년,자해 행동,1,자살 및 위기 문제,20
학생164 ,-ObjRup_jvZhU1dyafum,girl,1학년,자살 계획,0,자살 및 위기 문제,20
학생164 ,-ObjRup_jvZhU1dyafum,girl,1학년,심각한 자살사고,0,자살 및 위기 문제,20
학생164 ,-ObjRup_jvZhU1dyafum,girl,1학년,절망감,1,자살 및 위기 문제,20
학생164 ,-ObjRup_jvZhU1dyafum,girl,1학년,자살 시도,0,자살 및 위기 문제,20
학생164 ,-ObjRup_jvZhU1dyafum,girl,1학년,빈번한 거짓말,2,외현화 문제,20
학생164 ,-ObjRup_jvZhU1dyafum,girl,1학년,또래 갈등,0,외현화 문제,20
학생164 ,-ObjRup_jvZhU1dyafum,girl,1학년,반항 행동,0,외현화 문제,20
학생164 ,-ObjRup_jvZhU1dyafum,girl,1학년,괴롭힘 가해,0,외현화 문제,20
학생164 ,-ObjRup_jvZhU1dyafum,girl,1학년,외상 침습증상,0,심리외상 문제,20
학생164 ,-ObjRup_jvZhU1dyafum,girl,1학년,외상 관련 악몽,1,심리외상 문제,20
학생164 ,-ObjRup_jvZhU1dyafum,girl,1학년,외상 후 고립,0,심리외상 문제,20
학생164 ,-ObjRup_jvZhU1dyafum,girl,1학년,외상 후 과각성,0,심리외상 문제,20
학생164 ,-ObjRup_jvZhU1dyafum,girl,1학년,외상 회피행동,1,심리외상 문제,20
학생164 ,-ObjRup_jvZhU1dyafum,girl,1학년,흡연 문제,0,외현화 문제,20
학생164 ,-ObjRup_jvZhU1dyafum,girl,1학년,음주 문제,0,외현화 문제,20
학생164 ,-ObjRup_jvZhU1dyafum,girl,1학년,적응력 저하,0,학교생활적응 문제,20
학생164 ,-ObjRup_jvZhU1dyafum,girl,1학년,분리 불안,0,학교생활적응 문제,20
학생164 ,-ObjRup_jvZhU1dyafum,girl,1학년,학습 어려움,0,학교생활적응 문제,20
학생164 ,-ObjRup_jvZhU1dyafum,girl,1학년,재산 관련 비행,0,외현화 문제,20
학생164 ,-ObjRup_jvZhU1dyafum,girl,1학년,게임 과몰입,1,외현화 문제,20
학생164 ,-ObjRup_jvZhU1dyafum,girl,1학년,관계 형성 곤란,0,학교생활적응 문제,20
학생164 ,-ObjRup_jvZhU1dyafum,girl,1학년,등교 거부,0,학교생활적응 문제,20
학생164 ,-ObjRup_jvZhU1dyafum,girl,1학년,괴롭힘 피해,0,심리외상 문제,20
학생164 ,-ObjRup_jvZhU1dyafum,girl,1학년,따돌림 피해,0,심리외상 문제,20
학생165 ,-ObjRuuDx2KhqThR7Sa9,boy,1학년,사회적 긴장,1,불안 및 우울 문제,24
학생165 ,-ObjRuuDx2KhqThR7Sa9,boy,1학년,감정 기복,1,불안 및 우울 문제,24
학생165 ,-ObjRuuDx2KhqThR7Sa9,boy,1학년,과도한 죄책감,2,불안 및 우울 문제,24
학생165 ,-ObjRuuDx2KhqThR7Sa9,boy,1학년,과민성/짜증,2,불안 및 우울 문제,24
학생165 ,-ObjRuuDx2KhqThR7Sa9,boy,1학년,낮은 자존감,3,학교생활적응 문제,24
학생165 ,-ObjRuuDx2KhqThR7Sa9,boy,1학년,무기력/피로,2,불안 및 우울 문제,24
학생165 ,-ObjRuuDx2KhqThR7Sa9,boy,1학년,예기 불안,3,불안 및 우울 문제,24
학생165 ,-ObjRuuDx2KhqThR7Sa9,boy,1학년,과도한 불안,2,불안 및 우울 문제,24
학생165 ,-ObjRuuDx2KhqThR7Sa9,boy,1학년,우울 증상,1,불안 및 우울 문제,24
학생165 ,-ObjRuuDx2KhqThR7Sa9,boy,1학년,수면 문제,0,학교생활적응 문제,24
학생165 ,-ObjRuuDx2KhqThR7Sa9,boy,1학년,자살 사고,1,자살 및 위기 문제,24
학생165 ,-ObjRuuDx2KhqThR7Sa9,boy,1학년,자해 행동,0,자살 및 위기 문제,24
학생165 ,-ObjRuuDx2KhqThR7Sa9,boy,1학년,자살 계획,0,자살 및 위기 문제,24
학생165 ,-ObjRuuDx2KhqThR7Sa9,boy,1학년,심각한 자살사고,0,자살 및 위기 문제,24
학생165 ,-ObjRuuDx2KhqThR7Sa9,boy,1학년,절망감,2,자살 및 위기 문제,24
학생165 ,-ObjRuuDx2KhqThR7Sa9,boy,1학년,자살 시도,0,자살 및 위기 문제,24
학생165 ,-ObjRuuDx2KhqThR7Sa9,boy,1학년,빈번한 거짓말,1,외현화 문제,24
학생165 ,-ObjRuuDx2KhqThR7Sa9,boy,1학년,또래 갈등,0,외현화 문제,24
학생165 ,-ObjRuuDx2KhqThR7Sa9,boy,1학년,반항 행동,1,외현화 문제,24
학생165 ,-ObjRuuDx2KhqThR7Sa9,boy,1학년,괴롭힘 가해,0,외현화 문제,24
학생165 ,-ObjRuuDx2KhqThR7Sa9,boy,1학년,외상 침습증상,0,심리외상 문제,24
학생165 ,-ObjRuuDx2KhqThR7Sa9,boy,1학년,외상 관련 악몽,0,심리외상 문제,24
학생165 ,-ObjRuuDx2KhqThR7Sa9,boy,1학년,외상 후 고립,0,심리외상 문제,24
학생165 ,-ObjRuuDx2KhqThR7Sa9,boy,1학년,외상 후 과각성,0,심리외상 문제,24
학생165 ,-ObjRuuDx2KhqThR7Sa9,boy,1학년,외상 회피행동,0,심리외상 문제,24
학생165 ,-ObjRuuDx2KhqThR7Sa9,boy,1학년,흡연 문제,0,외현화 문제,24
학생165 ,-ObjRuuDx2KhqThR7Sa9,boy,1학년,음주 문제,0,외현화 문제,24
학생165 ,-ObjRuuDx2KhqThR7Sa9,boy,1학년,적응력 저하,0,학교생활적응 문제,24
학생165 ,-ObjRuuDx2KhqThR7Sa9,boy,1학년,분리 불안,0,학교생활적응 문제,24
학생165 ,-ObjRuuDx2KhqThR7Sa9,boy,1학년,학습 어려움,1,학교생활적응 문제,24
학생165 ,-ObjRuuDx2KhqThR7Sa9,boy,1학년,재산 관련 비행,0,외현화 문제,24
학생165 ,-ObjRuuDx2KhqThR7Sa9,boy,1학년,게임 과몰입,1,외현화 문제,24
학생165 ,-ObjRuuDx2KhqThR7Sa9,boy,1학년,관계 형성 곤란,0,학교생활적응 문제,24
학생165 ,-ObjRuuDx2KhqThR7Sa9,boy,1학년,등교 거부,0,학교생활적응 문제,24
학생165 ,-ObjRuuDx2KhqThR7Sa9,boy,1학년,괴롭힘 피해,0,심리외상 문제,24
학생165 ,-ObjRuuDx2KhqThR7Sa9,boy,1학년,따돌림 피해,0,심리외상 문제,24
학생166 ,-ObjRvgxmH1C_tcmXdbT,girl,3학년,사회적 긴장,1,불안 및 우울 문제,4
학생166 ,-ObjRvgxmH1C_tcmXdbT,girl,3학년,감정 기복,0,불안 및 우울 문제,4
학생166 ,-ObjRvgxmH1C_tcmXdbT,girl,3학년,과도한 죄책감,0,불안 및 우울 문제,4
학생166 ,-ObjRvgxmH1C_tcmXdbT,girl,3학년,과민성/짜증,0,불안 및 우울 문제,4
학생166 ,-ObjRvgxmH1C_tcmXdbT,girl,3학년,낮은 자존감,1,학교생활적응 문제,4
학생166 ,-ObjRvgxmH1C_tcmXdbT,girl,3학년,무기력/피로,0,불안 및 우울 문제,4
학생166 ,-ObjRvgxmH1C_tcmXdbT,girl,3학년,예기 불안,1,불안 및 우울 문제,4
학생166 ,-ObjRvgxmH1C_tcmXdbT,girl,3학년,과도한 불안,0,불안 및 우울 문제,4
학생166 ,-ObjRvgxmH1C_tcmXdbT,girl,3학년,우울 증상,0,불안 및 우울 문제,4
학생166 ,-ObjRvgxmH1C_tcmXdbT,girl,3학년,수면 문제,0,학교생활적응 문제,4
학생166 ,-ObjRvgxmH1C_tcmXdbT,girl,3학년,자살 사고,0,자살 및 위기 문제,4
학생166 ,-ObjRvgxmH1C_tcmXdbT,girl,3학년,자해 행동,0,자살 및 위기 문제,4
학생166 ,-ObjRvgxmH1C_tcmXdbT,girl,3학년,자살 계획,0,자살 및 위기 문제,4
학생166 ,-ObjRvgxmH1C_tcmXdbT,girl,3학년,심각한 자살사고,0,자살 및 위기 문제,4
학생166 ,-ObjRvgxmH1C_tcmXdbT,girl,3학년,절망감,0,자살 및 위기 문제,4
학생166 ,-ObjRvgxmH1C_tcmXdbT,girl,3학년,자살 시도,0,자살 및 위기 문제,4
학생166 ,-ObjRvgxmH1C_tcmXdbT,girl,3학년,빈번한 거짓말,0,외현화 문제,4
학생166 ,-ObjRvgxmH1C_tcmXdbT,girl,3학년,또래 갈등,0,외현화 문제,4
학생166 ,-ObjRvgxmH1C_tcmXdbT,girl,3학년,반항 행동,0,외현화 문제,4
학생166 ,-ObjRvgxmH1C_tcmXdbT,girl,3학년,괴롭힘 가해,0,외현화 문제,4
학생166 ,-ObjRvgxmH1C_tcmXdbT,girl,3학년,외상 침습증상,0,심리외상 문제,4
학생166 ,-ObjRvgxmH1C_tcmXdbT,girl,3학년,외상 관련 악몽,1,심리외상 문제,4
학생166 ,-ObjRvgxmH1C_tcmXdbT,girl,3학년,외상 후 고립,0,심리외상 문제,4
학생166 ,-ObjRvgxmH1C_tcmXdbT,girl,3학년,외상 후 과각성,0,심리외상 문제,4
학생166 ,-ObjRvgxmH1C_tcmXdbT,girl,3학년,외상 회피행동,0,심리외상 문제,4
학생166 ,-ObjRvgxmH1C_tcmXdbT,girl,3학년,흡연 문제,0,외현화 문제,4
학생166 ,-ObjRvgxmH1C_tcmXdbT,girl,3학년,음주 문제,0,외현화 문제,4
학생166 ,-ObjRvgxmH1C_tcmXdbT,girl,3학년,적응력 저하,0,학교생활적응 문제,4
학생166 ,-ObjRvgxmH1C_tcmXdbT,girl,3학년,분리 불안,0,학교생활적응 문제,4
학생166 ,-ObjRvgxmH1C_tcmXdbT,girl,3학년,학습 어려움,0,학교생활적응 문제,4
학생166 ,-ObjRvgxmH1C_tcmXdbT,girl,3학년,재산 관련 비행,0,외현화 문제,4
학생166 ,-ObjRvgxmH1C_tcmXdbT,girl,3학년,게임 과몰입,0,외현화 문제,4
학생166 ,-ObjRvgxmH1C_tcmXdbT,girl,3학년,관계 형성 곤란,0,학교생활적응 문제,4
학생166 ,-ObjRvgxmH1C_tcmXdbT,girl,3학년,등교 거부,0,학교생활적응 문제,4
학생166 ,-ObjRvgxmH1C_tcmXdbT,girl,3학년,괴롭힘 피해,0,심리외상 문제,4
학생166 ,-ObjRvgxmH1C_tcmXdbT,girl,3학년,따돌림 피해,0,심리외상 문제,4
학생167 ,-ObjRvn2k5ToloVFBvux,boy,1학년,사회적 긴장,1,불안 및 우울 문제,24
학생167 ,-ObjRvn2k5ToloVFBvux,boy,1학년,감정 기복,2,불안 및 우울 문제,24
학생167 ,-ObjRvn2k5ToloVFBvux,boy,1학년,과도한 죄책감,1,불안 및 우울 문제,24
학생167 ,-ObjRvn2k5ToloVFBvux,boy,1학년,과민성/짜증,2,불안 및 우울 문제,24
학생167 ,-ObjRvn2k5ToloVFBvux,boy,1학년,낮은 자존감,3,학교생활적응 문제,24
학생167 ,-ObjRvn2k5ToloVFBvux,boy,1학년,무기력/피로,2,불안 및 우울 문제,24
학생167 ,-ObjRvn2k5ToloVFBvux,boy,1학년,예기 불안,2,불안 및 우울 문제,24
학생167 ,-ObjRvn2k5ToloVFBvux,boy,1학년,과도한 불안,1,불안 및 우울 문제,24
학생167 ,-ObjRvn2k5ToloVFBvux,boy,1학년,우울 증상,1,불안 및 우울 문제,24
학생167 ,-ObjRvn2k5ToloVFBvux,boy,1학년,수면 문제,2,학교생활적응 문제,24
학생167 ,-ObjRvn2k5ToloVFBvux,boy,1학년,자살 사고,0,자살 및 위기 문제,24
학생167 ,-ObjRvn2k5ToloVFBvux,boy,1학년,자해 행동,0,자살 및 위기 문제,24
학생167 ,-ObjRvn2k5ToloVFBvux,boy,1학년,자살 계획,0,자살 및 위기 문제,24
학생167 ,-ObjRvn2k5ToloVFBvux,boy,1학년,심각한 자살사고,0,자살 및 위기 문제,24
학생167 ,-ObjRvn2k5ToloVFBvux,boy,1학년,절망감,1,자살 및 위기 문제,24
학생167 ,-ObjRvn2k5ToloVFBvux,boy,1학년,자살 시도,0,자살 및 위기 문제,24
학생167 ,-ObjRvn2k5ToloVFBvux,boy,1학년,빈번한 거짓말,1,외현화 문제,24
학생167 ,-ObjRvn2k5ToloVFBvux,boy,1학년,또래 갈등,0,외현화 문제,24
학생167 ,-ObjRvn2k5ToloVFBvux,boy,1학년,반항 행동,1,외현화 문제,24
학생167 ,-ObjRvn2k5ToloVFBvux,boy,1학년,괴롭힘 가해,0,외현화 문제,24
학생167 ,-ObjRvn2k5ToloVFBvux,boy,1학년,외상 침습증상,0,심리외상 문제,24
학생167 ,-ObjRvn2k5ToloVFBvux,boy,1학년,외상 관련 악몽,0,심리외상 문제,24
학생167 ,-ObjRvn2k5ToloVFBvux,boy,1학년,외상 후 고립,0,심리외상 문제,24
학생167 ,-ObjRvn2k5ToloVFBvux,boy,1학년,외상 후 과각성,0,심리외상 문제,24
학생167 ,-ObjRvn2k5ToloVFBvux,boy,1학년,외상 회피행동,0,심리외상 문제,24
학생167 ,-ObjRvn2k5ToloVFBvux,boy,1학년,흡연 문제,0,외현화 문제,24
학생167 ,-ObjRvn2k5ToloVFBvux,boy,1학년,음주 문제,0,외현화 문제,24
학생167 ,-ObjRvn2k5ToloVFBvux,boy,1학년,적응력 저하,1,학교생활적응 문제,24
학생167 ,-ObjRvn2k5ToloVFBvux,boy,1학년,분리 불안,0,학교생활적응 문제,24
학생167 ,-ObjRvn2k5ToloVFBvux,boy,1학년,학습 어려움,0,학교생활적응 문제,24
학생167 ,-ObjRvn2k5ToloVFBvux,boy,1학년,재산 관련 비행,0,외현화 문제,24
학생167 ,-ObjRvn2k5ToloVFBvux,boy,1학년,게임 과몰입,2,외현화 문제,24
학생167 ,-ObjRvn2k5ToloVFBvux,boy,1학년,관계 형성 곤란,1,학교생활적응 문제,24
학생167 ,-ObjRvn2k5ToloVFBvux,boy,1학년,등교 거부,0,학교생활적응 문제,24
학생167 ,-ObjRvn2k5ToloVFBvux,boy,1학년,괴롭힘 피해,0,심리외상 문제,24
학생167 ,-ObjRvn2k5ToloVFBvux,boy,1학년,따돌림 피해,0,심리외상 문제,24
학생168 ,-ObjRvst7SEK8hqyHDcU,boy,1학년,사회적 긴장,1,불안 및 우울 문제,15
학생168 ,-ObjRvst7SEK8hqyHDcU,boy,1학년,감정 기복,1,불안 및 우울 문제,15
학생168 ,-ObjRvst7SEK8hqyHDcU,boy,1학년,과도한 죄책감,1,불안 및 우울 문제,15
학생168 ,-ObjRvst7SEK8hqyHDcU,boy,1학년,과민성/짜증,1,불안 및 우울 문제,15
학생168 ,-ObjRvst7SEK8hqyHDcU,boy,1학년,낮은 자존감,2,학교생활적응 문제,15
학생168 ,-ObjRvst7SEK8hqyHDcU,boy,1학년,무기력/피로,0,불안 및 우울 문제,15
학생168 ,-ObjRvst7SEK8hqyHDcU,boy,1학년,예기 불안,1,불안 및 우울 문제,15
학생168 ,-ObjRvst7SEK8hqyHDcU,boy,1학년,과도한 불안,2,불안 및 우울 문제,15
학생168 ,-ObjRvst7SEK8hqyHDcU,boy,1학년,우울 증상,0,불안 및 우울 문제,15
학생168 ,-ObjRvst7SEK8hqyHDcU,boy,1학년,수면 문제,1,학교생활적응 문제,15
학생168 ,-ObjRvst7SEK8hqyHDcU,boy,1학년,자살 사고,0,자살 및 위기 문제,15
학생168 ,-ObjRvst7SEK8hqyHDcU,boy,1학년,자해 행동,0,자살 및 위기 문제,15
학생168 ,-ObjRvst7SEK8hqyHDcU,boy,1학년,자살 계획,0,자살 및 위기 문제,15
학생168 ,-ObjRvst7SEK8hqyHDcU,boy,1학년,심각한 자살사고,0,자살 및 위기 문제,15
학생168 ,-ObjRvst7SEK8hqyHDcU,boy,1학년,절망감,0,자살 및 위기 문제,15
학생168 ,-ObjRvst7SEK8hqyHDcU,boy,1학년,자살 시도,0,자살 및 위기 문제,15
학생168 ,-ObjRvst7SEK8hqyHDcU,boy,1학년,빈번한 거짓말,1,외현화 문제,15
학생168 ,-ObjRvst7SEK8hqyHDcU,boy,1학년,또래 갈등,0,외현화 문제,15
학생168 ,-ObjRvst7SEK8hqyHDcU,boy,1학년,반항 행동,1,외현화 문제,15
학생168 ,-ObjRvst7SEK8hqyHDcU,boy,1학년,괴롭힘 가해,0,외현화 문제,15
학생168 ,-ObjRvst7SEK8hqyHDcU,boy,1학년,외상 침습증상,0,심리외상 문제,15
학생168 ,-ObjRvst7SEK8hqyHDcU,boy,1학년,외상 관련 악몽,0,심리외상 문제,15
학생168 ,-ObjRvst7SEK8hqyHDcU,boy,1학년,외상 후 고립,0,심리외상 문제,15
학생168 ,-ObjRvst7SEK8hqyHDcU,boy,1학년,외상 후 과각성,1,심리외상 문제,15
학생168 ,-ObjRvst7SEK8hqyHDcU,boy,1학년,외상 회피행동,0,심리외상 문제,15
학생168 ,-ObjRvst7SEK8hqyHDcU,boy,1학년,흡연 문제,0,외현화 문제,15
학생168 ,-ObjRvst7SEK8hqyHDcU,boy,1학년,음주 문제,0,외현화 문제,15
학생168 ,-ObjRvst7SEK8hqyHDcU,boy,1학년,적응력 저하,1,학교생활적응 문제,15
학생168 ,-ObjRvst7SEK8hqyHDcU,boy,1학년,분리 불안,0,학교생활적응 문제,15
학생168 ,-ObjRvst7SEK8hqyHDcU,boy,1학년,학습 어려움,1,학교생활적응 문제,15
학생168 ,-ObjRvst7SEK8hqyHDcU,boy,1학년,재산 관련 비행,0,외현화 문제,15
학생168 ,-ObjRvst7SEK8hqyHDcU,boy,1학년,게임 과몰입,0,외현화 문제,15
학생168 ,-ObjRvst7SEK8hqyHDcU,boy,1학년,관계 형성 곤란,0,학교생활적응 문제,15
학생168 ,-ObjRvst7SEK8hqyHDcU,boy,1학년,등교 거부,0,학교생활적응 문제,15
학생168 ,-ObjRvst7SEK8hqyHDcU,boy,1학년,괴롭힘 피해,0,심리외상 문제,15
학생168 ,-ObjRvst7SEK8hqyHDcU,boy,1학년,따돌림 피해,0,심리외상 문제,15
학생169 ,-ObjRvwDZ-_PvZer9E_N,girl,1학년,사회적 긴장,2,불안 및 우울 문제,16
학생169 ,-ObjRvwDZ-_PvZer9E_N,girl,1학년,감정 기복,1,불안 및 우울 문제,16
학생169 ,-ObjRvwDZ-_PvZer9E_N,girl,1학년,과도한 죄책감,1,불안 및 우울 문제,16
학생169 ,-ObjRvwDZ-_PvZer9E_N,girl,1학년,과민성/짜증,1,불안 및 우울 문제,16
학생169 ,-ObjRvwDZ-_PvZer9E_N,girl,1학년,낮은 자존감,2,학교생활적응 문제,16
학생169 ,-ObjRvwDZ-_PvZer9E_N,girl,1학년,무기력/피로,1,불안 및 우울 문제,16
학생169 ,-ObjRvwDZ-_PvZer9E_N,girl,1학년,예기 불안,2,불안 및 우울 문제,16
학생169 ,-ObjRvwDZ-_PvZer9E_N,girl,1학년,과도한 불안,2,불안 및 우울 문제,16
학생169 ,-ObjRvwDZ-_PvZer9E_N,girl,1학년,우울 증상,1,불안 및 우울 문제,16
학생169 ,-ObjRvwDZ-_PvZer9E_N,girl,1학년,수면 문제,1,학교생활적응 문제,16
학생169 ,-ObjRvwDZ-_PvZer9E_N,girl,1학년,자살 사고,0,자살 및 위기 문제,16
학생169 ,-ObjRvwDZ-_PvZer9E_N,girl,1학년,자해 행동,0,자살 및 위기 문제,16
학생169 ,-ObjRvwDZ-_PvZer9E_N,girl,1학년,자살 계획,0,자살 및 위기 문제,16
학생169 ,-ObjRvwDZ-_PvZer9E_N,girl,1학년,심각한 자살사고,0,자살 및 위기 문제,16
학생169 ,-ObjRvwDZ-_PvZer9E_N,girl,1학년,절망감,0,자살 및 위기 문제,16
학생169 ,-ObjRvwDZ-_PvZer9E_N,girl,1학년,자살 시도,0,자살 및 위기 문제,16
학생169 ,-ObjRvwDZ-_PvZer9E_N,girl,1학년,빈번한 거짓말,1,외현화 문제,16
학생169 ,-ObjRvwDZ-_PvZer9E_N,girl,1학년,또래 갈등,0,외현화 문제,16
학생169 ,-ObjRvwDZ-_PvZer9E_N,girl,1학년,반항 행동,1,외현화 문제,16
학생169 ,-ObjRvwDZ-_PvZer9E_N,girl,1학년,괴롭힘 가해,0,외현화 문제,16
학생169 ,-ObjRvwDZ-_PvZer9E_N,girl,1학년,외상 침습증상,0,심리외상 문제,16
학생169 ,-ObjRvwDZ-_PvZer9E_N,girl,1학년,외상 관련 악몽,0,심리외상 문제,16
학생169 ,-ObjRvwDZ-_PvZer9E_N,girl,1학년,외상 후 고립,0,심리외상 문제,16
학생169 ,-ObjRvwDZ-_PvZer9E_N,girl,1학년,외상 후 과각성,0,심리외상 문제,16
학생169 ,-ObjRvwDZ-_PvZer9E_N,girl,1학년,외상 회피행동,0,심리외상 문제,16
학생169 ,-ObjRvwDZ-_PvZer9E_N,girl,1학년,흡연 문제,0,외현화 문제,16
학생169 ,-ObjRvwDZ-_PvZer9E_N,girl,1학년,음주 문제,0,외현화 문제,16
학생169 ,-ObjRvwDZ-_PvZer9E_N,girl,1학년,적응력 저하,0,학교생활적응 문제,16
학생169 ,-ObjRvwDZ-_PvZer9E_N,girl,1학년,분리 불안,0,학교생활적응 문제,16
학생169 ,-ObjRvwDZ-_PvZer9E_N,girl,1학년,학습 어려움,0,학교생활적응 문제,16
학생169 ,-ObjRvwDZ-_PvZer9E_N,girl,1학년,재산 관련 비행,0,외현화 문제,16
학생169 ,-ObjRvwDZ-_PvZer9E_N,girl,1학년,게임 과몰입,0,외현화 문제,16
학생169 ,-ObjRvwDZ-_PvZer9E_N,girl,1학년,관계 형성 곤란,0,학교생활적응 문제,16
학생169 ,-ObjRvwDZ-_PvZer9E_N,girl,1학년,등교 거부,0,학교생활적응 문제,16
학생169 ,-ObjRvwDZ-_PvZer9E_N,girl,1학년,괴롭힘 피해,0,심리외상 문제,16
학생169 ,-ObjRvwDZ-_PvZer9E_N,girl,1학년,따돌림 피해,0,심리외상 문제,16
학생17 ,-ObjRMwXJyxv6q1JrHc6,girl,2학년,사회적 긴장,0,불안 및 우울 문제,27
학생17 ,-ObjRMwXJyxv6q1JrHc6,girl,2학년,감정 기복,1,불안 및 우울 문제,27
학생17 ,-ObjRMwXJyxv6q1JrHc6,girl,2학년,과도한 죄책감,3,불안 및 우울 문제,27
학생17 ,-ObjRMwXJyxv6q1JrHc6,girl,2학년,과민성/짜증,1,불안 및 우울 문제,27
학생17 ,-ObjRMwXJyxv6q1JrHc6,girl,2학년,낮은 자존감,2,학교생활적응 문제,27
학생17 ,-ObjRMwXJyxv6q1JrHc6,girl,2학년,무기력/피로,3,불안 및 우울 문제,27
학생17 ,-ObjRMwXJyxv6q1JrHc6,girl,2학년,예기 불안,1,불안 및 우울 문제,27
학생17 ,-ObjRMwXJyxv6q1JrHc6,girl,2학년,과도한 불안,1,불안 및 우울 문제,27
학생17 ,-ObjRMwXJyxv6q1JrHc6,girl,2학년,우울 증상,2,불안 및 우울 문제,27
학생17 ,-ObjRMwXJyxv6q1JrHc6,girl,2학년,수면 문제,0,학교생활적응 문제,27
학생17 ,-ObjRMwXJyxv6q1JrHc6,girl,2학년,자살 사고,0,자살 및 위기 문제,27
학생17 ,-ObjRMwXJyxv6q1JrHc6,girl,2학년,자해 행동,1,자살 및 위기 문제,27
학생17 ,-ObjRMwXJyxv6q1JrHc6,girl,2학년,자살 계획,0,자살 및 위기 문제,27
학생17 ,-ObjRMwXJyxv6q1JrHc6,girl,2학년,심각한 자살사고,0,자살 및 위기 문제,27
학생17 ,-ObjRMwXJyxv6q1JrHc6,girl,2학년,절망감,3,자살 및 위기 문제,27
학생17 ,-ObjRMwXJyxv6q1JrHc6,girl,2학년,자살 시도,0,자살 및 위기 문제,27
학생17 ,-ObjRMwXJyxv6q1JrHc6,girl,2학년,빈번한 거짓말,0,외현화 문제,27
학생17 ,-ObjRMwXJyxv6q1JrHc6,girl,2학년,또래 갈등,0,외현화 문제,27
학생17 ,-ObjRMwXJyxv6q1JrHc6,girl,2학년,반항 행동,0,외현화 문제,27
학생17 ,-ObjRMwXJyxv6q1JrHc6,girl,2학년,괴롭힘 가해,0,외현화 문제,27
학생17 ,-ObjRMwXJyxv6q1JrHc6,girl,2학년,외상 침습증상,3,심리외상 문제,27
학생17 ,-ObjRMwXJyxv6q1JrHc6,girl,2학년,외상 관련 악몽,0,심리외상 문제,27
학생17 ,-ObjRMwXJyxv6q1JrHc6,girl,2학년,외상 후 고립,0,심리외상 문제,27
학생17 ,-ObjRMwXJyxv6q1JrHc6,girl,2학년,외상 후 과각성,0,심리외상 문제,27
학생17 ,-ObjRMwXJyxv6q1JrHc6,girl,2학년,외상 회피행동,0,심리외상 문제,27
학생17 ,-ObjRMwXJyxv6q1JrHc6,girl,2학년,흡연 문제,0,외현화 문제,27
학생17 ,-ObjRMwXJyxv6q1JrHc6,girl,2학년,음주 문제,0,외현화 문제,27
학생17 ,-ObjRMwXJyxv6q1JrHc6,girl,2학년,적응력 저하,1,학교생활적응 문제,27
학생17 ,-ObjRMwXJyxv6q1JrHc6,girl,2학년,분리 불안,0,학교생활적응 문제,27
학생17 ,-ObjRMwXJyxv6q1JrHc6,girl,2학년,학습 어려움,3,학교생활적응 문제,27
학생17 ,-ObjRMwXJyxv6q1JrHc6,girl,2학년,재산 관련 비행,0,외현화 문제,27
학생17 ,-ObjRMwXJyxv6q1JrHc6,girl,2학년,게임 과몰입,2,외현화 문제,27
학생17 ,-ObjRMwXJyxv6q1JrHc6,girl,2학년,관계 형성 곤란,0,학교생활적응 문제,27
학생17 ,-ObjRMwXJyxv6q1JrHc6,girl,2학년,등교 거부,0,학교생활적응 문제,27
학생17 ,-ObjRMwXJyxv6q1JrHc6,girl,2학년,괴롭힘 피해,0,심리외상 문제,27
학생17 ,-ObjRMwXJyxv6q1JrHc6,girl,2학년,따돌림 피해,0,심리외상 문제,27
학생170 ,-ObjRwZnFbjqKo4iL37X,girl,1학년,사회적 긴장,2,불안 및 우울 문제,16
학생170 ,-ObjRwZnFbjqKo4iL37X,girl,1학년,감정 기복,1,불안 및 우울 문제,16
학생170 ,-ObjRwZnFbjqKo4iL37X,girl,1학년,과도한 죄책감,0,불안 및 우울 문제,16
학생170 ,-ObjRwZnFbjqKo4iL37X,girl,1학년,과민성/짜증,0,불안 및 우울 문제,16
학생170 ,-ObjRwZnFbjqKo4iL37X,girl,1학년,낮은 자존감,1,학교생활적응 문제,16
학생170 ,-ObjRwZnFbjqKo4iL37X,girl,1학년,무기력/피로,1,불안 및 우울 문제,16
학생170 ,-ObjRwZnFbjqKo4iL37X,girl,1학년,예기 불안,3,불안 및 우울 문제,16
학생170 ,-ObjRwZnFbjqKo4iL37X,girl,1학년,과도한 불안,2,불안 및 우울 문제,16
학생170 ,-ObjRwZnFbjqKo4iL37X,girl,1학년,우울 증상,1,불안 및 우울 문제,16
학생170 ,-ObjRwZnFbjqKo4iL37X,girl,1학년,수면 문제,0,학교생활적응 문제,16
학생170 ,-ObjRwZnFbjqKo4iL37X,girl,1학년,자살 사고,0,자살 및 위기 문제,16
학생170 ,-ObjRwZnFbjqKo4iL37X,girl,1학년,자해 행동,1,자살 및 위기 문제,16
학생170 ,-ObjRwZnFbjqKo4iL37X,girl,1학년,자살 계획,0,자살 및 위기 문제,16
학생170 ,-ObjRwZnFbjqKo4iL37X,girl,1학년,심각한 자살사고,0,자살 및 위기 문제,16
학생170 ,-ObjRwZnFbjqKo4iL37X,girl,1학년,절망감,0,자살 및 위기 문제,16
학생170 ,-ObjRwZnFbjqKo4iL37X,girl,1학년,자살 시도,0,자살 및 위기 문제,16
학생170 ,-ObjRwZnFbjqKo4iL37X,girl,1학년,빈번한 거짓말,1,외현화 문제,16
학생170 ,-ObjRwZnFbjqKo4iL37X,girl,1학년,또래 갈등,0,외현화 문제,16
학생170 ,-ObjRwZnFbjqKo4iL37X,girl,1학년,반항 행동,0,외현화 문제,16
학생170 ,-ObjRwZnFbjqKo4iL37X,girl,1학년,괴롭힘 가해,0,외현화 문제,16
학생170 ,-ObjRwZnFbjqKo4iL37X,girl,1학년,외상 침습증상,1,심리외상 문제,16
학생170 ,-ObjRwZnFbjqKo4iL37X,girl,1학년,외상 관련 악몽,1,심리외상 문제,16
학생170 ,-ObjRwZnFbjqKo4iL37X,girl,1학년,외상 후 고립,0,심리외상 문제,16
학생170 ,-ObjRwZnFbjqKo4iL37X,girl,1학년,외상 후 과각성,0,심리외상 문제,16
학생170 ,-ObjRwZnFbjqKo4iL37X,girl,1학년,외상 회피행동,1,심리외상 문제,16
학생170 ,-ObjRwZnFbjqKo4iL37X,girl,1학년,흡연 문제,0,외현화 문제,16
학생170 ,-ObjRwZnFbjqKo4iL37X,girl,1학년,음주 문제,0,외현화 문제,16
학생170 ,-ObjRwZnFbjqKo4iL37X,girl,1학년,적응력 저하,0,학교생활적응 문제,16
학생170 ,-ObjRwZnFbjqKo4iL37X,girl,1학년,분리 불안,0,학교생활적응 문제,16
학생170 ,-ObjRwZnFbjqKo4iL37X,girl,1학년,학습 어려움,0,학교생활적응 문제,16
학생170 ,-ObjRwZnFbjqKo4iL37X,girl,1학년,재산 관련 비행,0,외현화 문제,16
학생170 ,-ObjRwZnFbjqKo4iL37X,girl,1학년,게임 과몰입,0,외현화 문제,16
학생170 ,-ObjRwZnFbjqKo4iL37X,girl,1학년,관계 형성 곤란,0,학교생활적응 문제,16
학생170 ,-ObjRwZnFbjqKo4iL37X,girl,1학년,등교 거부,0,학교생활적응 문제,16
학생170 ,-ObjRwZnFbjqKo4iL37X,girl,1학년,괴롭힘 피해,0,심리외상 문제,16
학생170 ,-ObjRwZnFbjqKo4iL37X,girl,1학년,따돌림 피해,0,심리외상 문제,16
학생171 ,-ObjRwz0_uQy8Dz8n4zt,boy,1학년,사회적 긴장,1,불안 및 우울 문제,23
학생171 ,-ObjRwz0_uQy8Dz8n4zt,boy,1학년,감정 기복,0,불안 및 우울 문제,23
학생171 ,-ObjRwz0_uQy8Dz8n4zt,boy,1학년,과도한 죄책감,1,불안 및 우울 문제,23
학생171 ,-ObjRwz0_uQy8Dz8n4zt,boy,1학년,과민성/짜증,1,불안 및 우울 문제,23
학생171 ,-ObjRwz0_uQy8Dz8n4zt,boy,1학년,낮은 자존감,1,학교생활적응 문제,23
학생171 ,-ObjRwz0_uQy8Dz8n4zt,boy,1학년,무기력/피로,1,불안 및 우울 문제,23
학생171 ,-ObjRwz0_uQy8Dz8n4zt,boy,1학년,예기 불안,1,불안 및 우울 문제,23
학생171 ,-ObjRwz0_uQy8Dz8n4zt,boy,1학년,과도한 불안,1,불안 및 우울 문제,23
학생171 ,-ObjRwz0_uQy8Dz8n4zt,boy,1학년,우울 증상,1,불안 및 우울 문제,23
학생171 ,-ObjRwz0_uQy8Dz8n4zt,boy,1학년,수면 문제,3,학교생활적응 문제,23
학생171 ,-ObjRwz0_uQy8Dz8n4zt,boy,1학년,자살 사고,0,자살 및 위기 문제,23
학생171 ,-ObjRwz0_uQy8Dz8n4zt,boy,1학년,자해 행동,0,자살 및 위기 문제,23
학생171 ,-ObjRwz0_uQy8Dz8n4zt,boy,1학년,자살 계획,0,자살 및 위기 문제,23
학생171 ,-ObjRwz0_uQy8Dz8n4zt,boy,1학년,심각한 자살사고,0,자살 및 위기 문제,23
학생171 ,-ObjRwz0_uQy8Dz8n4zt,boy,1학년,절망감,0,자살 및 위기 문제,23
학생171 ,-ObjRwz0_uQy8Dz8n4zt,boy,1학년,자살 시도,0,자살 및 위기 문제,23
학생171 ,-ObjRwz0_uQy8Dz8n4zt,boy,1학년,빈번한 거짓말,1,외현화 문제,23
학생171 ,-ObjRwz0_uQy8Dz8n4zt,boy,1학년,또래 갈등,0,외현화 문제,23
학생171 ,-ObjRwz0_uQy8Dz8n4zt,boy,1학년,반항 행동,1,외현화 문제,23
학생171 ,-ObjRwz0_uQy8Dz8n4zt,boy,1학년,괴롭힘 가해,1,외현화 문제,23
학생171 ,-ObjRwz0_uQy8Dz8n4zt,boy,1학년,외상 침습증상,1,심리외상 문제,23
학생171 ,-ObjRwz0_uQy8Dz8n4zt,boy,1학년,외상 관련 악몽,0,심리외상 문제,23
학생171 ,-ObjRwz0_uQy8Dz8n4zt,boy,1학년,외상 후 고립,0,심리외상 문제,23
학생171 ,-ObjRwz0_uQy8Dz8n4zt,boy,1학년,외상 후 과각성,1,심리외상 문제,23
학생171 ,-ObjRwz0_uQy8Dz8n4zt,boy,1학년,외상 회피행동,2,심리외상 문제,23
학생171 ,-ObjRwz0_uQy8Dz8n4zt,boy,1학년,흡연 문제,0,외현화 문제,23
학생171 ,-ObjRwz0_uQy8Dz8n4zt,boy,1학년,음주 문제,0,외현화 문제,23
학생171 ,-ObjRwz0_uQy8Dz8n4zt,boy,1학년,적응력 저하,1,학교생활적응 문제,23
학생171 ,-ObjRwz0_uQy8Dz8n4zt,boy,1학년,분리 불안,0,학교생활적응 문제,23
학생171 ,-ObjRwz0_uQy8Dz8n4zt,boy,1학년,학습 어려움,0,학교생활적응 문제,23
학생171 ,-ObjRwz0_uQy8Dz8n4zt,boy,1학년,재산 관련 비행,0,외현화 문제,23
학생171 ,-ObjRwz0_uQy8Dz8n4zt,boy,1학년,게임 과몰입,2,외현화 문제,23
학생171 ,-ObjRwz0_uQy8Dz8n4zt,boy,1학년,관계 형성 곤란,0,학교생활적응 문제,23
학생171 ,-ObjRwz0_uQy8Dz8n4zt,boy,1학년,등교 거부,0,학교생활적응 문제,23
학생171 ,-ObjRwz0_uQy8Dz8n4zt,boy,1학년,괴롭힘 피해,1,심리외상 문제,23
학생171 ,-ObjRwz0_uQy8Dz8n4zt,boy,1학년,따돌림 피해,1,심리외상 문제,23
학생172 ,-ObjRyDizbR9zvkhjzIi,girl,3학년,사회적 긴장,2,불안 및 우울 문제,21
학생172 ,-ObjRyDizbR9zvkhjzIi,girl,3학년,감정 기복,1,불안 및 우울 문제,21
학생172 ,-ObjRyDizbR9zvkhjzIi,girl,3학년,과도한 죄책감,2,불안 및 우울 문제,21
학생172 ,-ObjRyDizbR9zvkhjzIi,girl,3학년,과민성/짜증,1,불안 및 우울 문제,21
학생172 ,-ObjRyDizbR9zvkhjzIi,girl,3학년,낮은 자존감,2,학교생활적응 문제,21
학생172 ,-ObjRyDizbR9zvkhjzIi,girl,3학년,무기력/피로,1,불안 및 우울 문제,21
학생172 ,-ObjRyDizbR9zvkhjzIi,girl,3학년,예기 불안,1,불안 및 우울 문제,21
학생172 ,-ObjRyDizbR9zvkhjzIi,girl,3학년,과도한 불안,1,불안 및 우울 문제,21
학생172 ,-ObjRyDizbR9zvkhjzIi,girl,3학년,우울 증상,1,불안 및 우울 문제,21
학생172 ,-ObjRyDizbR9zvkhjzIi,girl,3학년,수면 문제,1,학교생활적응 문제,21
학생172 ,-ObjRyDizbR9zvkhjzIi,girl,3학년,자살 사고,1,자살 및 위기 문제,21
학생172 ,-ObjRyDizbR9zvkhjzIi,girl,3학년,자해 행동,0,자살 및 위기 문제,21
학생172 ,-ObjRyDizbR9zvkhjzIi,girl,3학년,자살 계획,0,자살 및 위기 문제,21
학생172 ,-ObjRyDizbR9zvkhjzIi,girl,3학년,심각한 자살사고,0,자살 및 위기 문제,21
학생172 ,-ObjRyDizbR9zvkhjzIi,girl,3학년,절망감,1,자살 및 위기 문제,21
학생172 ,-ObjRyDizbR9zvkhjzIi,girl,3학년,자살 시도,0,자살 및 위기 문제,21
학생172 ,-ObjRyDizbR9zvkhjzIi,girl,3학년,빈번한 거짓말,1,외현화 문제,21
학생172 ,-ObjRyDizbR9zvkhjzIi,girl,3학년,또래 갈등,2,외현화 문제,21
학생172 ,-ObjRyDizbR9zvkhjzIi,girl,3학년,반항 행동,0,외현화 문제,21
학생172 ,-ObjRyDizbR9zvkhjzIi,girl,3학년,괴롭힘 가해,0,외현화 문제,21
학생172 ,-ObjRyDizbR9zvkhjzIi,girl,3학년,외상 침습증상,0,심리외상 문제,21
학생172 ,-ObjRyDizbR9zvkhjzIi,girl,3학년,외상 관련 악몽,0,심리외상 문제,21
학생172 ,-ObjRyDizbR9zvkhjzIi,girl,3학년,외상 후 고립,0,심리외상 문제,21
학생172 ,-ObjRyDizbR9zvkhjzIi,girl,3학년,외상 후 과각성,0,심리외상 문제,21
학생172 ,-ObjRyDizbR9zvkhjzIi,girl,3학년,외상 회피행동,0,심리외상 문제,21
학생172 ,-ObjRyDizbR9zvkhjzIi,girl,3학년,흡연 문제,0,외현화 문제,21
학생172 ,-ObjRyDizbR9zvkhjzIi,girl,3학년,음주 문제,0,외현화 문제,21
학생172 ,-ObjRyDizbR9zvkhjzIi,girl,3학년,적응력 저하,1,학교생활적응 문제,21
학생172 ,-ObjRyDizbR9zvkhjzIi,girl,3학년,분리 불안,0,학교생활적응 문제,21
학생172 ,-ObjRyDizbR9zvkhjzIi,girl,3학년,학습 어려움,0,학교생활적응 문제,21
학생172 ,-ObjRyDizbR9zvkhjzIi,girl,3학년,재산 관련 비행,0,외현화 문제,21
학생172 ,-ObjRyDizbR9zvkhjzIi,girl,3학년,게임 과몰입,0,외현화 문제,21
학생172 ,-ObjRyDizbR9zvkhjzIi,girl,3학년,관계 형성 곤란,1,학교생활적응 문제,21
학생172 ,-ObjRyDizbR9zvkhjzIi,girl,3학년,등교 거부,1,학교생활적응 문제,21
학생172 ,-ObjRyDizbR9zvkhjzIi,girl,3학년,괴롭힘 피해,0,심리외상 문제,21
학생172 ,-ObjRyDizbR9zvkhjzIi,girl,3학년,따돌림 피해,0,심리외상 문제,21
학생173 ,-ObjRyTmNPTg_425iThk,girl,1학년,사회적 긴장,0,불안 및 우울 문제,19
학생173 ,-ObjRyTmNPTg_425iThk,girl,1학년,감정 기복,1,불안 및 우울 문제,19
학생173 ,-ObjRyTmNPTg_425iThk,girl,1학년,과도한 죄책감,0,불안 및 우울 문제,19
학생173 ,-ObjRyTmNPTg_425iThk,girl,1학년,과민성/짜증,2,불안 및 우울 문제,19
학생173 ,-ObjRyTmNPTg_425iThk,girl,1학년,낮은 자존감,1,학교생활적응 문제,19
학생173 ,-ObjRyTmNPTg_425iThk,girl,1학년,무기력/피로,3,불안 및 우울 문제,19
학생173 ,-ObjRyTmNPTg_425iThk,girl,1학년,예기 불안,0,불안 및 우울 문제,19
학생173 ,-ObjRyTmNPTg_425iThk,girl,1학년,과도한 불안,2,불안 및 우울 문제,19
학생173 ,-ObjRyTmNPTg_425iThk,girl,1학년,우울 증상,2,불안 및 우울 문제,19
학생173 ,-ObjRyTmNPTg_425iThk,girl,1학년,수면 문제,3,학교생활적응 문제,19
학생173 ,-ObjRyTmNPTg_425iThk,girl,1학년,자살 사고,2,자살 및 위기 문제,19
학생173 ,-ObjRyTmNPTg_425iThk,girl,1학년,자해 행동,0,자살 및 위기 문제,19
학생173 ,-ObjRyTmNPTg_425iThk,girl,1학년,자살 계획,0,자살 및 위기 문제,19
학생173 ,-ObjRyTmNPTg_425iThk,girl,1학년,심각한 자살사고,0,자살 및 위기 문제,19
학생173 ,-ObjRyTmNPTg_425iThk,girl,1학년,절망감,1,자살 및 위기 문제,19
학생173 ,-ObjRyTmNPTg_425iThk,girl,1학년,자살 시도,0,자살 및 위기 문제,19
학생173 ,-ObjRyTmNPTg_425iThk,girl,1학년,빈번한 거짓말,1,외현화 문제,19
학생173 ,-ObjRyTmNPTg_425iThk,girl,1학년,또래 갈등,0,외현화 문제,19
학생173 ,-ObjRyTmNPTg_425iThk,girl,1학년,반항 행동,0,외현화 문제,19
학생173 ,-ObjRyTmNPTg_425iThk,girl,1학년,괴롭힘 가해,0,외현화 문제,19
학생173 ,-ObjRyTmNPTg_425iThk,girl,1학년,외상 침습증상,0,심리외상 문제,19
학생173 ,-ObjRyTmNPTg_425iThk,girl,1학년,외상 관련 악몽,0,심리외상 문제,19
학생173 ,-ObjRyTmNPTg_425iThk,girl,1학년,외상 후 고립,0,심리외상 문제,19
학생173 ,-ObjRyTmNPTg_425iThk,girl,1학년,외상 후 과각성,0,심리외상 문제,19
학생173 ,-ObjRyTmNPTg_425iThk,girl,1학년,외상 회피행동,0,심리외상 문제,19
학생173 ,-ObjRyTmNPTg_425iThk,girl,1학년,흡연 문제,0,외현화 문제,19
학생173 ,-ObjRyTmNPTg_425iThk,girl,1학년,음주 문제,0,외현화 문제,19
학생173 ,-ObjRyTmNPTg_425iThk,girl,1학년,적응력 저하,0,학교생활적응 문제,19
학생173 ,-ObjRyTmNPTg_425iThk,girl,1학년,분리 불안,0,학교생활적응 문제,19
학생173 ,-ObjRyTmNPTg_425iThk,girl,1학년,학습 어려움,0,학교생활적응 문제,19
학생173 ,-ObjRyTmNPTg_425iThk,girl,1학년,재산 관련 비행,0,외현화 문제,19
학생173 ,-ObjRyTmNPTg_425iThk,girl,1학년,게임 과몰입,1,외현화 문제,19
학생173 ,-ObjRyTmNPTg_425iThk,girl,1학년,관계 형성 곤란,0,학교생활적응 문제,19
학생173 ,-ObjRyTmNPTg_425iThk,girl,1학년,등교 거부,0,학교생활적응 문제,19
학생173 ,-ObjRyTmNPTg_425iThk,girl,1학년,괴롭힘 피해,0,심리외상 문제,19
학생173 ,-ObjRyTmNPTg_425iThk,girl,1학년,따돌림 피해,0,심리외상 문제,19
학생174 ,-ObjRyyvAi6IcnUWzimd,girl,2학년,사회적 긴장,1,불안 및 우울 문제,18
학생174 ,-ObjRyyvAi6IcnUWzimd,girl,2학년,감정 기복,1,불안 및 우울 문제,18
학생174 ,-ObjRyyvAi6IcnUWzimd,girl,2학년,과도한 죄책감,0,불안 및 우울 문제,18
학생174 ,-ObjRyyvAi6IcnUWzimd,girl,2학년,과민성/짜증,1,불안 및 우울 문제,18
학생174 ,-ObjRyyvAi6IcnUWzimd,girl,2학년,낮은 자존감,1,학교생활적응 문제,18
학생174 ,-ObjRyyvAi6IcnUWzimd,girl,2학년,무기력/피로,3,불안 및 우울 문제,18
학생174 ,-ObjRyyvAi6IcnUWzimd,girl,2학년,예기 불안,3,불안 및 우울 문제,18
학생174 ,-ObjRyyvAi6IcnUWzimd,girl,2학년,과도한 불안,1,불안 및 우울 문제,18
학생174 ,-ObjRyyvAi6IcnUWzimd,girl,2학년,우울 증상,1,불안 및 우울 문제,18
학생174 ,-ObjRyyvAi6IcnUWzimd,girl,2학년,수면 문제,3,학교생활적응 문제,18
학생174 ,-ObjRyyvAi6IcnUWzimd,girl,2학년,자살 사고,0,자살 및 위기 문제,18
학생174 ,-ObjRyyvAi6IcnUWzimd,girl,2학년,자해 행동,0,자살 및 위기 문제,18
학생174 ,-ObjRyyvAi6IcnUWzimd,girl,2학년,자살 계획,0,자살 및 위기 문제,18
학생174 ,-ObjRyyvAi6IcnUWzimd,girl,2학년,심각한 자살사고,0,자살 및 위기 문제,18
학생174 ,-ObjRyyvAi6IcnUWzimd,girl,2학년,절망감,1,자살 및 위기 문제,18
학생174 ,-ObjRyyvAi6IcnUWzimd,girl,2학년,자살 시도,0,자살 및 위기 문제,18
학생174 ,-ObjRyyvAi6IcnUWzimd,girl,2학년,빈번한 거짓말,0,외현화 문제,18
학생174 ,-ObjRyyvAi6IcnUWzimd,girl,2학년,또래 갈등,0,외현화 문제,18
학생174 ,-ObjRyyvAi6IcnUWzimd,girl,2학년,반항 행동,0,외현화 문제,18
학생174 ,-ObjRyyvAi6IcnUWzimd,girl,2학년,괴롭힘 가해,0,외현화 문제,18
학생174 ,-ObjRyyvAi6IcnUWzimd,girl,2학년,외상 침습증상,0,심리외상 문제,18
학생174 ,-ObjRyyvAi6IcnUWzimd,girl,2학년,외상 관련 악몽,0,심리외상 문제,18
학생174 ,-ObjRyyvAi6IcnUWzimd,girl,2학년,외상 후 고립,0,심리외상 문제,18
학생174 ,-ObjRyyvAi6IcnUWzimd,girl,2학년,외상 후 과각성,0,심리외상 문제,18
학생174 ,-ObjRyyvAi6IcnUWzimd,girl,2학년,외상 회피행동,0,심리외상 문제,18
학생174 ,-ObjRyyvAi6IcnUWzimd,girl,2학년,흡연 문제,0,외현화 문제,18
학생174 ,-ObjRyyvAi6IcnUWzimd,girl,2학년,음주 문제,0,외현화 문제,18
학생174 ,-ObjRyyvAi6IcnUWzimd,girl,2학년,적응력 저하,0,학교생활적응 문제,18
학생174 ,-ObjRyyvAi6IcnUWzimd,girl,2학년,분리 불안,0,학교생활적응 문제,18
학생174 ,-ObjRyyvAi6IcnUWzimd,girl,2학년,학습 어려움,1,학교생활적응 문제,18
학생174 ,-ObjRyyvAi6IcnUWzimd,girl,2학년,재산 관련 비행,0,외현화 문제,18
학생174 ,-ObjRyyvAi6IcnUWzimd,girl,2학년,게임 과몰입,0,외현화 문제,18
학생174 ,-ObjRyyvAi6IcnUWzimd,girl,2학년,관계 형성 곤란,0,학교생활적응 문제,18
학생174 ,-ObjRyyvAi6IcnUWzimd,girl,2학년,등교 거부,1,학교생활적응 문제,18
학생174 ,-ObjRyyvAi6IcnUWzimd,girl,2학년,괴롭힘 피해,0,심리외상 문제,18
학생174 ,-ObjRyyvAi6IcnUWzimd,girl,2학년,따돌림 피해,0,심리외상 문제,18
학생175 ,-ObjRz-Z-CpRBZ2JEswT,girl,1학년,사회적 긴장,1,불안 및 우울 문제,19
학생175 ,-ObjRz-Z-CpRBZ2JEswT,girl,1학년,감정 기복,1,불안 및 우울 문제,19
학생175 ,-ObjRz-Z-CpRBZ2JEswT,girl,1학년,과도한 죄책감,0,불안 및 우울 문제,19
학생175 ,-ObjRz-Z-CpRBZ2JEswT,girl,1학년,과민성/짜증,1,불안 및 우울 문제,19
학생175 ,-ObjRz-Z-CpRBZ2JEswT,girl,1학년,낮은 자존감,1,학교생활적응 문제,19
학생175 ,-ObjRz-Z-CpRBZ2JEswT,girl,1학년,무기력/피로,1,불안 및 우울 문제,19
학생175 ,-ObjRz-Z-CpRBZ2JEswT,girl,1학년,예기 불안,2,불안 및 우울 문제,19
학생175 ,-ObjRz-Z-CpRBZ2JEswT,girl,1학년,과도한 불안,2,불안 및 우울 문제,19
학생175 ,-ObjRz-Z-CpRBZ2JEswT,girl,1학년,우울 증상,2,불안 및 우울 문제,19
학생175 ,-ObjRz-Z-CpRBZ2JEswT,girl,1학년,수면 문제,2,학교생활적응 문제,19
학생175 ,-ObjRz-Z-CpRBZ2JEswT,girl,1학년,자살 사고,1,자살 및 위기 문제,19
학생175 ,-ObjRz-Z-CpRBZ2JEswT,girl,1학년,자해 행동,0,자살 및 위기 문제,19
학생175 ,-ObjRz-Z-CpRBZ2JEswT,girl,1학년,자살 계획,0,자살 및 위기 문제,19
학생175 ,-ObjRz-Z-CpRBZ2JEswT,girl,1학년,심각한 자살사고,0,자살 및 위기 문제,19
학생175 ,-ObjRz-Z-CpRBZ2JEswT,girl,1학년,절망감,1,자살 및 위기 문제,19
학생175 ,-ObjRz-Z-CpRBZ2JEswT,girl,1학년,자살 시도,0,자살 및 위기 문제,19
학생175 ,-ObjRz-Z-CpRBZ2JEswT,girl,1학년,빈번한 거짓말,2,외현화 문제,19
학생175 ,-ObjRz-Z-CpRBZ2JEswT,girl,1학년,또래 갈등,0,외현화 문제,19
학생175 ,-ObjRz-Z-CpRBZ2JEswT,girl,1학년,반항 행동,1,외현화 문제,19
학생175 ,-ObjRz-Z-CpRBZ2JEswT,girl,1학년,괴롭힘 가해,0,외현화 문제,19
학생175 ,-ObjRz-Z-CpRBZ2JEswT,girl,1학년,외상 침습증상,0,심리외상 문제,19
학생175 ,-ObjRz-Z-CpRBZ2JEswT,girl,1학년,외상 관련 악몽,0,심리외상 문제,19
학생175 ,-ObjRz-Z-CpRBZ2JEswT,girl,1학년,외상 후 고립,0,심리외상 문제,19
학생175 ,-ObjRz-Z-CpRBZ2JEswT,girl,1학년,외상 후 과각성,0,심리외상 문제,19
학생175 ,-ObjRz-Z-CpRBZ2JEswT,girl,1학년,외상 회피행동,0,심리외상 문제,19
학생175 ,-ObjRz-Z-CpRBZ2JEswT,girl,1학년,흡연 문제,0,외현화 문제,19
학생175 ,-ObjRz-Z-CpRBZ2JEswT,girl,1학년,음주 문제,0,외현화 문제,19
학생175 ,-ObjRz-Z-CpRBZ2JEswT,girl,1학년,적응력 저하,0,학교생활적응 문제,19
학생175 ,-ObjRz-Z-CpRBZ2JEswT,girl,1학년,분리 불안,0,학교생활적응 문제,19
학생175 ,-ObjRz-Z-CpRBZ2JEswT,girl,1학년,학습 어려움,0,학교생활적응 문제,19
학생175 ,-ObjRz-Z-CpRBZ2JEswT,girl,1학년,재산 관련 비행,0,외현화 문제,19
학생175 ,-ObjRz-Z-CpRBZ2JEswT,girl,1학년,게임 과몰입,0,외현화 문제,19
학생175 ,-ObjRz-Z-CpRBZ2JEswT,girl,1학년,관계 형성 곤란,1,학교생활적응 문제,19
학생175 ,-ObjRz-Z-CpRBZ2JEswT,girl,1학년,등교 거부,0,학교생활적응 문제,19
학생175 ,-ObjRz-Z-CpRBZ2JEswT,girl,1학년,괴롭힘 피해,0,심리외상 문제,19
학생175 ,-ObjRz-Z-CpRBZ2JEswT,girl,1학년,따돌림 피해,0,심리외상 문제,19
학생176 ,-ObjRzbPgkVdEV3QAJwZ,boy,1학년,사회적 긴장,0,불안 및 우울 문제,7
학생176 ,-ObjRzbPgkVdEV3QAJwZ,boy,1학년,감정 기복,1,불안 및 우울 문제,7
학생176 ,-ObjRzbPgkVdEV3QAJwZ,boy,1학년,과도한 죄책감,0,불안 및 우울 문제,7
학생176 ,-ObjRzbPgkVdEV3QAJwZ,boy,1학년,과민성/짜증,1,불안 및 우울 문제,7
학생176 ,-ObjRzbPgkVdEV3QAJwZ,boy,1학년,낮은 자존감,1,학교생활적응 문제,7
학생176 ,-ObjRzbPgkVdEV3QAJwZ,boy,1학년,무기력/피로,0,불안 및 우울 문제,7
학생176 ,-ObjRzbPgkVdEV3QAJwZ,boy,1학년,예기 불안,1,불안 및 우울 문제,7
학생176 ,-ObjRzbPgkVdEV3QAJwZ,boy,1학년,과도한 불안,0,불안 및 우울 문제,7
학생176 ,-ObjRzbPgkVdEV3QAJwZ,boy,1학년,우울 증상,1,불안 및 우울 문제,7
학생176 ,-ObjRzbPgkVdEV3QAJwZ,boy,1학년,수면 문제,1,학교생활적응 문제,7
학생176 ,-ObjRzbPgkVdEV3QAJwZ,boy,1학년,자살 사고,0,자살 및 위기 문제,7
학생176 ,-ObjRzbPgkVdEV3QAJwZ,boy,1학년,자해 행동,0,자살 및 위기 문제,7
학생176 ,-ObjRzbPgkVdEV3QAJwZ,boy,1학년,자살 계획,0,자살 및 위기 문제,7
학생176 ,-ObjRzbPgkVdEV3QAJwZ,boy,1학년,심각한 자살사고,0,자살 및 위기 문제,7
학생176 ,-ObjRzbPgkVdEV3QAJwZ,boy,1학년,절망감,0,자살 및 위기 문제,7
학생176 ,-ObjRzbPgkVdEV3QAJwZ,boy,1학년,자살 시도,0,자살 및 위기 문제,7
학생176 ,-ObjRzbPgkVdEV3QAJwZ,boy,1학년,빈번한 거짓말,0,외현화 문제,7
학생176 ,-ObjRzbPgkVdEV3QAJwZ,boy,1학년,또래 갈등,0,외현화 문제,7
학생176 ,-ObjRzbPgkVdEV3QAJwZ,boy,1학년,반항 행동,0,외현화 문제,7
학생176 ,-ObjRzbPgkVdEV3QAJwZ,boy,1학년,괴롭힘 가해,0,외현화 문제,7
학생176 ,-ObjRzbPgkVdEV3QAJwZ,boy,1학년,외상 침습증상,0,심리외상 문제,7
학생176 ,-ObjRzbPgkVdEV3QAJwZ,boy,1학년,외상 관련 악몽,0,심리외상 문제,7
학생176 ,-ObjRzbPgkVdEV3QAJwZ,boy,1학년,외상 후 고립,0,심리외상 문제,7
학생176 ,-ObjRzbPgkVdEV3QAJwZ,boy,1학년,외상 후 과각성,0,심리외상 문제,7
학생176 ,-ObjRzbPgkVdEV3QAJwZ,boy,1학년,외상 회피행동,0,심리외상 문제,7
학생176 ,-ObjRzbPgkVdEV3QAJwZ,boy,1학년,흡연 문제,0,외현화 문제,7
학생176 ,-ObjRzbPgkVdEV3QAJwZ,boy,1학년,음주 문제,0,외현화 문제,7
학생176 ,-ObjRzbPgkVdEV3QAJwZ,boy,1학년,적응력 저하,1,학교생활적응 문제,7
학생176 ,-ObjRzbPgkVdEV3QAJwZ,boy,1학년,분리 불안,0,학교생활적응 문제,7
학생176 ,-ObjRzbPgkVdEV3QAJwZ,boy,1학년,학습 어려움,0,학교생활적응 문제,7
학생176 ,-ObjRzbPgkVdEV3QAJwZ,boy,1학년,재산 관련 비행,0,외현화 문제,7
학생176 ,-ObjRzbPgkVdEV3QAJwZ,boy,1학년,게임 과몰입,0,외현화 문제,7
학생176 ,-ObjRzbPgkVdEV3QAJwZ,boy,1학년,관계 형성 곤란,0,학교생활적응 문제,7
학생176 ,-ObjRzbPgkVdEV3QAJwZ,boy,1학년,등교 거부,0,학교생활적응 문제,7
학생176 ,-ObjRzbPgkVdEV3QAJwZ,boy,1학년,괴롭힘 피해,0,심리외상 문제,7
학생176 ,-ObjRzbPgkVdEV3QAJwZ,boy,1학년,따돌림 피해,0,심리외상 문제,7
학생177 ,-ObjRzhZPABDQPoX1x3y,boy,3학년,사회적 긴장,0,불안 및 우울 문제,12
학생177 ,-ObjRzhZPABDQPoX1x3y,boy,3학년,감정 기복,2,불안 및 우울 문제,12
학생177 ,-ObjRzhZPABDQPoX1x3y,boy,3학년,과도한 죄책감,1,불안 및 우울 문제,12
학생177 ,-ObjRzhZPABDQPoX1x3y,boy,3학년,과민성/짜증,2,불안 및 우울 문제,12
학생177 ,-ObjRzhZPABDQPoX1x3y,boy,3학년,낮은 자존감,1,학교생활적응 문제,12
학생177 ,-ObjRzhZPABDQPoX1x3y,boy,3학년,무기력/피로,1,불안 및 우울 문제,12
학생177 ,-ObjRzhZPABDQPoX1x3y,boy,3학년,예기 불안,1,불안 및 우울 문제,12
학생177 ,-ObjRzhZPABDQPoX1x3y,boy,3학년,과도한 불안,1,불안 및 우울 문제,12
학생177 ,-ObjRzhZPABDQPoX1x3y,boy,3학년,우울 증상,1,불안 및 우울 문제,12
학생177 ,-ObjRzhZPABDQPoX1x3y,boy,3학년,수면 문제,1,학교생활적응 문제,12
학생177 ,-ObjRzhZPABDQPoX1x3y,boy,3학년,자살 사고,1,자살 및 위기 문제,12
학생177 ,-ObjRzhZPABDQPoX1x3y,boy,3학년,자해 행동,0,자살 및 위기 문제,12
학생177 ,-ObjRzhZPABDQPoX1x3y,boy,3학년,자살 계획,0,자살 및 위기 문제,12
학생177 ,-ObjRzhZPABDQPoX1x3y,boy,3학년,심각한 자살사고,0,자살 및 위기 문제,12
학생177 ,-ObjRzhZPABDQPoX1x3y,boy,3학년,절망감,0,자살 및 위기 문제,12
학생177 ,-ObjRzhZPABDQPoX1x3y,boy,3학년,자살 시도,0,자살 및 위기 문제,12
학생177 ,-ObjRzhZPABDQPoX1x3y,boy,3학년,빈번한 거짓말,0,외현화 문제,12
학생177 ,-ObjRzhZPABDQPoX1x3y,boy,3학년,또래 갈등,0,외현화 문제,12
학생177 ,-ObjRzhZPABDQPoX1x3y,boy,3학년,반항 행동,0,외현화 문제,12
학생177 ,-ObjRzhZPABDQPoX1x3y,boy,3학년,괴롭힘 가해,0,외현화 문제,12
학생177 ,-ObjRzhZPABDQPoX1x3y,boy,3학년,외상 침습증상,0,심리외상 문제,12
학생177 ,-ObjRzhZPABDQPoX1x3y,boy,3학년,외상 관련 악몽,0,심리외상 문제,12
학생177 ,-ObjRzhZPABDQPoX1x3y,boy,3학년,외상 후 고립,0,심리외상 문제,12
학생177 ,-ObjRzhZPABDQPoX1x3y,boy,3학년,외상 후 과각성,0,심리외상 문제,12
학생177 ,-ObjRzhZPABDQPoX1x3y,boy,3학년,외상 회피행동,0,심리외상 문제,12
학생177 ,-ObjRzhZPABDQPoX1x3y,boy,3학년,흡연 문제,0,외현화 문제,12
학생177 ,-ObjRzhZPABDQPoX1x3y,boy,3학년,음주 문제,0,외현화 문제,12
학생177 ,-ObjRzhZPABDQPoX1x3y,boy,3학년,적응력 저하,0,학교생활적응 문제,12
학생177 ,-ObjRzhZPABDQPoX1x3y,boy,3학년,분리 불안,0,학교생활적응 문제,12
학생177 ,-ObjRzhZPABDQPoX1x3y,boy,3학년,학습 어려움,0,학교생활적응 문제,12
학생177 ,-ObjRzhZPABDQPoX1x3y,boy,3학년,재산 관련 비행,0,외현화 문제,12
학생177 ,-ObjRzhZPABDQPoX1x3y,boy,3학년,게임 과몰입,0,외현화 문제,12
학생177 ,-ObjRzhZPABDQPoX1x3y,boy,3학년,관계 형성 곤란,0,학교생활적응 문제,12
학생177 ,-ObjRzhZPABDQPoX1x3y,boy,3학년,등교 거부,0,학교생활적응 문제,12
학생177 ,-ObjRzhZPABDQPoX1x3y,boy,3학년,괴롭힘 피해,0,심리외상 문제,12
학생177 ,-ObjRzhZPABDQPoX1x3y,boy,3학년,따돌림 피해,0,심리외상 문제,12
학생178 ,-ObjRzqFQDwtMXOQIouF,boy,2학년,사회적 긴장,1,불안 및 우울 문제,20
학생178 ,-ObjRzqFQDwtMXOQIouF,boy,2학년,감정 기복,1,불안 및 우울 문제,20
학생178 ,-ObjRzqFQDwtMXOQIouF,boy,2학년,과도한 죄책감,1,불안 및 우울 문제,20
학생178 ,-ObjRzqFQDwtMXOQIouF,boy,2학년,과민성/짜증,1,불안 및 우울 문제,20
학생178 ,-ObjRzqFQDwtMXOQIouF,boy,2학년,낮은 자존감,1,학교생활적응 문제,20
학생178 ,-ObjRzqFQDwtMXOQIouF,boy,2학년,무기력/피로,1,불안 및 우울 문제,20
학생178 ,-ObjRzqFQDwtMXOQIouF,boy,2학년,예기 불안,1,불안 및 우울 문제,20
학생178 ,-ObjRzqFQDwtMXOQIouF,boy,2학년,과도한 불안,1,불안 및 우울 문제,20
학생178 ,-ObjRzqFQDwtMXOQIouF,boy,2학년,우울 증상,1,불안 및 우울 문제,20
학생178 ,-ObjRzqFQDwtMXOQIouF,boy,2학년,수면 문제,0,학교생활적응 문제,20
학생178 ,-ObjRzqFQDwtMXOQIouF,boy,2학년,자살 사고,1,자살 및 위기 문제,20
학생178 ,-ObjRzqFQDwtMXOQIouF,boy,2학년,자해 행동,1,자살 및 위기 문제,20
학생178 ,-ObjRzqFQDwtMXOQIouF,boy,2학년,자살 계획,0,자살 및 위기 문제,20
학생178 ,-ObjRzqFQDwtMXOQIouF,boy,2학년,심각한 자살사고,1,자살 및 위기 문제,20
학생178 ,-ObjRzqFQDwtMXOQIouF,boy,2학년,절망감,0,자살 및 위기 문제,20
학생178 ,-ObjRzqFQDwtMXOQIouF,boy,2학년,자살 시도,1,자살 및 위기 문제,20
학생178 ,-ObjRzqFQDwtMXOQIouF,boy,2학년,빈번한 거짓말,0,외현화 문제,20
학생178 ,-ObjRzqFQDwtMXOQIouF,boy,2학년,또래 갈등,0,외현화 문제,20
학생178 ,-ObjRzqFQDwtMXOQIouF,boy,2학년,반항 행동,0,외현화 문제,20
학생178 ,-ObjRzqFQDwtMXOQIouF,boy,2학년,괴롭힘 가해,0,외현화 문제,20
학생178 ,-ObjRzqFQDwtMXOQIouF,boy,2학년,외상 침습증상,1,심리외상 문제,20
학생178 ,-ObjRzqFQDwtMXOQIouF,boy,2학년,외상 관련 악몽,0,심리외상 문제,20
학생178 ,-ObjRzqFQDwtMXOQIouF,boy,2학년,외상 후 고립,1,심리외상 문제,20
학생178 ,-ObjRzqFQDwtMXOQIouF,boy,2학년,외상 후 과각성,1,심리외상 문제,20
학생178 ,-ObjRzqFQDwtMXOQIouF,boy,2학년,외상 회피행동,1,심리외상 문제,20
학생178 ,-ObjRzqFQDwtMXOQIouF,boy,2학년,흡연 문제,0,외현화 문제,20
학생178 ,-ObjRzqFQDwtMXOQIouF,boy,2학년,음주 문제,0,외현화 문제,20
학생178 ,-ObjRzqFQDwtMXOQIouF,boy,2학년,적응력 저하,1,학교생활적응 문제,20
학생178 ,-ObjRzqFQDwtMXOQIouF,boy,2학년,분리 불안,0,학교생활적응 문제,20
학생178 ,-ObjRzqFQDwtMXOQIouF,boy,2학년,학습 어려움,1,학교생활적응 문제,20
학생178 ,-ObjRzqFQDwtMXOQIouF,boy,2학년,재산 관련 비행,0,외현화 문제,20
학생178 ,-ObjRzqFQDwtMXOQIouF,boy,2학년,게임 과몰입,0,외현화 문제,20
학생178 ,-ObjRzqFQDwtMXOQIouF,boy,2학년,관계 형성 곤란,1,학교생활적응 문제,20
학생178 ,-ObjRzqFQDwtMXOQIouF,boy,2학년,등교 거부,0,학교생활적응 문제,20
학생178 ,-ObjRzqFQDwtMXOQIouF,boy,2학년,괴롭힘 피해,0,심리외상 문제,20
학생178 ,-ObjRzqFQDwtMXOQIouF,boy,2학년,따돌림 피해,0,심리외상 문제,20
학생179 ,-ObjS-6RWtkOl3HftFPL,boy,1학년,사회적 긴장,0,불안 및 우울 문제,3
학생179 ,-ObjS-6RWtkOl3HftFPL,boy,1학년,감정 기복,0,불안 및 우울 문제,3
학생179 ,-ObjS-6RWtkOl3HftFPL,boy,1학년,과도한 죄책감,0,불안 및 우울 문제,3
학생179 ,-ObjS-6RWtkOl3HftFPL,boy,1학년,과민성/짜증,0,불안 및 우울 문제,3
학생179 ,-ObjS-6RWtkOl3HftFPL,boy,1학년,낮은 자존감,1,학교생활적응 문제,3
학생179 ,-ObjS-6RWtkOl3HftFPL,boy,1학년,무기력/피로,0,불안 및 우울 문제,3
학생179 ,-ObjS-6RWtkOl3HftFPL,boy,1학년,예기 불안,0,불안 및 우울 문제,3
학생179 ,-ObjS-6RWtkOl3HftFPL,boy,1학년,과도한 불안,0,불안 및 우울 문제,3
학생179 ,-ObjS-6RWtkOl3HftFPL,boy,1학년,우울 증상,0,불안 및 우울 문제,3
학생179 ,-ObjS-6RWtkOl3HftFPL,boy,1학년,수면 문제,0,학교생활적응 문제,3
학생179 ,-ObjS-6RWtkOl3HftFPL,boy,1학년,자살 사고,0,자살 및 위기 문제,3
학생179 ,-ObjS-6RWtkOl3HftFPL,boy,1학년,자해 행동,0,자살 및 위기 문제,3
학생179 ,-ObjS-6RWtkOl3HftFPL,boy,1학년,자살 계획,0,자살 및 위기 문제,3
학생179 ,-ObjS-6RWtkOl3HftFPL,boy,1학년,심각한 자살사고,0,자살 및 위기 문제,3
학생179 ,-ObjS-6RWtkOl3HftFPL,boy,1학년,절망감,0,자살 및 위기 문제,3
학생179 ,-ObjS-6RWtkOl3HftFPL,boy,1학년,자살 시도,0,자살 및 위기 문제,3
학생179 ,-ObjS-6RWtkOl3HftFPL,boy,1학년,빈번한 거짓말,0,외현화 문제,3
학생179 ,-ObjS-6RWtkOl3HftFPL,boy,1학년,또래 갈등,1,외현화 문제,3
학생179 ,-ObjS-6RWtkOl3HftFPL,boy,1학년,반항 행동,0,외현화 문제,3
학생179 ,-ObjS-6RWtkOl3HftFPL,boy,1학년,괴롭힘 가해,0,외현화 문제,3
학생179 ,-ObjS-6RWtkOl3HftFPL,boy,1학년,외상 침습증상,0,심리외상 문제,3
학생179 ,-ObjS-6RWtkOl3HftFPL,boy,1학년,외상 관련 악몽,0,심리외상 문제,3
학생179 ,-ObjS-6RWtkOl3HftFPL,boy,1학년,외상 후 고립,0,심리외상 문제,3
학생179 ,-ObjS-6RWtkOl3HftFPL,boy,1학년,외상 후 과각성,0,심리외상 문제,3
학생179 ,-ObjS-6RWtkOl3HftFPL,boy,1학년,외상 회피행동,0,심리외상 문제,3
학생179 ,-ObjS-6RWtkOl3HftFPL,boy,1학년,흡연 문제,0,외현화 문제,3
학생179 ,-ObjS-6RWtkOl3HftFPL,boy,1학년,음주 문제,0,외현화 문제,3
학생179 ,-ObjS-6RWtkOl3HftFPL,boy,1학년,적응력 저하,0,학교생활적응 문제,3
학생179 ,-ObjS-6RWtkOl3HftFPL,boy,1학년,분리 불안,0,학교생활적응 문제,3
학생179 ,-ObjS-6RWtkOl3HftFPL,boy,1학년,학습 어려움,0,학교생활적응 문제,3
학생179 ,-ObjS-6RWtkOl3HftFPL,boy,1학년,재산 관련 비행,0,외현화 문제,3
학생179 ,-ObjS-6RWtkOl3HftFPL,boy,1학년,게임 과몰입,1,외현화 문제,3
학생179 ,-ObjS-6RWtkOl3HftFPL,boy,1학년,관계 형성 곤란,0,학교생활적응 문제,3
학생179 ,-ObjS-6RWtkOl3HftFPL,boy,1학년,등교 거부,0,학교생활적응 문제,3
학생179 ,-ObjS-6RWtkOl3HftFPL,boy,1학년,괴롭힘 피해,0,심리외상 문제,3
학생179 ,-ObjS-6RWtkOl3HftFPL,boy,1학년,따돌림 피해,0,심리외상 문제,3
학생18 ,-ObjRNCQwkmzhRUTgYX8,girl,2학년,사회적 긴장,1,불안 및 우울 문제,7
학생18 ,-ObjRNCQwkmzhRUTgYX8,girl,2학년,감정 기복,0,불안 및 우울 문제,7
학생18 ,-ObjRNCQwkmzhRUTgYX8,girl,2학년,과도한 죄책감,0,불안 및 우울 문제,7
학생18 ,-ObjRNCQwkmzhRUTgYX8,girl,2학년,과민성/짜증,0,불안 및 우울 문제,7
학생18 ,-ObjRNCQwkmzhRUTgYX8,girl,2학년,낮은 자존감,1,학교생활적응 문제,7
학생18 ,-ObjRNCQwkmzhRUTgYX8,girl,2학년,무기력/피로,0,불안 및 우울 문제,7
학생18 ,-ObjRNCQwkmzhRUTgYX8,girl,2학년,예기 불안,1,불안 및 우울 문제,7
학생18 ,-ObjRNCQwkmzhRUTgYX8,girl,2학년,과도한 불안,0,불안 및 우울 문제,7
학생18 ,-ObjRNCQwkmzhRUTgYX8,girl,2학년,우울 증상,0,불안 및 우울 문제,7
학생18 ,-ObjRNCQwkmzhRUTgYX8,girl,2학년,수면 문제,2,학교생활적응 문제,7
학생18 ,-ObjRNCQwkmzhRUTgYX8,girl,2학년,자살 사고,0,자살 및 위기 문제,7
학생18 ,-ObjRNCQwkmzhRUTgYX8,girl,2학년,자해 행동,0,자살 및 위기 문제,7
학생18 ,-ObjRNCQwkmzhRUTgYX8,girl,2학년,자살 계획,0,자살 및 위기 문제,7
학생18 ,-ObjRNCQwkmzhRUTgYX8,girl,2학년,심각한 자살사고,0,자살 및 위기 문제,7
학생18 ,-ObjRNCQwkmzhRUTgYX8,girl,2학년,절망감,0,자살 및 위기 문제,7
학생18 ,-ObjRNCQwkmzhRUTgYX8,girl,2학년,자살 시도,0,자살 및 위기 문제,7
학생18 ,-ObjRNCQwkmzhRUTgYX8,girl,2학년,빈번한 거짓말,0,외현화 문제,7
학생18 ,-ObjRNCQwkmzhRUTgYX8,girl,2학년,또래 갈등,0,외현화 문제,7
학생18 ,-ObjRNCQwkmzhRUTgYX8,girl,2학년,반항 행동,0,외현화 문제,7
학생18 ,-ObjRNCQwkmzhRUTgYX8,girl,2학년,괴롭힘 가해,0,외현화 문제,7
학생18 ,-ObjRNCQwkmzhRUTgYX8,girl,2학년,외상 침습증상,0,심리외상 문제,7
학생18 ,-ObjRNCQwkmzhRUTgYX8,girl,2학년,외상 관련 악몽,0,심리외상 문제,7
학생18 ,-ObjRNCQwkmzhRUTgYX8,girl,2학년,외상 후 고립,0,심리외상 문제,7
학생18 ,-ObjRNCQwkmzhRUTgYX8,girl,2학년,외상 후 과각성,0,심리외상 문제,7
학생18 ,-ObjRNCQwkmzhRUTgYX8,girl,2학년,외상 회피행동,0,심리외상 문제,7
학생18 ,-ObjRNCQwkmzhRUTgYX8,girl,2학년,흡연 문제,0,외현화 문제,7
학생18 ,-ObjRNCQwkmzhRUTgYX8,girl,2학년,음주 문제,0,외현화 문제,7
학생18 ,-ObjRNCQwkmzhRUTgYX8,girl,2학년,적응력 저하,0,학교생활적응 문제,7
학생18 ,-ObjRNCQwkmzhRUTgYX8,girl,2학년,분리 불안,0,학교생활적응 문제,7
학생18 ,-ObjRNCQwkmzhRUTgYX8,girl,2학년,학습 어려움,1,학교생활적응 문제,7
학생18 ,-ObjRNCQwkmzhRUTgYX8,girl,2학년,재산 관련 비행,0,외현화 문제,7
학생18 ,-ObjRNCQwkmzhRUTgYX8,girl,2학년,게임 과몰입,1,외현화 문제,7
학생18 ,-ObjRNCQwkmzhRUTgYX8,girl,2학년,관계 형성 곤란,0,학교생활적응 문제,7
학생18 ,-ObjRNCQwkmzhRUTgYX8,girl,2학년,등교 거부,0,학교생활적응 문제,7
학생18 ,-ObjRNCQwkmzhRUTgYX8,girl,2학년,괴롭힘 피해,0,심리외상 문제,7
학생18 ,-ObjRNCQwkmzhRUTgYX8,girl,2학년,따돌림 피해,0,심리외상 문제,7
학생180 ,-ObjS-6v1dqtWjhv8KQ2,girl,2학년,사회적 긴장,0,불안 및 우울 문제,14
학생180 ,-ObjS-6v1dqtWjhv8KQ2,girl,2학년,감정 기복,1,불안 및 우울 문제,14
학생180 ,-ObjS-6v1dqtWjhv8KQ2,girl,2학년,과도한 죄책감,1,불안 및 우울 문제,14
학생180 ,-ObjS-6v1dqtWjhv8KQ2,girl,2학년,과민성/짜증,1,불안 및 우울 문제,14
학생180 ,-ObjS-6v1dqtWjhv8KQ2,girl,2학년,낮은 자존감,2,학교생활적응 문제,14
학생180 ,-ObjS-6v1dqtWjhv8KQ2,girl,2학년,무기력/피로,2,불안 및 우울 문제,14
학생180 ,-ObjS-6v1dqtWjhv8KQ2,girl,2학년,예기 불안,1,불안 및 우울 문제,14
학생180 ,-ObjS-6v1dqtWjhv8KQ2,girl,2학년,과도한 불안,1,불안 및 우울 문제,14
학생180 ,-ObjS-6v1dqtWjhv8KQ2,girl,2학년,우울 증상,1,불안 및 우울 문제,14
학생180 ,-ObjS-6v1dqtWjhv8KQ2,girl,2학년,수면 문제,1,학교생활적응 문제,14
학생180 ,-ObjS-6v1dqtWjhv8KQ2,girl,2학년,자살 사고,1,자살 및 위기 문제,14
학생180 ,-ObjS-6v1dqtWjhv8KQ2,girl,2학년,자해 행동,0,자살 및 위기 문제,14
학생180 ,-ObjS-6v1dqtWjhv8KQ2,girl,2학년,자살 계획,0,자살 및 위기 문제,14
학생180 ,-ObjS-6v1dqtWjhv8KQ2,girl,2학년,심각한 자살사고,0,자살 및 위기 문제,14
학생180 ,-ObjS-6v1dqtWjhv8KQ2,girl,2학년,절망감,2,자살 및 위기 문제,14
학생180 ,-ObjS-6v1dqtWjhv8KQ2,girl,2학년,자살 시도,0,자살 및 위기 문제,14
학생180 ,-ObjS-6v1dqtWjhv8KQ2,girl,2학년,빈번한 거짓말,0,외현화 문제,14
학생180 ,-ObjS-6v1dqtWjhv8KQ2,girl,2학년,또래 갈등,0,외현화 문제,14
학생180 ,-ObjS-6v1dqtWjhv8KQ2,girl,2학년,반항 행동,0,외현화 문제,14
학생180 ,-ObjS-6v1dqtWjhv8KQ2,girl,2학년,괴롭힘 가해,0,외현화 문제,14
학생180 ,-ObjS-6v1dqtWjhv8KQ2,girl,2학년,외상 침습증상,0,심리외상 문제,14
학생180 ,-ObjS-6v1dqtWjhv8KQ2,girl,2학년,외상 관련 악몽,0,심리외상 문제,14
학생180 ,-ObjS-6v1dqtWjhv8KQ2,girl,2학년,외상 후 고립,0,심리외상 문제,14
학생180 ,-ObjS-6v1dqtWjhv8KQ2,girl,2학년,외상 후 과각성,0,심리외상 문제,14
학생180 ,-ObjS-6v1dqtWjhv8KQ2,girl,2학년,외상 회피행동,0,심리외상 문제,14
학생180 ,-ObjS-6v1dqtWjhv8KQ2,girl,2학년,흡연 문제,0,외현화 문제,14
학생180 ,-ObjS-6v1dqtWjhv8KQ2,girl,2학년,음주 문제,0,외현화 문제,14
학생180 ,-ObjS-6v1dqtWjhv8KQ2,girl,2학년,적응력 저하,0,학교생활적응 문제,14
학생180 ,-ObjS-6v1dqtWjhv8KQ2,girl,2학년,분리 불안,0,학교생활적응 문제,14
학생180 ,-ObjS-6v1dqtWjhv8KQ2,girl,2학년,학습 어려움,0,학교생활적응 문제,14
학생180 ,-ObjS-6v1dqtWjhv8KQ2,girl,2학년,재산 관련 비행,0,외현화 문제,14
학생180 ,-ObjS-6v1dqtWjhv8KQ2,girl,2학년,게임 과몰입,0,외현화 문제,14
학생180 ,-ObjS-6v1dqtWjhv8KQ2,girl,2학년,관계 형성 곤란,0,학교생활적응 문제,14
학생180 ,-ObjS-6v1dqtWjhv8KQ2,girl,2학년,등교 거부,0,학교생활적응 문제,14
학생180 ,-ObjS-6v1dqtWjhv8KQ2,girl,2학년,괴롭힘 피해,0,심리외상 문제,14
학생180 ,-ObjS-6v1dqtWjhv8KQ2,girl,2학년,따돌림 피해,0,심리외상 문제,14
학생181 ,-ObjS-CtAu4-Cu_ZplrZ,boy,3학년,사회적 긴장,0,불안 및 우울 문제,0
학생181 ,-ObjS-CtAu4-Cu_ZplrZ,boy,3학년,감정 기복,0,불안 및 우울 문제,0
학생181 ,-ObjS-CtAu4-Cu_ZplrZ,boy,3학년,과도한 죄책감,0,불안 및 우울 문제,0
학생181 ,-ObjS-CtAu4-Cu_ZplrZ,boy,3학년,과민성/짜증,0,불안 및 우울 문제,0
학생181 ,-ObjS-CtAu4-Cu_ZplrZ,boy,3학년,낮은 자존감,0,학교생활적응 문제,0
학생181 ,-ObjS-CtAu4-Cu_ZplrZ,boy,3학년,무기력/피로,0,불안 및 우울 문제,0
학생181 ,-ObjS-CtAu4-Cu_ZplrZ,boy,3학년,예기 불안,0,불안 및 우울 문제,0
학생181 ,-ObjS-CtAu4-Cu_ZplrZ,boy,3학년,과도한 불안,0,불안 및 우울 문제,0
학생181 ,-ObjS-CtAu4-Cu_ZplrZ,boy,3학년,우울 증상,0,불안 및 우울 문제,0
학생181 ,-ObjS-CtAu4-Cu_ZplrZ,boy,3학년,수면 문제,0,학교생활적응 문제,0
학생181 ,-ObjS-CtAu4-Cu_ZplrZ,boy,3학년,자살 사고,0,자살 및 위기 문제,0
학생181 ,-ObjS-CtAu4-Cu_ZplrZ,boy,3학년,자해 행동,0,자살 및 위기 문제,0
학생181 ,-ObjS-CtAu4-Cu_ZplrZ,boy,3학년,자살 계획,0,자살 및 위기 문제,0
학생181 ,-ObjS-CtAu4-Cu_ZplrZ,boy,3학년,심각한 자살사고,0,자살 및 위기 문제,0
학생181 ,-ObjS-CtAu4-Cu_ZplrZ,boy,3학년,절망감,0,자살 및 위기 문제,0
학생181 ,-ObjS-CtAu4-Cu_ZplrZ,boy,3학년,자살 시도,0,자살 및 위기 문제,0
학생181 ,-ObjS-CtAu4-Cu_ZplrZ,boy,3학년,빈번한 거짓말,0,외현화 문제,0
학생181 ,-ObjS-CtAu4-Cu_ZplrZ,boy,3학년,또래 갈등,0,외현화 문제,0
학생181 ,-ObjS-CtAu4-Cu_ZplrZ,boy,3학년,반항 행동,0,외현화 문제,0
학생181 ,-ObjS-CtAu4-Cu_ZplrZ,boy,3학년,괴롭힘 가해,0,외현화 문제,0
학생181 ,-ObjS-CtAu4-Cu_ZplrZ,boy,3학년,외상 침습증상,0,심리외상 문제,0
학생181 ,-ObjS-CtAu4-Cu_ZplrZ,boy,3학년,외상 관련 악몽,0,심리외상 문제,0
학생181 ,-ObjS-CtAu4-Cu_ZplrZ,boy,3학년,외상 후 고립,0,심리외상 문제,0
학생181 ,-ObjS-CtAu4-Cu_ZplrZ,boy,3학년,외상 후 과각성,0,심리외상 문제,0
학생181 ,-ObjS-CtAu4-Cu_ZplrZ,boy,3학년,외상 회피행동,0,심리외상 문제,0
학생181 ,-ObjS-CtAu4-Cu_ZplrZ,boy,3학년,흡연 문제,0,외현화 문제,0
학생181 ,-ObjS-CtAu4-Cu_ZplrZ,boy,3학년,음주 문제,0,외현화 문제,0
학생181 ,-ObjS-CtAu4-Cu_ZplrZ,boy,3학년,적응력 저하,0,학교생활적응 문제,0
학생181 ,-ObjS-CtAu4-Cu_ZplrZ,boy,3학년,분리 불안,0,학교생활적응 문제,0
학생181 ,-ObjS-CtAu4-Cu_ZplrZ,boy,3학년,학습 어려움,0,학교생활적응 문제,0
학생181 ,-ObjS-CtAu4-Cu_ZplrZ,boy,3학년,재산 관련 비행,0,외현화 문제,0
학생181 ,-ObjS-CtAu4-Cu_ZplrZ,boy,3학년,게임 과몰입,0,외현화 문제,0
학생181 ,-ObjS-CtAu4-Cu_ZplrZ,boy,3학년,관계 형성 곤란,0,학교생활적응 문제,0
학생181 ,-ObjS-CtAu4-Cu_ZplrZ,boy,3학년,등교 거부,0,학교생활적응 문제,0
학생181 ,-ObjS-CtAu4-Cu_ZplrZ,boy,3학년,괴롭힘 피해,0,심리외상 문제,0
학생181 ,-ObjS-CtAu4-Cu_ZplrZ,boy,3학년,따돌림 피해,0,심리외상 문제,0
학생182 ,-ObjS-PtgKWrKd6nipO9,girl,2학년,사회적 긴장,0,불안 및 우울 문제,0
학생182 ,-ObjS-PtgKWrKd6nipO9,girl,2학년,감정 기복,0,불안 및 우울 문제,0
학생182 ,-ObjS-PtgKWrKd6nipO9,girl,2학년,과도한 죄책감,0,불안 및 우울 문제,0
학생182 ,-ObjS-PtgKWrKd6nipO9,girl,2학년,과민성/짜증,0,불안 및 우울 문제,0
학생182 ,-ObjS-PtgKWrKd6nipO9,girl,2학년,낮은 자존감,0,학교생활적응 문제,0
학생182 ,-ObjS-PtgKWrKd6nipO9,girl,2학년,무기력/피로,0,불안 및 우울 문제,0
학생182 ,-ObjS-PtgKWrKd6nipO9,girl,2학년,예기 불안,0,불안 및 우울 문제,0
학생182 ,-ObjS-PtgKWrKd6nipO9,girl,2학년,과도한 불안,0,불안 및 우울 문제,0
학생182 ,-ObjS-PtgKWrKd6nipO9,girl,2학년,우울 증상,0,불안 및 우울 문제,0
학생182 ,-ObjS-PtgKWrKd6nipO9,girl,2학년,수면 문제,0,학교생활적응 문제,0
학생182 ,-ObjS-PtgKWrKd6nipO9,girl,2학년,자살 사고,0,자살 및 위기 문제,0
학생182 ,-ObjS-PtgKWrKd6nipO9,girl,2학년,자해 행동,0,자살 및 위기 문제,0
학생182 ,-ObjS-PtgKWrKd6nipO9,girl,2학년,자살 계획,0,자살 및 위기 문제,0
학생182 ,-ObjS-PtgKWrKd6nipO9,girl,2학년,심각한 자살사고,0,자살 및 위기 문제,0
학생182 ,-ObjS-PtgKWrKd6nipO9,girl,2학년,절망감,0,자살 및 위기 문제,0
학생182 ,-ObjS-PtgKWrKd6nipO9,girl,2학년,자살 시도,0,자살 및 위기 문제,0
학생182 ,-ObjS-PtgKWrKd6nipO9,girl,2학년,빈번한 거짓말,0,외현화 문제,0
학생182 ,-ObjS-PtgKWrKd6nipO9,girl,2학년,또래 갈등,0,외현화 문제,0
학생182 ,-ObjS-PtgKWrKd6nipO9,girl,2학년,반항 행동,0,외현화 문제,0
학생182 ,-ObjS-PtgKWrKd6nipO9,girl,2학년,괴롭힘 가해,0,외현화 문제,0
학생182 ,-ObjS-PtgKWrKd6nipO9,girl,2학년,외상 침습증상,0,심리외상 문제,0
학생182 ,-ObjS-PtgKWrKd6nipO9,girl,2학년,외상 관련 악몽,0,심리외상 문제,0
학생182 ,-ObjS-PtgKWrKd6nipO9,girl,2학년,외상 후 고립,0,심리외상 문제,0
학생182 ,-ObjS-PtgKWrKd6nipO9,girl,2학년,외상 후 과각성,0,심리외상 문제,0
학생182 ,-ObjS-PtgKWrKd6nipO9,girl,2학년,외상 회피행동,0,심리외상 문제,0
학생182 ,-ObjS-PtgKWrKd6nipO9,girl,2학년,흡연 문제,0,외현화 문제,0
학생182 ,-ObjS-PtgKWrKd6nipO9,girl,2학년,음주 문제,0,외현화 문제,0
학생182 ,-ObjS-PtgKWrKd6nipO9,girl,2학년,적응력 저하,0,학교생활적응 문제,0
학생182 ,-ObjS-PtgKWrKd6nipO9,girl,2학년,분리 불안,0,학교생활적응 문제,0
학생182 ,-ObjS-PtgKWrKd6nipO9,girl,2학년,학습 어려움,0,학교생활적응 문제,0
학생182 ,-ObjS-PtgKWrKd6nipO9,girl,2학년,재산 관련 비행,0,외현화 문제,0
학생182 ,-ObjS-PtgKWrKd6nipO9,girl,2학년,게임 과몰입,0,외현화 문제,0
학생182 ,-ObjS-PtgKWrKd6nipO9,girl,2학년,관계 형성 곤란,0,학교생활적응 문제,0
학생182 ,-ObjS-PtgKWrKd6nipO9,girl,2학년,등교 거부,0,학교생활적응 문제,0
학생182 ,-ObjS-PtgKWrKd6nipO9,girl,2학년,괴롭힘 피해,0,심리외상 문제,0
학생182 ,-ObjS-PtgKWrKd6nipO9,girl,2학년,따돌림 피해,0,심리외상 문제,0
학생183 ,-ObjS-dYq4Y1_3TfTAy0,boy,1학년,사회적 긴장,1,불안 및 우울 문제,17
학생183 ,-ObjS-dYq4Y1_3TfTAy0,boy,1학년,감정 기복,2,불안 및 우울 문제,17
학생183 ,-ObjS-dYq4Y1_3TfTAy0,boy,1학년,과도한 죄책감,1,불안 및 우울 문제,17
학생183 ,-ObjS-dYq4Y1_3TfTAy0,boy,1학년,과민성/짜증,1,불안 및 우울 문제,17
학생183 ,-ObjS-dYq4Y1_3TfTAy0,boy,1학년,낮은 자존감,1,학교생활적응 문제,17
학생183 ,-ObjS-dYq4Y1_3TfTAy0,boy,1학년,무기력/피로,1,불안 및 우울 문제,17
학생183 ,-ObjS-dYq4Y1_3TfTAy0,boy,1학년,예기 불안,2,불안 및 우울 문제,17
학생183 ,-ObjS-dYq4Y1_3TfTAy0,boy,1학년,과도한 불안,1,불안 및 우울 문제,17
학생183 ,-ObjS-dYq4Y1_3TfTAy0,boy,1학년,우울 증상,2,불안 및 우울 문제,17
학생183 ,-ObjS-dYq4Y1_3TfTAy0,boy,1학년,수면 문제,1,학교생활적응 문제,17
학생183 ,-ObjS-dYq4Y1_3TfTAy0,boy,1학년,자살 사고,0,자살 및 위기 문제,17
학생183 ,-ObjS-dYq4Y1_3TfTAy0,boy,1학년,자해 행동,0,자살 및 위기 문제,17
학생183 ,-ObjS-dYq4Y1_3TfTAy0,boy,1학년,자살 계획,1,자살 및 위기 문제,17
학생183 ,-ObjS-dYq4Y1_3TfTAy0,boy,1학년,심각한 자살사고,0,자살 및 위기 문제,17
학생183 ,-ObjS-dYq4Y1_3TfTAy0,boy,1학년,절망감,1,자살 및 위기 문제,17
학생183 ,-ObjS-dYq4Y1_3TfTAy0,boy,1학년,자살 시도,0,자살 및 위기 문제,17
학생183 ,-ObjS-dYq4Y1_3TfTAy0,boy,1학년,빈번한 거짓말,1,외현화 문제,17
학생183 ,-ObjS-dYq4Y1_3TfTAy0,boy,1학년,또래 갈등,0,외현화 문제,17
학생183 ,-ObjS-dYq4Y1_3TfTAy0,boy,1학년,반항 행동,0,외현화 문제,17
학생183 ,-ObjS-dYq4Y1_3TfTAy0,boy,1학년,괴롭힘 가해,0,외현화 문제,17
학생183 ,-ObjS-dYq4Y1_3TfTAy0,boy,1학년,외상 침습증상,0,심리외상 문제,17
학생183 ,-ObjS-dYq4Y1_3TfTAy0,boy,1학년,외상 관련 악몽,0,심리외상 문제,17
학생183 ,-ObjS-dYq4Y1_3TfTAy0,boy,1학년,외상 후 고립,0,심리외상 문제,17
학생183 ,-ObjS-dYq4Y1_3TfTAy0,boy,1학년,외상 후 과각성,0,심리외상 문제,17
학생183 ,-ObjS-dYq4Y1_3TfTAy0,boy,1학년,외상 회피행동,1,심리외상 문제,17
학생183 ,-ObjS-dYq4Y1_3TfTAy0,boy,1학년,흡연 문제,0,외현화 문제,17
학생183 ,-ObjS-dYq4Y1_3TfTAy0,boy,1학년,음주 문제,0,외현화 문제,17
학생183 ,-ObjS-dYq4Y1_3TfTAy0,boy,1학년,적응력 저하,0,학교생활적응 문제,17
학생183 ,-ObjS-dYq4Y1_3TfTAy0,boy,1학년,분리 불안,0,학교생활적응 문제,17
학생183 ,-ObjS-dYq4Y1_3TfTAy0,boy,1학년,학습 어려움,0,학교생활적응 문제,17
학생183 ,-ObjS-dYq4Y1_3TfTAy0,boy,1학년,재산 관련 비행,0,외현화 문제,17
학생183 ,-ObjS-dYq4Y1_3TfTAy0,boy,1학년,게임 과몰입,0,외현화 문제,17
학생183 ,-ObjS-dYq4Y1_3TfTAy0,boy,1학년,관계 형성 곤란,0,학교생활적응 문제,17
학생183 ,-ObjS-dYq4Y1_3TfTAy0,boy,1학년,등교 거부,0,학교생활적응 문제,17
학생183 ,-ObjS-dYq4Y1_3TfTAy0,boy,1학년,괴롭힘 피해,0,심리외상 문제,17
학생183 ,-ObjS-dYq4Y1_3TfTAy0,boy,1학년,따돌림 피해,0,심리외상 문제,17
학생184 ,-ObjS0GJugE4bCQxzb33,boy,1학년,사회적 긴장,1,불안 및 우울 문제,19
학생184 ,-ObjS0GJugE4bCQxzb33,boy,1학년,감정 기복,1,불안 및 우울 문제,19
학생184 ,-ObjS0GJugE4bCQxzb33,boy,1학년,과도한 죄책감,1,불안 및 우울 문제,19
학생184 ,-ObjS0GJugE4bCQxzb33,boy,1학년,과민성/짜증,2,불안 및 우울 문제,19
학생184 ,-ObjS0GJugE4bCQxzb33,boy,1학년,낮은 자존감,2,학교생활적응 문제,19
학생184 ,-ObjS0GJugE4bCQxzb33,boy,1학년,무기력/피로,3,불안 및 우울 문제,19
학생184 ,-ObjS0GJugE4bCQxzb33,boy,1학년,예기 불안,0,불안 및 우울 문제,19
학생184 ,-ObjS0GJugE4bCQxzb33,boy,1학년,과도한 불안,1,불안 및 우울 문제,19
학생184 ,-ObjS0GJugE4bCQxzb33,boy,1학년,우울 증상,2,불안 및 우울 문제,19
학생184 ,-ObjS0GJugE4bCQxzb33,boy,1학년,수면 문제,0,학교생활적응 문제,19
학생184 ,-ObjS0GJugE4bCQxzb33,boy,1학년,자살 사고,0,자살 및 위기 문제,19
학생184 ,-ObjS0GJugE4bCQxzb33,boy,1학년,자해 행동,0,자살 및 위기 문제,19
학생184 ,-ObjS0GJugE4bCQxzb33,boy,1학년,자살 계획,0,자살 및 위기 문제,19
학생184 ,-ObjS0GJugE4bCQxzb33,boy,1학년,심각한 자살사고,0,자살 및 위기 문제,19
학생184 ,-ObjS0GJugE4bCQxzb33,boy,1학년,절망감,0,자살 및 위기 문제,19
학생184 ,-ObjS0GJugE4bCQxzb33,boy,1학년,자살 시도,0,자살 및 위기 문제,19
학생184 ,-ObjS0GJugE4bCQxzb33,boy,1학년,빈번한 거짓말,1,외현화 문제,19
학생184 ,-ObjS0GJugE4bCQxzb33,boy,1학년,또래 갈등,0,외현화 문제,19
학생184 ,-ObjS0GJugE4bCQxzb33,boy,1학년,반항 행동,0,외현화 문제,19
학생184 ,-ObjS0GJugE4bCQxzb33,boy,1학년,괴롭힘 가해,0,외현화 문제,19
학생184 ,-ObjS0GJugE4bCQxzb33,boy,1학년,외상 침습증상,1,심리외상 문제,19
학생184 ,-ObjS0GJugE4bCQxzb33,boy,1학년,외상 관련 악몽,2,심리외상 문제,19
학생184 ,-ObjS0GJugE4bCQxzb33,boy,1학년,외상 후 고립,0,심리외상 문제,19
학생184 ,-ObjS0GJugE4bCQxzb33,boy,1학년,외상 후 과각성,0,심리외상 문제,19
학생184 ,-ObjS0GJugE4bCQxzb33,boy,1학년,외상 회피행동,2,심리외상 문제,19
학생184 ,-ObjS0GJugE4bCQxzb33,boy,1학년,흡연 문제,0,외현화 문제,19
학생184 ,-ObjS0GJugE4bCQxzb33,boy,1학년,음주 문제,0,외현화 문제,19
학생184 ,-ObjS0GJugE4bCQxzb33,boy,1학년,적응력 저하,0,학교생활적응 문제,19
학생184 ,-ObjS0GJugE4bCQxzb33,boy,1학년,분리 불안,0,학교생활적응 문제,19
학생184 ,-ObjS0GJugE4bCQxzb33,boy,1학년,학습 어려움,0,학교생활적응 문제,19
학생184 ,-ObjS0GJugE4bCQxzb33,boy,1학년,재산 관련 비행,0,외현화 문제,19
학생184 ,-ObjS0GJugE4bCQxzb33,boy,1학년,게임 과몰입,0,외현화 문제,19
학생184 ,-ObjS0GJugE4bCQxzb33,boy,1학년,관계 형성 곤란,0,학교생활적응 문제,19
학생184 ,-ObjS0GJugE4bCQxzb33,boy,1학년,등교 거부,0,학교생활적응 문제,19
학생184 ,-ObjS0GJugE4bCQxzb33,boy,1학년,괴롭힘 피해,0,심리외상 문제,19
학생184 ,-ObjS0GJugE4bCQxzb33,boy,1학년,따돌림 피해,0,심리외상 문제,19
학생185 ,-ObjS0LHmobCxMBn7BLb,girl,2학년,사회적 긴장,0,불안 및 우울 문제,0
학생185 ,-ObjS0LHmobCxMBn7BLb,girl,2학년,감정 기복,0,불안 및 우울 문제,0
학생185 ,-ObjS0LHmobCxMBn7BLb,girl,2학년,과도한 죄책감,0,불안 및 우울 문제,0
학생185 ,-ObjS0LHmobCxMBn7BLb,girl,2학년,과민성/짜증,0,불안 및 우울 문제,0
학생185 ,-ObjS0LHmobCxMBn7BLb,girl,2학년,낮은 자존감,0,학교생활적응 문제,0
학생185 ,-ObjS0LHmobCxMBn7BLb,girl,2학년,무기력/피로,0,불안 및 우울 문제,0
학생185 ,-ObjS0LHmobCxMBn7BLb,girl,2학년,예기 불안,0,불안 및 우울 문제,0
학생185 ,-ObjS0LHmobCxMBn7BLb,girl,2학년,과도한 불안,0,불안 및 우울 문제,0
학생185 ,-ObjS0LHmobCxMBn7BLb,girl,2학년,우울 증상,0,불안 및 우울 문제,0
학생185 ,-ObjS0LHmobCxMBn7BLb,girl,2학년,수면 문제,0,학교생활적응 문제,0
학생185 ,-ObjS0LHmobCxMBn7BLb,girl,2학년,자살 사고,0,자살 및 위기 문제,0
학생185 ,-ObjS0LHmobCxMBn7BLb,girl,2학년,자해 행동,0,자살 및 위기 문제,0
학생185 ,-ObjS0LHmobCxMBn7BLb,girl,2학년,자살 계획,0,자살 및 위기 문제,0
학생185 ,-ObjS0LHmobCxMBn7BLb,girl,2학년,심각한 자살사고,0,자살 및 위기 문제,0
학생185 ,-ObjS0LHmobCxMBn7BLb,girl,2학년,절망감,0,자살 및 위기 문제,0
학생185 ,-ObjS0LHmobCxMBn7BLb,girl,2학년,자살 시도,0,자살 및 위기 문제,0
학생185 ,-ObjS0LHmobCxMBn7BLb,girl,2학년,빈번한 거짓말,0,외현화 문제,0
학생185 ,-ObjS0LHmobCxMBn7BLb,girl,2학년,또래 갈등,0,외현화 문제,0
학생185 ,-ObjS0LHmobCxMBn7BLb,girl,2학년,반항 행동,0,외현화 문제,0
학생185 ,-ObjS0LHmobCxMBn7BLb,girl,2학년,괴롭힘 가해,0,외현화 문제,0
학생185 ,-ObjS0LHmobCxMBn7BLb,girl,2학년,외상 침습증상,0,심리외상 문제,0
학생185 ,-ObjS0LHmobCxMBn7BLb,girl,2학년,외상 관련 악몽,0,심리외상 문제,0
학생185 ,-ObjS0LHmobCxMBn7BLb,girl,2학년,외상 후 고립,0,심리외상 문제,0
학생185 ,-ObjS0LHmobCxMBn7BLb,girl,2학년,외상 후 과각성,0,심리외상 문제,0
학생185 ,-ObjS0LHmobCxMBn7BLb,girl,2학년,외상 회피행동,0,심리외상 문제,0
학생185 ,-ObjS0LHmobCxMBn7BLb,girl,2학년,흡연 문제,0,외현화 문제,0
학생185 ,-ObjS0LHmobCxMBn7BLb,girl,2학년,음주 문제,0,외현화 문제,0
학생185 ,-ObjS0LHmobCxMBn7BLb,girl,2학년,적응력 저하,0,학교생활적응 문제,0
학생185 ,-ObjS0LHmobCxMBn7BLb,girl,2학년,분리 불안,0,학교생활적응 문제,0
학생185 ,-ObjS0LHmobCxMBn7BLb,girl,2학년,학습 어려움,0,학교생활적응 문제,0
학생185 ,-ObjS0LHmobCxMBn7BLb,girl,2학년,재산 관련 비행,0,외현화 문제,0
학생185 ,-ObjS0LHmobCxMBn7BLb,girl,2학년,게임 과몰입,0,외현화 문제,0
학생185 ,-ObjS0LHmobCxMBn7BLb,girl,2학년,관계 형성 곤란,0,학교생활적응 문제,0
학생185 ,-ObjS0LHmobCxMBn7BLb,girl,2학년,등교 거부,0,학교생활적응 문제,0
학생185 ,-ObjS0LHmobCxMBn7BLb,girl,2학년,괴롭힘 피해,0,심리외상 문제,0
학생185 ,-ObjS0LHmobCxMBn7BLb,girl,2학년,따돌림 피해,0,심리외상 문제,0
학생186 ,-ObjS0fy7FGE7QZMzp5E,girl,1학년,사회적 긴장,1,불안 및 우울 문제,17
학생186 ,-ObjS0fy7FGE7QZMzp5E,girl,1학년,감정 기복,1,불안 및 우울 문제,17
학생186 ,-ObjS0fy7FGE7QZMzp5E,girl,1학년,과도한 죄책감,0,불안 및 우울 문제,17
학생186 ,-ObjS0fy7FGE7QZMzp5E,girl,1학년,과민성/짜증,2,불안 및 우울 문제,17
학생186 ,-ObjS0fy7FGE7QZMzp5E,girl,1학년,낮은 자존감,1,학교생활적응 문제,17
학생186 ,-ObjS0fy7FGE7QZMzp5E,girl,1학년,무기력/피로,1,불안 및 우울 문제,17
학생186 ,-ObjS0fy7FGE7QZMzp5E,girl,1학년,예기 불안,2,불안 및 우울 문제,17
학생186 ,-ObjS0fy7FGE7QZMzp5E,girl,1학년,과도한 불안,1,불안 및 우울 문제,17
학생186 ,-ObjS0fy7FGE7QZMzp5E,girl,1학년,우울 증상,2,불안 및 우울 문제,17
학생186 ,-ObjS0fy7FGE7QZMzp5E,girl,1학년,수면 문제,3,학교생활적응 문제,17
학생186 ,-ObjS0fy7FGE7QZMzp5E,girl,1학년,자살 사고,0,자살 및 위기 문제,17
학생186 ,-ObjS0fy7FGE7QZMzp5E,girl,1학년,자해 행동,0,자살 및 위기 문제,17
학생186 ,-ObjS0fy7FGE7QZMzp5E,girl,1학년,자살 계획,0,자살 및 위기 문제,17
학생186 ,-ObjS0fy7FGE7QZMzp5E,girl,1학년,심각한 자살사고,0,자살 및 위기 문제,17
학생186 ,-ObjS0fy7FGE7QZMzp5E,girl,1학년,절망감,0,자살 및 위기 문제,17
학생186 ,-ObjS0fy7FGE7QZMzp5E,girl,1학년,자살 시도,0,자살 및 위기 문제,17
학생186 ,-ObjS0fy7FGE7QZMzp5E,girl,1학년,빈번한 거짓말,1,외현화 문제,17
학생186 ,-ObjS0fy7FGE7QZMzp5E,girl,1학년,또래 갈등,0,외현화 문제,17
학생186 ,-ObjS0fy7FGE7QZMzp5E,girl,1학년,반항 행동,0,외현화 문제,17
학생186 ,-ObjS0fy7FGE7QZMzp5E,girl,1학년,괴롭힘 가해,0,외현화 문제,17
학생186 ,-ObjS0fy7FGE7QZMzp5E,girl,1학년,외상 침습증상,0,심리외상 문제,17
학생186 ,-ObjS0fy7FGE7QZMzp5E,girl,1학년,외상 관련 악몽,0,심리외상 문제,17
학생186 ,-ObjS0fy7FGE7QZMzp5E,girl,1학년,외상 후 고립,0,심리외상 문제,17
학생186 ,-ObjS0fy7FGE7QZMzp5E,girl,1학년,외상 후 과각성,0,심리외상 문제,17
학생186 ,-ObjS0fy7FGE7QZMzp5E,girl,1학년,외상 회피행동,0,심리외상 문제,17
학생186 ,-ObjS0fy7FGE7QZMzp5E,girl,1학년,흡연 문제,0,외현화 문제,17
학생186 ,-ObjS0fy7FGE7QZMzp5E,girl,1학년,음주 문제,0,외현화 문제,17
학생186 ,-ObjS0fy7FGE7QZMzp5E,girl,1학년,적응력 저하,0,학교생활적응 문제,17
학생186 ,-ObjS0fy7FGE7QZMzp5E,girl,1학년,분리 불안,0,학교생활적응 문제,17
학생186 ,-ObjS0fy7FGE7QZMzp5E,girl,1학년,학습 어려움,0,학교생활적응 문제,17
학생186 ,-ObjS0fy7FGE7QZMzp5E,girl,1학년,재산 관련 비행,0,외현화 문제,17
학생186 ,-ObjS0fy7FGE7QZMzp5E,girl,1학년,게임 과몰입,1,외현화 문제,17
학생186 ,-ObjS0fy7FGE7QZMzp5E,girl,1학년,관계 형성 곤란,1,학교생활적응 문제,17
학생186 ,-ObjS0fy7FGE7QZMzp5E,girl,1학년,등교 거부,0,학교생활적응 문제,17
학생186 ,-ObjS0fy7FGE7QZMzp5E,girl,1학년,괴롭힘 피해,0,심리외상 문제,17
학생186 ,-ObjS0fy7FGE7QZMzp5E,girl,1학년,따돌림 피해,0,심리외상 문제,17
학생187 ,-ObjS0rTKomuU633AAkZ,boy,2학년,사회적 긴장,0,불안 및 우울 문제,7
학생187 ,-ObjS0rTKomuU633AAkZ,boy,2학년,감정 기복,0,불안 및 우울 문제,7
학생187 ,-ObjS0rTKomuU633AAkZ,boy,2학년,과도한 죄책감,0,불안 및 우울 문제,7
학생187 ,-ObjS0rTKomuU633AAkZ,boy,2학년,과민성/짜증,1,불안 및 우울 문제,7
학생187 ,-ObjS0rTKomuU633AAkZ,boy,2학년,낮은 자존감,0,학교생활적응 문제,7
학생187 ,-ObjS0rTKomuU633AAkZ,boy,2학년,무기력/피로,1,불안 및 우울 문제,7
학생187 ,-ObjS0rTKomuU633AAkZ,boy,2학년,예기 불안,0,불안 및 우울 문제,7
학생187 ,-ObjS0rTKomuU633AAkZ,boy,2학년,과도한 불안,0,불안 및 우울 문제,7
학생187 ,-ObjS0rTKomuU633AAkZ,boy,2학년,우울 증상,0,불안 및 우울 문제,7
학생187 ,-ObjS0rTKomuU633AAkZ,boy,2학년,수면 문제,3,학교생활적응 문제,7
학생187 ,-ObjS0rTKomuU633AAkZ,boy,2학년,자살 사고,0,자살 및 위기 문제,7
학생187 ,-ObjS0rTKomuU633AAkZ,boy,2학년,자해 행동,0,자살 및 위기 문제,7
학생187 ,-ObjS0rTKomuU633AAkZ,boy,2학년,자살 계획,0,자살 및 위기 문제,7
학생187 ,-ObjS0rTKomuU633AAkZ,boy,2학년,심각한 자살사고,0,자살 및 위기 문제,7
학생187 ,-ObjS0rTKomuU633AAkZ,boy,2학년,절망감,0,자살 및 위기 문제,7
학생187 ,-ObjS0rTKomuU633AAkZ,boy,2학년,자살 시도,0,자살 및 위기 문제,7
학생187 ,-ObjS0rTKomuU633AAkZ,boy,2학년,빈번한 거짓말,1,외현화 문제,7
학생187 ,-ObjS0rTKomuU633AAkZ,boy,2학년,또래 갈등,0,외현화 문제,7
학생187 ,-ObjS0rTKomuU633AAkZ,boy,2학년,반항 행동,0,외현화 문제,7
학생187 ,-ObjS0rTKomuU633AAkZ,boy,2학년,괴롭힘 가해,0,외현화 문제,7
학생187 ,-ObjS0rTKomuU633AAkZ,boy,2학년,외상 침습증상,0,심리외상 문제,7
학생187 ,-ObjS0rTKomuU633AAkZ,boy,2학년,외상 관련 악몽,0,심리외상 문제,7
학생187 ,-ObjS0rTKomuU633AAkZ,boy,2학년,외상 후 고립,0,심리외상 문제,7
학생187 ,-ObjS0rTKomuU633AAkZ,boy,2학년,외상 후 과각성,0,심리외상 문제,7
학생187 ,-ObjS0rTKomuU633AAkZ,boy,2학년,외상 회피행동,0,심리외상 문제,7
학생187 ,-ObjS0rTKomuU633AAkZ,boy,2학년,흡연 문제,0,외현화 문제,7
학생187 ,-ObjS0rTKomuU633AAkZ,boy,2학년,음주 문제,0,외현화 문제,7
학생187 ,-ObjS0rTKomuU633AAkZ,boy,2학년,적응력 저하,0,학교생활적응 문제,7
학생187 ,-ObjS0rTKomuU633AAkZ,boy,2학년,분리 불안,0,학교생활적응 문제,7
학생187 ,-ObjS0rTKomuU633AAkZ,boy,2학년,학습 어려움,0,학교생활적응 문제,7
학생187 ,-ObjS0rTKomuU633AAkZ,boy,2학년,재산 관련 비행,0,외현화 문제,7
학생187 ,-ObjS0rTKomuU633AAkZ,boy,2학년,게임 과몰입,1,외현화 문제,7
학생187 ,-ObjS0rTKomuU633AAkZ,boy,2학년,관계 형성 곤란,0,학교생활적응 문제,7
학생187 ,-ObjS0rTKomuU633AAkZ,boy,2학년,등교 거부,0,학교생활적응 문제,7
학생187 ,-ObjS0rTKomuU633AAkZ,boy,2학년,괴롭힘 피해,0,심리외상 문제,7
학생187 ,-ObjS0rTKomuU633AAkZ,boy,2학년,따돌림 피해,0,심리외상 문제,7
학생188 ,-ObjS1Vz9Xj9X6Dywy_6,girl,2학년,사회적 긴장,0,불안 및 우울 문제,7
학생188 ,-ObjS1Vz9Xj9X6Dywy_6,girl,2학년,감정 기복,1,불안 및 우울 문제,7
학생188 ,-ObjS1Vz9Xj9X6Dywy_6,girl,2학년,과도한 죄책감,0,불안 및 우울 문제,7
학생188 ,-ObjS1Vz9Xj9X6Dywy_6,girl,2학년,과민성/짜증,1,불안 및 우울 문제,7
학생188 ,-ObjS1Vz9Xj9X6Dywy_6,girl,2학년,낮은 자존감,0,학교생활적응 문제,7
학생188 ,-ObjS1Vz9Xj9X6Dywy_6,girl,2학년,무기력/피로,0,불안 및 우울 문제,7
학생188 ,-ObjS1Vz9Xj9X6Dywy_6,girl,2학년,예기 불안,0,불안 및 우울 문제,7
학생188 ,-ObjS1Vz9Xj9X6Dywy_6,girl,2학년,과도한 불안,0,불안 및 우울 문제,7
학생188 ,-ObjS1Vz9Xj9X6Dywy_6,girl,2학년,우울 증상,0,불안 및 우울 문제,7
학생188 ,-ObjS1Vz9Xj9X6Dywy_6,girl,2학년,수면 문제,2,학교생활적응 문제,7
학생188 ,-ObjS1Vz9Xj9X6Dywy_6,girl,2학년,자살 사고,0,자살 및 위기 문제,7
학생188 ,-ObjS1Vz9Xj9X6Dywy_6,girl,2학년,자해 행동,0,자살 및 위기 문제,7
학생188 ,-ObjS1Vz9Xj9X6Dywy_6,girl,2학년,자살 계획,0,자살 및 위기 문제,7
학생188 ,-ObjS1Vz9Xj9X6Dywy_6,girl,2학년,심각한 자살사고,0,자살 및 위기 문제,7
학생188 ,-ObjS1Vz9Xj9X6Dywy_6,girl,2학년,절망감,0,자살 및 위기 문제,7
학생188 ,-ObjS1Vz9Xj9X6Dywy_6,girl,2학년,자살 시도,0,자살 및 위기 문제,7
학생188 ,-ObjS1Vz9Xj9X6Dywy_6,girl,2학년,빈번한 거짓말,1,외현화 문제,7
학생188 ,-ObjS1Vz9Xj9X6Dywy_6,girl,2학년,또래 갈등,0,외현화 문제,7
학생188 ,-ObjS1Vz9Xj9X6Dywy_6,girl,2학년,반항 행동,1,외현화 문제,7
학생188 ,-ObjS1Vz9Xj9X6Dywy_6,girl,2학년,괴롭힘 가해,1,외현화 문제,7
학생188 ,-ObjS1Vz9Xj9X6Dywy_6,girl,2학년,외상 침습증상,0,심리외상 문제,7
학생188 ,-ObjS1Vz9Xj9X6Dywy_6,girl,2학년,외상 관련 악몽,0,심리외상 문제,7
학생188 ,-ObjS1Vz9Xj9X6Dywy_6,girl,2학년,외상 후 고립,0,심리외상 문제,7
학생188 ,-ObjS1Vz9Xj9X6Dywy_6,girl,2학년,외상 후 과각성,0,심리외상 문제,7
학생188 ,-ObjS1Vz9Xj9X6Dywy_6,girl,2학년,외상 회피행동,0,심리외상 문제,7
학생188 ,-ObjS1Vz9Xj9X6Dywy_6,girl,2학년,흡연 문제,0,외현화 문제,7
학생188 ,-ObjS1Vz9Xj9X6Dywy_6,girl,2학년,음주 문제,0,외현화 문제,7
학생188 ,-ObjS1Vz9Xj9X6Dywy_6,girl,2학년,적응력 저하,0,학교생활적응 문제,7
학생188 ,-ObjS1Vz9Xj9X6Dywy_6,girl,2학년,분리 불안,0,학교생활적응 문제,7
학생188 ,-ObjS1Vz9Xj9X6Dywy_6,girl,2학년,학습 어려움,0,학교생활적응 문제,7
학생188 ,-ObjS1Vz9Xj9X6Dywy_6,girl,2학년,재산 관련 비행,0,외현화 문제,7
학생188 ,-ObjS1Vz9Xj9X6Dywy_6,girl,2학년,게임 과몰입,0,외현화 문제,7
학생188 ,-ObjS1Vz9Xj9X6Dywy_6,girl,2학년,관계 형성 곤란,0,학교생활적응 문제,7
학생188 ,-ObjS1Vz9Xj9X6Dywy_6,girl,2학년,등교 거부,0,학교생활적응 문제,7
학생188 ,-ObjS1Vz9Xj9X6Dywy_6,girl,2학년,괴롭힘 피해,0,심리외상 문제,7
학생188 ,-ObjS1Vz9Xj9X6Dywy_6,girl,2학년,따돌림 피해,0,심리외상 문제,7
학생189 ,-ObjS1WUd7N8EP78E41C,boy,1학년,사회적 긴장,1,불안 및 우울 문제,17
학생189 ,-ObjS1WUd7N8EP78E41C,boy,1학년,감정 기복,1,불안 및 우울 문제,17
학생189 ,-ObjS1WUd7N8EP78E41C,boy,1학년,과도한 죄책감,0,불안 및 우울 문제,17
학생189 ,-ObjS1WUd7N8EP78E41C,boy,1학년,과민성/짜증,0,불안 및 우울 문제,17
학생189 ,-ObjS1WUd7N8EP78E41C,boy,1학년,낮은 자존감,1,학교생활적응 문제,17
학생189 ,-ObjS1WUd7N8EP78E41C,boy,1학년,무기력/피로,1,불안 및 우울 문제,17
학생189 ,-ObjS1WUd7N8EP78E41C,boy,1학년,예기 불안,1,불안 및 우울 문제,17
학생189 ,-ObjS1WUd7N8EP78E41C,boy,1학년,과도한 불안,1,불안 및 우울 문제,17
학생189 ,-ObjS1WUd7N8EP78E41C,boy,1학년,우울 증상,1,불안 및 우울 문제,17
학생189 ,-ObjS1WUd7N8EP78E41C,boy,1학년,수면 문제,3,학교생활적응 문제,17
학생189 ,-ObjS1WUd7N8EP78E41C,boy,1학년,자살 사고,0,자살 및 위기 문제,17
학생189 ,-ObjS1WUd7N8EP78E41C,boy,1학년,자해 행동,0,자살 및 위기 문제,17
학생189 ,-ObjS1WUd7N8EP78E41C,boy,1학년,자살 계획,0,자살 및 위기 문제,17
학생189 ,-ObjS1WUd7N8EP78E41C,boy,1학년,심각한 자살사고,0,자살 및 위기 문제,17
학생189 ,-ObjS1WUd7N8EP78E41C,boy,1학년,절망감,0,자살 및 위기 문제,17
학생189 ,-ObjS1WUd7N8EP78E41C,boy,1학년,자살 시도,0,자살 및 위기 문제,17
학생189 ,-ObjS1WUd7N8EP78E41C,boy,1학년,빈번한 거짓말,2,외현화 문제,17
학생189 ,-ObjS1WUd7N8EP78E41C,boy,1학년,또래 갈등,0,외현화 문제,17
학생189 ,-ObjS1WUd7N8EP78E41C,boy,1학년,반항 행동,1,외현화 문제,17
학생189 ,-ObjS1WUd7N8EP78E41C,boy,1학년,괴롭힘 가해,0,외현화 문제,17
학생189 ,-ObjS1WUd7N8EP78E41C,boy,1학년,외상 침습증상,0,심리외상 문제,17
학생189 ,-ObjS1WUd7N8EP78E41C,boy,1학년,외상 관련 악몽,0,심리외상 문제,17
학생189 ,-ObjS1WUd7N8EP78E41C,boy,1학년,외상 후 고립,0,심리외상 문제,17
학생189 ,-ObjS1WUd7N8EP78E41C,boy,1학년,외상 후 과각성,0,심리외상 문제,17
학생189 ,-ObjS1WUd7N8EP78E41C,boy,1학년,외상 회피행동,0,심리외상 문제,17
학생189 ,-ObjS1WUd7N8EP78E41C,boy,1학년,흡연 문제,0,외현화 문제,17
학생189 ,-ObjS1WUd7N8EP78E41C,boy,1학년,음주 문제,0,외현화 문제,17
학생189 ,-ObjS1WUd7N8EP78E41C,boy,1학년,적응력 저하,0,학교생활적응 문제,17
학생189 ,-ObjS1WUd7N8EP78E41C,boy,1학년,분리 불안,0,학교생활적응 문제,17
학생189 ,-ObjS1WUd7N8EP78E41C,boy,1학년,학습 어려움,2,학교생활적응 문제,17
학생189 ,-ObjS1WUd7N8EP78E41C,boy,1학년,재산 관련 비행,0,외현화 문제,17
학생189 ,-ObjS1WUd7N8EP78E41C,boy,1학년,게임 과몰입,1,외현화 문제,17
학생189 ,-ObjS1WUd7N8EP78E41C,boy,1학년,관계 형성 곤란,1,학교생활적응 문제,17
학생189 ,-ObjS1WUd7N8EP78E41C,boy,1학년,등교 거부,0,학교생활적응 문제,17
학생189 ,-ObjS1WUd7N8EP78E41C,boy,1학년,괴롭힘 피해,0,심리외상 문제,17
학생189 ,-ObjS1WUd7N8EP78E41C,boy,1학년,따돌림 피해,0,심리외상 문제,17
학생19 ,-ObjROaIHlNZolM6m69F,girl,2학년,사회적 긴장,0,불안 및 우울 문제,0
학생19 ,-ObjROaIHlNZolM6m69F,girl,2학년,감정 기복,0,불안 및 우울 문제,0
학생19 ,-ObjROaIHlNZolM6m69F,girl,2학년,과도한 죄책감,0,불안 및 우울 문제,0
학생19 ,-ObjROaIHlNZolM6m69F,girl,2학년,과민성/짜증,0,불안 및 우울 문제,0
학생19 ,-ObjROaIHlNZolM6m69F,girl,2학년,낮은 자존감,0,학교생활적응 문제,0
학생19 ,-ObjROaIHlNZolM6m69F,girl,2학년,무기력/피로,0,불안 및 우울 문제,0
학생19 ,-ObjROaIHlNZolM6m69F,girl,2학년,예기 불안,0,불안 및 우울 문제,0
학생19 ,-ObjROaIHlNZolM6m69F,girl,2학년,과도한 불안,0,불안 및 우울 문제,0
학생19 ,-ObjROaIHlNZolM6m69F,girl,2학년,우울 증상,0,불안 및 우울 문제,0
학생19 ,-ObjROaIHlNZolM6m69F,girl,2학년,수면 문제,0,학교생활적응 문제,0
학생19 ,-ObjROaIHlNZolM6m69F,girl,2학년,자살 사고,0,자살 및 위기 문제,0
학생19 ,-ObjROaIHlNZolM6m69F,girl,2학년,자해 행동,0,자살 및 위기 문제,0
학생19 ,-ObjROaIHlNZolM6m69F,girl,2학년,자살 계획,0,자살 및 위기 문제,0
학생19 ,-ObjROaIHlNZolM6m69F,girl,2학년,심각한 자살사고,0,자살 및 위기 문제,0
학생19 ,-ObjROaIHlNZolM6m69F,girl,2학년,절망감,0,자살 및 위기 문제,0
학생19 ,-ObjROaIHlNZolM6m69F,girl,2학년,자살 시도,0,자살 및 위기 문제,0
학생19 ,-ObjROaIHlNZolM6m69F,girl,2학년,빈번한 거짓말,0,외현화 문제,0
학생19 ,-ObjROaIHlNZolM6m69F,girl,2학년,또래 갈등,0,외현화 문제,0
학생19 ,-ObjROaIHlNZolM6m69F,girl,2학년,반항 행동,0,외현화 문제,0
학생19 ,-ObjROaIHlNZolM6m69F,girl,2학년,괴롭힘 가해,0,외현화 문제,0
학생19 ,-ObjROaIHlNZolM6m69F,girl,2학년,외상 침습증상,0,심리외상 문제,0
학생19 ,-ObjROaIHlNZolM6m69F,girl,2학년,외상 관련 악몽,0,심리외상 문제,0
학생19 ,-ObjROaIHlNZolM6m69F,girl,2학년,외상 후 고립,0,심리외상 문제,0
학생19 ,-ObjROaIHlNZolM6m69F,girl,2학년,외상 후 과각성,0,심리외상 문제,0
학생19 ,-ObjROaIHlNZolM6m69F,girl,2학년,외상 회피행동,0,심리외상 문제,0
학생19 ,-ObjROaIHlNZolM6m69F,girl,2학년,흡연 문제,0,외현화 문제,0
학생19 ,-ObjROaIHlNZolM6m69F,girl,2학년,음주 문제,0,외현화 문제,0
학생19 ,-ObjROaIHlNZolM6m69F,girl,2학년,적응력 저하,0,학교생활적응 문제,0
학생19 ,-ObjROaIHlNZolM6m69F,girl,2학년,분리 불안,0,학교생활적응 문제,0
학생19 ,-ObjROaIHlNZolM6m69F,girl,2학년,학습 어려움,0,학교생활적응 문제,0
학생19 ,-ObjROaIHlNZolM6m69F,girl,2학년,재산 관련 비행,0,외현화 문제,0
학생19 ,-ObjROaIHlNZolM6m69F,girl,2학년,게임 과몰입,0,외현화 문제,0
학생19 ,-ObjROaIHlNZolM6m69F,girl,2학년,관계 형성 곤란,0,학교생활적응 문제,0
학생19 ,-ObjROaIHlNZolM6m69F,girl,2학년,등교 거부,0,학교생활적응 문제,0
학생19 ,-ObjROaIHlNZolM6m69F,girl,2학년,괴롭힘 피해,0,심리외상 문제,0
학생19 ,-ObjROaIHlNZolM6m69F,girl,2학년,따돌림 피해,0,심리외상 문제,0
학생190 ,-ObjS1z6TuRiDr5Q7ERN,girl,3학년,사회적 긴장,0,불안 및 우울 문제,3
학생190 ,-ObjS1z6TuRiDr5Q7ERN,girl,3학년,감정 기복,0,불안 및 우울 문제,3
학생190 ,-ObjS1z6TuRiDr5Q7ERN,girl,3학년,과도한 죄책감,0,불안 및 우울 문제,3
학생190 ,-ObjS1z6TuRiDr5Q7ERN,girl,3학년,과민성/짜증,0,불안 및 우울 문제,3
학생190 ,-ObjS1z6TuRiDr5Q7ERN,girl,3학년,낮은 자존감,0,학교생활적응 문제,3
학생190 ,-ObjS1z6TuRiDr5Q7ERN,girl,3학년,무기력/피로,0,불안 및 우울 문제,3
학생190 ,-ObjS1z6TuRiDr5Q7ERN,girl,3학년,예기 불안,0,불안 및 우울 문제,3
학생190 ,-ObjS1z6TuRiDr5Q7ERN,girl,3학년,과도한 불안,0,불안 및 우울 문제,3
학생190 ,-ObjS1z6TuRiDr5Q7ERN,girl,3학년,우울 증상,0,불안 및 우울 문제,3
학생190 ,-ObjS1z6TuRiDr5Q7ERN,girl,3학년,수면 문제,3,학교생활적응 문제,3
학생190 ,-ObjS1z6TuRiDr5Q7ERN,girl,3학년,자살 사고,0,자살 및 위기 문제,3
학생190 ,-ObjS1z6TuRiDr5Q7ERN,girl,3학년,자해 행동,0,자살 및 위기 문제,3
학생190 ,-ObjS1z6TuRiDr5Q7ERN,girl,3학년,자살 계획,0,자살 및 위기 문제,3
학생190 ,-ObjS1z6TuRiDr5Q7ERN,girl,3학년,심각한 자살사고,0,자살 및 위기 문제,3
학생190 ,-ObjS1z6TuRiDr5Q7ERN,girl,3학년,절망감,0,자살 및 위기 문제,3
학생190 ,-ObjS1z6TuRiDr5Q7ERN,girl,3학년,자살 시도,0,자살 및 위기 문제,3
학생190 ,-ObjS1z6TuRiDr5Q7ERN,girl,3학년,빈번한 거짓말,0,외현화 문제,3
학생190 ,-ObjS1z6TuRiDr5Q7ERN,girl,3학년,또래 갈등,0,외현화 문제,3
학생190 ,-ObjS1z6TuRiDr5Q7ERN,girl,3학년,반항 행동,0,외현화 문제,3
학생190 ,-ObjS1z6TuRiDr5Q7ERN,girl,3학년,괴롭힘 가해,0,외현화 문제,3
학생190 ,-ObjS1z6TuRiDr5Q7ERN,girl,3학년,외상 침습증상,0,심리외상 문제,3
학생190 ,-ObjS1z6TuRiDr5Q7ERN,girl,3학년,외상 관련 악몽,0,심리외상 문제,3
학생190 ,-ObjS1z6TuRiDr5Q7ERN,girl,3학년,외상 후 고립,0,심리외상 문제,3
학생190 ,-ObjS1z6TuRiDr5Q7ERN,girl,3학년,외상 후 과각성,0,심리외상 문제,3
학생190 ,-ObjS1z6TuRiDr5Q7ERN,girl,3학년,외상 회피행동,0,심리외상 문제,3
학생190 ,-ObjS1z6TuRiDr5Q7ERN,girl,3학년,흡연 문제,0,외현화 문제,3
학생190 ,-ObjS1z6TuRiDr5Q7ERN,girl,3학년,음주 문제,0,외현화 문제,3
학생190 ,-ObjS1z6TuRiDr5Q7ERN,girl,3학년,적응력 저하,0,학교생활적응 문제,3
학생190 ,-ObjS1z6TuRiDr5Q7ERN,girl,3학년,분리 불안,0,학교생활적응 문제,3
학생190 ,-ObjS1z6TuRiDr5Q7ERN,girl,3학년,학습 어려움,0,학교생활적응 문제,3
학생190 ,-ObjS1z6TuRiDr5Q7ERN,girl,3학년,재산 관련 비행,0,외현화 문제,3
학생190 ,-ObjS1z6TuRiDr5Q7ERN,girl,3학년,게임 과몰입,0,외현화 문제,3
학생190 ,-ObjS1z6TuRiDr5Q7ERN,girl,3학년,관계 형성 곤란,0,학교생활적응 문제,3
학생190 ,-ObjS1z6TuRiDr5Q7ERN,girl,3학년,등교 거부,0,학교생활적응 문제,3
학생190 ,-ObjS1z6TuRiDr5Q7ERN,girl,3학년,괴롭힘 피해,0,심리외상 문제,3
학생190 ,-ObjS1z6TuRiDr5Q7ERN,girl,3학년,따돌림 피해,0,심리외상 문제,3
학생191 ,-ObjS1zLIabW5bBntz-D,boy,1학년,사회적 긴장,0,불안 및 우울 문제,14
학생191 ,-ObjS1zLIabW5bBntz-D,boy,1학년,감정 기복,1,불안 및 우울 문제,14
학생191 ,-ObjS1zLIabW5bBntz-D,boy,1학년,과도한 죄책감,2,불안 및 우울 문제,14
학생191 ,-ObjS1zLIabW5bBntz-D,boy,1학년,과민성/짜증,1,불안 및 우울 문제,14
학생191 ,-ObjS1zLIabW5bBntz-D,boy,1학년,낮은 자존감,1,학교생활적응 문제,14
학생191 ,-ObjS1zLIabW5bBntz-D,boy,1학년,무기력/피로,0,불안 및 우울 문제,14
학생191 ,-ObjS1zLIabW5bBntz-D,boy,1학년,예기 불안,2,불안 및 우울 문제,14
학생191 ,-ObjS1zLIabW5bBntz-D,boy,1학년,과도한 불안,0,불안 및 우울 문제,14
학생191 ,-ObjS1zLIabW5bBntz-D,boy,1학년,우울 증상,1,불안 및 우울 문제,14
학생191 ,-ObjS1zLIabW5bBntz-D,boy,1학년,수면 문제,1,학교생활적응 문제,14
학생191 ,-ObjS1zLIabW5bBntz-D,boy,1학년,자살 사고,0,자살 및 위기 문제,14
학생191 ,-ObjS1zLIabW5bBntz-D,boy,1학년,자해 행동,0,자살 및 위기 문제,14
학생191 ,-ObjS1zLIabW5bBntz-D,boy,1학년,자살 계획,0,자살 및 위기 문제,14
학생191 ,-ObjS1zLIabW5bBntz-D,boy,1학년,심각한 자살사고,0,자살 및 위기 문제,14
학생191 ,-ObjS1zLIabW5bBntz-D,boy,1학년,절망감,0,자살 및 위기 문제,14
학생191 ,-ObjS1zLIabW5bBntz-D,boy,1학년,자살 시도,0,자살 및 위기 문제,14
학생191 ,-ObjS1zLIabW5bBntz-D,boy,1학년,빈번한 거짓말,0,외현화 문제,14
학생191 ,-ObjS1zLIabW5bBntz-D,boy,1학년,또래 갈등,0,외현화 문제,14
학생191 ,-ObjS1zLIabW5bBntz-D,boy,1학년,반항 행동,0,외현화 문제,14
학생191 ,-ObjS1zLIabW5bBntz-D,boy,1학년,괴롭힘 가해,0,외현화 문제,14
학생191 ,-ObjS1zLIabW5bBntz-D,boy,1학년,외상 침습증상,2,심리외상 문제,14
학생191 ,-ObjS1zLIabW5bBntz-D,boy,1학년,외상 관련 악몽,0,심리외상 문제,14
학생191 ,-ObjS1zLIabW5bBntz-D,boy,1학년,외상 후 고립,0,심리외상 문제,14
학생191 ,-ObjS1zLIabW5bBntz-D,boy,1학년,외상 후 과각성,1,심리외상 문제,14
학생191 ,-ObjS1zLIabW5bBntz-D,boy,1학년,외상 회피행동,1,심리외상 문제,14
학생191 ,-ObjS1zLIabW5bBntz-D,boy,1학년,흡연 문제,0,외현화 문제,14
학생191 ,-ObjS1zLIabW5bBntz-D,boy,1학년,음주 문제,0,외현화 문제,14
학생191 ,-ObjS1zLIabW5bBntz-D,boy,1학년,적응력 저하,0,학교생활적응 문제,14
학생191 ,-ObjS1zLIabW5bBntz-D,boy,1학년,분리 불안,0,학교생활적응 문제,14
학생191 ,-ObjS1zLIabW5bBntz-D,boy,1학년,학습 어려움,0,학교생활적응 문제,14
학생191 ,-ObjS1zLIabW5bBntz-D,boy,1학년,재산 관련 비행,0,외현화 문제,14
학생191 ,-ObjS1zLIabW5bBntz-D,boy,1학년,게임 과몰입,1,외현화 문제,14
학생191 ,-ObjS1zLIabW5bBntz-D,boy,1학년,관계 형성 곤란,0,학교생활적응 문제,14
학생191 ,-ObjS1zLIabW5bBntz-D,boy,1학년,등교 거부,0,학교생활적응 문제,14
학생191 ,-ObjS1zLIabW5bBntz-D,boy,1학년,괴롭힘 피해,0,심리외상 문제,14
학생191 ,-ObjS1zLIabW5bBntz-D,boy,1학년,따돌림 피해,0,심리외상 문제,14
학생192 ,-ObjS257tdGu6lP1UJV7,boy,1학년,사회적 긴장,0,불안 및 우울 문제,17
학생192 ,-ObjS257tdGu6lP1UJV7,boy,1학년,감정 기복,2,불안 및 우울 문제,17
학생192 ,-ObjS257tdGu6lP1UJV7,boy,1학년,과도한 죄책감,0,불안 및 우울 문제,17
학생192 ,-ObjS257tdGu6lP1UJV7,boy,1학년,과민성/짜증,2,불안 및 우울 문제,17
학생192 ,-ObjS257tdGu6lP1UJV7,boy,1학년,낮은 자존감,2,학교생활적응 문제,17
학생192 ,-ObjS257tdGu6lP1UJV7,boy,1학년,무기력/피로,1,불안 및 우울 문제,17
학생192 ,-ObjS257tdGu6lP1UJV7,boy,1학년,예기 불안,3,불안 및 우울 문제,17
학생192 ,-ObjS257tdGu6lP1UJV7,boy,1학년,과도한 불안,2,불안 및 우울 문제,17
학생192 ,-ObjS257tdGu6lP1UJV7,boy,1학년,우울 증상,1,불안 및 우울 문제,17
학생192 ,-ObjS257tdGu6lP1UJV7,boy,1학년,수면 문제,0,학교생활적응 문제,17
학생192 ,-ObjS257tdGu6lP1UJV7,boy,1학년,자살 사고,0,자살 및 위기 문제,17
학생192 ,-ObjS257tdGu6lP1UJV7,boy,1학년,자해 행동,1,자살 및 위기 문제,17
학생192 ,-ObjS257tdGu6lP1UJV7,boy,1학년,자살 계획,0,자살 및 위기 문제,17
학생192 ,-ObjS257tdGu6lP1UJV7,boy,1학년,심각한 자살사고,0,자살 및 위기 문제,17
학생192 ,-ObjS257tdGu6lP1UJV7,boy,1학년,절망감,0,자살 및 위기 문제,17
학생192 ,-ObjS257tdGu6lP1UJV7,boy,1학년,자살 시도,0,자살 및 위기 문제,17
학생192 ,-ObjS257tdGu6lP1UJV7,boy,1학년,빈번한 거짓말,0,외현화 문제,17
학생192 ,-ObjS257tdGu6lP1UJV7,boy,1학년,또래 갈등,0,외현화 문제,17
학생192 ,-ObjS257tdGu6lP1UJV7,boy,1학년,반항 행동,0,외현화 문제,17
학생192 ,-ObjS257tdGu6lP1UJV7,boy,1학년,괴롭힘 가해,0,외현화 문제,17
학생192 ,-ObjS257tdGu6lP1UJV7,boy,1학년,외상 침습증상,0,심리외상 문제,17
학생192 ,-ObjS257tdGu6lP1UJV7,boy,1학년,외상 관련 악몽,0,심리외상 문제,17
학생192 ,-ObjS257tdGu6lP1UJV7,boy,1학년,외상 후 고립,0,심리외상 문제,17
학생192 ,-ObjS257tdGu6lP1UJV7,boy,1학년,외상 후 과각성,0,심리외상 문제,17
학생192 ,-ObjS257tdGu6lP1UJV7,boy,1학년,외상 회피행동,0,심리외상 문제,17
학생192 ,-ObjS257tdGu6lP1UJV7,boy,1학년,흡연 문제,0,외현화 문제,17
학생192 ,-ObjS257tdGu6lP1UJV7,boy,1학년,음주 문제,0,외현화 문제,17
학생192 ,-ObjS257tdGu6lP1UJV7,boy,1학년,적응력 저하,0,학교생활적응 문제,17
학생192 ,-ObjS257tdGu6lP1UJV7,boy,1학년,분리 불안,0,학교생활적응 문제,17
학생192 ,-ObjS257tdGu6lP1UJV7,boy,1학년,학습 어려움,3,학교생활적응 문제,17
학생192 ,-ObjS257tdGu6lP1UJV7,boy,1학년,재산 관련 비행,0,외현화 문제,17
학생192 ,-ObjS257tdGu6lP1UJV7,boy,1학년,게임 과몰입,0,외현화 문제,17
학생192 ,-ObjS257tdGu6lP1UJV7,boy,1학년,관계 형성 곤란,0,학교생활적응 문제,17
학생192 ,-ObjS257tdGu6lP1UJV7,boy,1학년,등교 거부,0,학교생활적응 문제,17
학생192 ,-ObjS257tdGu6lP1UJV7,boy,1학년,괴롭힘 피해,0,심리외상 문제,17
학생192 ,-ObjS257tdGu6lP1UJV7,boy,1학년,따돌림 피해,0,심리외상 문제,17
학생193 ,-ObjS2DPfrK1_uo3OH1W,boy,3학년,사회적 긴장,2,불안 및 우울 문제,22
학생193 ,-ObjS2DPfrK1_uo3OH1W,boy,3학년,감정 기복,1,불안 및 우울 문제,22
학생193 ,-ObjS2DPfrK1_uo3OH1W,boy,3학년,과도한 죄책감,0,불안 및 우울 문제,22
학생193 ,-ObjS2DPfrK1_uo3OH1W,boy,3학년,과민성/짜증,2,불안 및 우울 문제,22
학생193 ,-ObjS2DPfrK1_uo3OH1W,boy,3학년,낮은 자존감,2,학교생활적응 문제,22
학생193 ,-ObjS2DPfrK1_uo3OH1W,boy,3학년,무기력/피로,2,불안 및 우울 문제,22
학생193 ,-ObjS2DPfrK1_uo3OH1W,boy,3학년,예기 불안,3,불안 및 우울 문제,22
학생193 ,-ObjS2DPfrK1_uo3OH1W,boy,3학년,과도한 불안,3,불안 및 우울 문제,22
학생193 ,-ObjS2DPfrK1_uo3OH1W,boy,3학년,우울 증상,1,불안 및 우울 문제,22
학생193 ,-ObjS2DPfrK1_uo3OH1W,boy,3학년,수면 문제,0,학교생활적응 문제,22
학생193 ,-ObjS2DPfrK1_uo3OH1W,boy,3학년,자살 사고,2,자살 및 위기 문제,22
학생193 ,-ObjS2DPfrK1_uo3OH1W,boy,3학년,자해 행동,0,자살 및 위기 문제,22
학생193 ,-ObjS2DPfrK1_uo3OH1W,boy,3학년,자살 계획,0,자살 및 위기 문제,22
학생193 ,-ObjS2DPfrK1_uo3OH1W,boy,3학년,심각한 자살사고,0,자살 및 위기 문제,22
학생193 ,-ObjS2DPfrK1_uo3OH1W,boy,3학년,절망감,0,자살 및 위기 문제,22
학생193 ,-ObjS2DPfrK1_uo3OH1W,boy,3학년,자살 시도,0,자살 및 위기 문제,22
학생193 ,-ObjS2DPfrK1_uo3OH1W,boy,3학년,빈번한 거짓말,1,외현화 문제,22
학생193 ,-ObjS2DPfrK1_uo3OH1W,boy,3학년,또래 갈등,0,외현화 문제,22
학생193 ,-ObjS2DPfrK1_uo3OH1W,boy,3학년,반항 행동,0,외현화 문제,22
학생193 ,-ObjS2DPfrK1_uo3OH1W,boy,3학년,괴롭힘 가해,0,외현화 문제,22
학생193 ,-ObjS2DPfrK1_uo3OH1W,boy,3학년,외상 침습증상,0,심리외상 문제,22
학생193 ,-ObjS2DPfrK1_uo3OH1W,boy,3학년,외상 관련 악몽,0,심리외상 문제,22
학생193 ,-ObjS2DPfrK1_uo3OH1W,boy,3학년,외상 후 고립,0,심리외상 문제,22
학생193 ,-ObjS2DPfrK1_uo3OH1W,boy,3학년,외상 후 과각성,0,심리외상 문제,22
학생193 ,-ObjS2DPfrK1_uo3OH1W,boy,3학년,외상 회피행동,0,심리외상 문제,22
학생193 ,-ObjS2DPfrK1_uo3OH1W,boy,3학년,흡연 문제,0,외현화 문제,22
학생193 ,-ObjS2DPfrK1_uo3OH1W,boy,3학년,음주 문제,0,외현화 문제,22
학생193 ,-ObjS2DPfrK1_uo3OH1W,boy,3학년,적응력 저하,0,학교생활적응 문제,22
학생193 ,-ObjS2DPfrK1_uo3OH1W,boy,3학년,분리 불안,0,학교생활적응 문제,22
학생193 ,-ObjS2DPfrK1_uo3OH1W,boy,3학년,학습 어려움,0,학교생활적응 문제,22
학생193 ,-ObjS2DPfrK1_uo3OH1W,boy,3학년,재산 관련 비행,0,외현화 문제,22
학생193 ,-ObjS2DPfrK1_uo3OH1W,boy,3학년,게임 과몰입,1,외현화 문제,22
학생193 ,-ObjS2DPfrK1_uo3OH1W,boy,3학년,관계 형성 곤란,1,학교생활적응 문제,22
학생193 ,-ObjS2DPfrK1_uo3OH1W,boy,3학년,등교 거부,0,학교생활적응 문제,22
학생193 ,-ObjS2DPfrK1_uo3OH1W,boy,3학년,괴롭힘 피해,1,심리외상 문제,22
학생193 ,-ObjS2DPfrK1_uo3OH1W,boy,3학년,따돌림 피해,0,심리외상 문제,22
학생194 ,-ObjS2k0KkhiyDnRK6xt,boy,1학년,사회적 긴장,1,불안 및 우울 문제,9
학생194 ,-ObjS2k0KkhiyDnRK6xt,boy,1학년,감정 기복,1,불안 및 우울 문제,9
학생194 ,-ObjS2k0KkhiyDnRK6xt,boy,1학년,과도한 죄책감,0,불안 및 우울 문제,9
학생194 ,-ObjS2k0KkhiyDnRK6xt,boy,1학년,과민성/짜증,0,불안 및 우울 문제,9
학생194 ,-ObjS2k0KkhiyDnRK6xt,boy,1학년,낮은 자존감,1,학교생활적응 문제,9
학생194 ,-ObjS2k0KkhiyDnRK6xt,boy,1학년,무기력/피로,0,불안 및 우울 문제,9
학생194 ,-ObjS2k0KkhiyDnRK6xt,boy,1학년,예기 불안,1,불안 및 우울 문제,9
학생194 ,-ObjS2k0KkhiyDnRK6xt,boy,1학년,과도한 불안,2,불안 및 우울 문제,9
학생194 ,-ObjS2k0KkhiyDnRK6xt,boy,1학년,우울 증상,1,불안 및 우울 문제,9
학생194 ,-ObjS2k0KkhiyDnRK6xt,boy,1학년,수면 문제,1,학교생활적응 문제,9
학생194 ,-ObjS2k0KkhiyDnRK6xt,boy,1학년,자살 사고,0,자살 및 위기 문제,9
학생194 ,-ObjS2k0KkhiyDnRK6xt,boy,1학년,자해 행동,0,자살 및 위기 문제,9
학생194 ,-ObjS2k0KkhiyDnRK6xt,boy,1학년,자살 계획,0,자살 및 위기 문제,9
학생194 ,-ObjS2k0KkhiyDnRK6xt,boy,1학년,심각한 자살사고,0,자살 및 위기 문제,9
학생194 ,-ObjS2k0KkhiyDnRK6xt,boy,1학년,절망감,0,자살 및 위기 문제,9
학생194 ,-ObjS2k0KkhiyDnRK6xt,boy,1학년,자살 시도,0,자살 및 위기 문제,9
학생194 ,-ObjS2k0KkhiyDnRK6xt,boy,1학년,빈번한 거짓말,1,외현화 문제,9
학생194 ,-ObjS2k0KkhiyDnRK6xt,boy,1학년,또래 갈등,0,외현화 문제,9
학생194 ,-ObjS2k0KkhiyDnRK6xt,boy,1학년,반항 행동,0,외현화 문제,9
학생194 ,-ObjS2k0KkhiyDnRK6xt,boy,1학년,괴롭힘 가해,0,외현화 문제,9
학생194 ,-ObjS2k0KkhiyDnRK6xt,boy,1학년,외상 침습증상,0,심리외상 문제,9
학생194 ,-ObjS2k0KkhiyDnRK6xt,boy,1학년,외상 관련 악몽,0,심리외상 문제,9
학생194 ,-ObjS2k0KkhiyDnRK6xt,boy,1학년,외상 후 고립,0,심리외상 문제,9
학생194 ,-ObjS2k0KkhiyDnRK6xt,boy,1학년,외상 후 과각성,0,심리외상 문제,9
학생194 ,-ObjS2k0KkhiyDnRK6xt,boy,1학년,외상 회피행동,0,심리외상 문제,9
학생194 ,-ObjS2k0KkhiyDnRK6xt,boy,1학년,흡연 문제,0,외현화 문제,9
학생194 ,-ObjS2k0KkhiyDnRK6xt,boy,1학년,음주 문제,0,외현화 문제,9
학생194 ,-ObjS2k0KkhiyDnRK6xt,boy,1학년,적응력 저하,0,학교생활적응 문제,9
학생194 ,-ObjS2k0KkhiyDnRK6xt,boy,1학년,분리 불안,0,학교생활적응 문제,9
학생194 ,-ObjS2k0KkhiyDnRK6xt,boy,1학년,학습 어려움,0,학교생활적응 문제,9
학생194 ,-ObjS2k0KkhiyDnRK6xt,boy,1학년,재산 관련 비행,0,외현화 문제,9
학생194 ,-ObjS2k0KkhiyDnRK6xt,boy,1학년,게임 과몰입,0,외현화 문제,9
학생194 ,-ObjS2k0KkhiyDnRK6xt,boy,1학년,관계 형성 곤란,0,학교생활적응 문제,9
학생194 ,-ObjS2k0KkhiyDnRK6xt,boy,1학년,등교 거부,0,학교생활적응 문제,9
학생194 ,-ObjS2k0KkhiyDnRK6xt,boy,1학년,괴롭힘 피해,0,심리외상 문제,9
학생194 ,-ObjS2k0KkhiyDnRK6xt,boy,1학년,따돌림 피해,0,심리외상 문제,9
학생195 ,-ObjS3C-Rx3b9pMQEKs9,boy,2학년,사회적 긴장,0,불안 및 우울 문제,9
학생195 ,-ObjS3C-Rx3b9pMQEKs9,boy,2학년,감정 기복,0,불안 및 우울 문제,9
학생195 ,-ObjS3C-Rx3b9pMQEKs9,boy,2학년,과도한 죄책감,0,불안 및 우울 문제,9
학생195 ,-ObjS3C-Rx3b9pMQEKs9,boy,2학년,과민성/짜증,0,불안 및 우울 문제,9
학생195 ,-ObjS3C-Rx3b9pMQEKs9,boy,2학년,낮은 자존감,1,학교생활적응 문제,9
학생195 ,-ObjS3C-Rx3b9pMQEKs9,boy,2학년,무기력/피로,0,불안 및 우울 문제,9
학생195 ,-ObjS3C-Rx3b9pMQEKs9,boy,2학년,예기 불안,0,불안 및 우울 문제,9
학생195 ,-ObjS3C-Rx3b9pMQEKs9,boy,2학년,과도한 불안,1,불안 및 우울 문제,9
학생195 ,-ObjS3C-Rx3b9pMQEKs9,boy,2학년,우울 증상,1,불안 및 우울 문제,9
학생195 ,-ObjS3C-Rx3b9pMQEKs9,boy,2학년,수면 문제,2,학교생활적응 문제,9
학생195 ,-ObjS3C-Rx3b9pMQEKs9,boy,2학년,자살 사고,0,자살 및 위기 문제,9
학생195 ,-ObjS3C-Rx3b9pMQEKs9,boy,2학년,자해 행동,0,자살 및 위기 문제,9
학생195 ,-ObjS3C-Rx3b9pMQEKs9,boy,2학년,자살 계획,0,자살 및 위기 문제,9
학생195 ,-ObjS3C-Rx3b9pMQEKs9,boy,2학년,심각한 자살사고,3,자살 및 위기 문제,9
학생195 ,-ObjS3C-Rx3b9pMQEKs9,boy,2학년,절망감,0,자살 및 위기 문제,9
학생195 ,-ObjS3C-Rx3b9pMQEKs9,boy,2학년,자살 시도,0,자살 및 위기 문제,9
학생195 ,-ObjS3C-Rx3b9pMQEKs9,boy,2학년,빈번한 거짓말,0,외현화 문제,9
학생195 ,-ObjS3C-Rx3b9pMQEKs9,boy,2학년,또래 갈등,0,외현화 문제,9
학생195 ,-ObjS3C-Rx3b9pMQEKs9,boy,2학년,반항 행동,0,외현화 문제,9
학생195 ,-ObjS3C-Rx3b9pMQEKs9,boy,2학년,괴롭힘 가해,0,외현화 문제,9
학생195 ,-ObjS3C-Rx3b9pMQEKs9,boy,2학년,외상 침습증상,0,심리외상 문제,9
학생195 ,-ObjS3C-Rx3b9pMQEKs9,boy,2학년,외상 관련 악몽,0,심리외상 문제,9
학생195 ,-ObjS3C-Rx3b9pMQEKs9,boy,2학년,외상 후 고립,0,심리외상 문제,9
학생195 ,-ObjS3C-Rx3b9pMQEKs9,boy,2학년,외상 후 과각성,0,심리외상 문제,9
학생195 ,-ObjS3C-Rx3b9pMQEKs9,boy,2학년,외상 회피행동,0,심리외상 문제,9
학생195 ,-ObjS3C-Rx3b9pMQEKs9,boy,2학년,흡연 문제,0,외현화 문제,9
학생195 ,-ObjS3C-Rx3b9pMQEKs9,boy,2학년,음주 문제,0,외현화 문제,9
학생195 ,-ObjS3C-Rx3b9pMQEKs9,boy,2학년,적응력 저하,0,학교생활적응 문제,9
학생195 ,-ObjS3C-Rx3b9pMQEKs9,boy,2학년,분리 불안,0,학교생활적응 문제,9
학생195 ,-ObjS3C-Rx3b9pMQEKs9,boy,2학년,학습 어려움,0,학교생활적응 문제,9
학생195 ,-ObjS3C-Rx3b9pMQEKs9,boy,2학년,재산 관련 비행,0,외현화 문제,9
학생195 ,-ObjS3C-Rx3b9pMQEKs9,boy,2학년,게임 과몰입,1,외현화 문제,9
학생195 ,-ObjS3C-Rx3b9pMQEKs9,boy,2학년,관계 형성 곤란,0,학교생활적응 문제,9
학생195 ,-ObjS3C-Rx3b9pMQEKs9,boy,2학년,등교 거부,0,학교생활적응 문제,9
학생195 ,-ObjS3C-Rx3b9pMQEKs9,boy,2학년,괴롭힘 피해,0,심리외상 문제,9
학생195 ,-ObjS3C-Rx3b9pMQEKs9,boy,2학년,따돌림 피해,0,심리외상 문제,9
학생196 ,-ObjS3LVzVxrDcUFY_Lo,girl,2학년,사회적 긴장,1,불안 및 우울 문제,11
학생196 ,-ObjS3LVzVxrDcUFY_Lo,girl,2학년,감정 기복,0,불안 및 우울 문제,11
학생196 ,-ObjS3LVzVxrDcUFY_Lo,girl,2학년,과도한 죄책감,1,불안 및 우울 문제,11
학생196 ,-ObjS3LVzVxrDcUFY_Lo,girl,2학년,과민성/짜증,1,불안 및 우울 문제,11
학생196 ,-ObjS3LVzVxrDcUFY_Lo,girl,2학년,낮은 자존감,3,학교생활적응 문제,11
학생196 ,-ObjS3LVzVxrDcUFY_Lo,girl,2학년,무기력/피로,2,불안 및 우울 문제,11
학생196 ,-ObjS3LVzVxrDcUFY_Lo,girl,2학년,예기 불안,1,불안 및 우울 문제,11
학생196 ,-ObjS3LVzVxrDcUFY_Lo,girl,2학년,과도한 불안,1,불안 및 우울 문제,11
학생196 ,-ObjS3LVzVxrDcUFY_Lo,girl,2학년,우울 증상,0,불안 및 우울 문제,11
학생196 ,-ObjS3LVzVxrDcUFY_Lo,girl,2학년,수면 문제,0,학교생활적응 문제,11
학생196 ,-ObjS3LVzVxrDcUFY_Lo,girl,2학년,자살 사고,1,자살 및 위기 문제,11
학생196 ,-ObjS3LVzVxrDcUFY_Lo,girl,2학년,자해 행동,0,자살 및 위기 문제,11
학생196 ,-ObjS3LVzVxrDcUFY_Lo,girl,2학년,자살 계획,0,자살 및 위기 문제,11
학생196 ,-ObjS3LVzVxrDcUFY_Lo,girl,2학년,심각한 자살사고,0,자살 및 위기 문제,11
학생196 ,-ObjS3LVzVxrDcUFY_Lo,girl,2학년,절망감,0,자살 및 위기 문제,11
학생196 ,-ObjS3LVzVxrDcUFY_Lo,girl,2학년,자살 시도,0,자살 및 위기 문제,11
학생196 ,-ObjS3LVzVxrDcUFY_Lo,girl,2학년,빈번한 거짓말,0,외현화 문제,11
학생196 ,-ObjS3LVzVxrDcUFY_Lo,girl,2학년,또래 갈등,0,외현화 문제,11
학생196 ,-ObjS3LVzVxrDcUFY_Lo,girl,2학년,반항 행동,0,외현화 문제,11
학생196 ,-ObjS3LVzVxrDcUFY_Lo,girl,2학년,괴롭힘 가해,0,외현화 문제,11
학생196 ,-ObjS3LVzVxrDcUFY_Lo,girl,2학년,외상 침습증상,0,심리외상 문제,11
학생196 ,-ObjS3LVzVxrDcUFY_Lo,girl,2학년,외상 관련 악몽,0,심리외상 문제,11
학생196 ,-ObjS3LVzVxrDcUFY_Lo,girl,2학년,외상 후 고립,0,심리외상 문제,11
학생196 ,-ObjS3LVzVxrDcUFY_Lo,girl,2학년,외상 후 과각성,0,심리외상 문제,11
학생196 ,-ObjS3LVzVxrDcUFY_Lo,girl,2학년,외상 회피행동,0,심리외상 문제,11
학생196 ,-ObjS3LVzVxrDcUFY_Lo,girl,2학년,흡연 문제,0,외현화 문제,11
학생196 ,-ObjS3LVzVxrDcUFY_Lo,girl,2학년,음주 문제,0,외현화 문제,11
학생196 ,-ObjS3LVzVxrDcUFY_Lo,girl,2학년,적응력 저하,0,학교생활적응 문제,11
학생196 ,-ObjS3LVzVxrDcUFY_Lo,girl,2학년,분리 불안,0,학교생활적응 문제,11
학생196 ,-ObjS3LVzVxrDcUFY_Lo,girl,2학년,학습 어려움,0,학교생활적응 문제,11
학생196 ,-ObjS3LVzVxrDcUFY_Lo,girl,2학년,재산 관련 비행,0,외현화 문제,11
학생196 ,-ObjS3LVzVxrDcUFY_Lo,girl,2학년,게임 과몰입,0,외현화 문제,11
학생196 ,-ObjS3LVzVxrDcUFY_Lo,girl,2학년,관계 형성 곤란,0,학교생활적응 문제,11
학생196 ,-ObjS3LVzVxrDcUFY_Lo,girl,2학년,등교 거부,0,학교생활적응 문제,11
학생196 ,-ObjS3LVzVxrDcUFY_Lo,girl,2학년,괴롭힘 피해,0,심리외상 문제,11
학생196 ,-ObjS3LVzVxrDcUFY_Lo,girl,2학년,따돌림 피해,0,심리외상 문제,11
학생197 ,-ObjS3R6ouAuOaxa1TtH,boy,1학년,사회적 긴장,1,불안 및 우울 문제,9
학생197 ,-ObjS3R6ouAuOaxa1TtH,boy,1학년,감정 기복,0,불안 및 우울 문제,9
학생197 ,-ObjS3R6ouAuOaxa1TtH,boy,1학년,과도한 죄책감,1,불안 및 우울 문제,9
학생197 ,-ObjS3R6ouAuOaxa1TtH,boy,1학년,과민성/짜증,0,불안 및 우울 문제,9
학생197 ,-ObjS3R6ouAuOaxa1TtH,boy,1학년,낮은 자존감,1,학교생활적응 문제,9
학생197 ,-ObjS3R6ouAuOaxa1TtH,boy,1학년,무기력/피로,1,불안 및 우울 문제,9
학생197 ,-ObjS3R6ouAuOaxa1TtH,boy,1학년,예기 불안,1,불안 및 우울 문제,9
학생197 ,-ObjS3R6ouAuOaxa1TtH,boy,1학년,과도한 불안,1,불안 및 우울 문제,9
학생197 ,-ObjS3R6ouAuOaxa1TtH,boy,1학년,우울 증상,0,불안 및 우울 문제,9
학생197 ,-ObjS3R6ouAuOaxa1TtH,boy,1학년,수면 문제,1,학교생활적응 문제,9
학생197 ,-ObjS3R6ouAuOaxa1TtH,boy,1학년,자살 사고,0,자살 및 위기 문제,9
학생197 ,-ObjS3R6ouAuOaxa1TtH,boy,1학년,자해 행동,0,자살 및 위기 문제,9
학생197 ,-ObjS3R6ouAuOaxa1TtH,boy,1학년,자살 계획,0,자살 및 위기 문제,9
학생197 ,-ObjS3R6ouAuOaxa1TtH,boy,1학년,심각한 자살사고,0,자살 및 위기 문제,9
학생197 ,-ObjS3R6ouAuOaxa1TtH,boy,1학년,절망감,0,자살 및 위기 문제,9
학생197 ,-ObjS3R6ouAuOaxa1TtH,boy,1학년,자살 시도,0,자살 및 위기 문제,9
학생197 ,-ObjS3R6ouAuOaxa1TtH,boy,1학년,빈번한 거짓말,0,외현화 문제,9
학생197 ,-ObjS3R6ouAuOaxa1TtH,boy,1학년,또래 갈등,0,외현화 문제,9
학생197 ,-ObjS3R6ouAuOaxa1TtH,boy,1학년,반항 행동,0,외현화 문제,9
학생197 ,-ObjS3R6ouAuOaxa1TtH,boy,1학년,괴롭힘 가해,0,외현화 문제,9
학생197 ,-ObjS3R6ouAuOaxa1TtH,boy,1학년,외상 침습증상,0,심리외상 문제,9
학생197 ,-ObjS3R6ouAuOaxa1TtH,boy,1학년,외상 관련 악몽,0,심리외상 문제,9
학생197 ,-ObjS3R6ouAuOaxa1TtH,boy,1학년,외상 후 고립,0,심리외상 문제,9
학생197 ,-ObjS3R6ouAuOaxa1TtH,boy,1학년,외상 후 과각성,0,심리외상 문제,9
학생197 ,-ObjS3R6ouAuOaxa1TtH,boy,1학년,외상 회피행동,0,심리외상 문제,9
학생197 ,-ObjS3R6ouAuOaxa1TtH,boy,1학년,흡연 문제,0,외현화 문제,9
학생197 ,-ObjS3R6ouAuOaxa1TtH,boy,1학년,음주 문제,0,외현화 문제,9
학생197 ,-ObjS3R6ouAuOaxa1TtH,boy,1학년,적응력 저하,1,학교생활적응 문제,9
학생197 ,-ObjS3R6ouAuOaxa1TtH,boy,1학년,분리 불안,0,학교생활적응 문제,9
학생197 ,-ObjS3R6ouAuOaxa1TtH,boy,1학년,학습 어려움,1,학교생활적응 문제,9
학생197 ,-ObjS3R6ouAuOaxa1TtH,boy,1학년,재산 관련 비행,0,외현화 문제,9
학생197 ,-ObjS3R6ouAuOaxa1TtH,boy,1학년,게임 과몰입,0,외현화 문제,9
학생197 ,-ObjS3R6ouAuOaxa1TtH,boy,1학년,관계 형성 곤란,0,학교생활적응 문제,9
학생197 ,-ObjS3R6ouAuOaxa1TtH,boy,1학년,등교 거부,0,학교생활적응 문제,9
학생197 ,-ObjS3R6ouAuOaxa1TtH,boy,1학년,괴롭힘 피해,0,심리외상 문제,9
학생197 ,-ObjS3R6ouAuOaxa1TtH,boy,1학년,따돌림 피해,0,심리외상 문제,9
학생198 ,-ObjS3Siuklm5buxeIjc,boy,2학년,사회적 긴장,0,불안 및 우울 문제,7
학생198 ,-ObjS3Siuklm5buxeIjc,boy,2학년,감정 기복,1,불안 및 우울 문제,7
학생198 ,-ObjS3Siuklm5buxeIjc,boy,2학년,과도한 죄책감,0,불안 및 우울 문제,7
학생198 ,-ObjS3Siuklm5buxeIjc,boy,2학년,과민성/짜증,1,불안 및 우울 문제,7
학생198 ,-ObjS3Siuklm5buxeIjc,boy,2학년,낮은 자존감,1,학교생활적응 문제,7
학생198 ,-ObjS3Siuklm5buxeIjc,boy,2학년,무기력/피로,1,불안 및 우울 문제,7
학생198 ,-ObjS3Siuklm5buxeIjc,boy,2학년,예기 불안,0,불안 및 우울 문제,7
학생198 ,-ObjS3Siuklm5buxeIjc,boy,2학년,과도한 불안,0,불안 및 우울 문제,7
학생198 ,-ObjS3Siuklm5buxeIjc,boy,2학년,우울 증상,1,불안 및 우울 문제,7
학생198 ,-ObjS3Siuklm5buxeIjc,boy,2학년,수면 문제,0,학교생활적응 문제,7
학생198 ,-ObjS3Siuklm5buxeIjc,boy,2학년,자살 사고,0,자살 및 위기 문제,7
학생198 ,-ObjS3Siuklm5buxeIjc,boy,2학년,자해 행동,0,자살 및 위기 문제,7
학생198 ,-ObjS3Siuklm5buxeIjc,boy,2학년,자살 계획,0,자살 및 위기 문제,7
학생198 ,-ObjS3Siuklm5buxeIjc,boy,2학년,심각한 자살사고,0,자살 및 위기 문제,7
학생198 ,-ObjS3Siuklm5buxeIjc,boy,2학년,절망감,0,자살 및 위기 문제,7
학생198 ,-ObjS3Siuklm5buxeIjc,boy,2학년,자살 시도,0,자살 및 위기 문제,7
학생198 ,-ObjS3Siuklm5buxeIjc,boy,2학년,빈번한 거짓말,1,외현화 문제,7
학생198 ,-ObjS3Siuklm5buxeIjc,boy,2학년,또래 갈등,0,외현화 문제,7
학생198 ,-ObjS3Siuklm5buxeIjc,boy,2학년,반항 행동,0,외현화 문제,7
학생198 ,-ObjS3Siuklm5buxeIjc,boy,2학년,괴롭힘 가해,0,외현화 문제,7
학생198 ,-ObjS3Siuklm5buxeIjc,boy,2학년,외상 침습증상,0,심리외상 문제,7
학생198 ,-ObjS3Siuklm5buxeIjc,boy,2학년,외상 관련 악몽,0,심리외상 문제,7
학생198 ,-ObjS3Siuklm5buxeIjc,boy,2학년,외상 후 고립,0,심리외상 문제,7
학생198 ,-ObjS3Siuklm5buxeIjc,boy,2학년,외상 후 과각성,0,심리외상 문제,7
학생198 ,-ObjS3Siuklm5buxeIjc,boy,2학년,외상 회피행동,0,심리외상 문제,7
학생198 ,-ObjS3Siuklm5buxeIjc,boy,2학년,흡연 문제,0,외현화 문제,7
학생198 ,-ObjS3Siuklm5buxeIjc,boy,2학년,음주 문제,0,외현화 문제,7
학생198 ,-ObjS3Siuklm5buxeIjc,boy,2학년,적응력 저하,0,학교생활적응 문제,7
학생198 ,-ObjS3Siuklm5buxeIjc,boy,2학년,분리 불안,0,학교생활적응 문제,7
학생198 ,-ObjS3Siuklm5buxeIjc,boy,2학년,학습 어려움,0,학교생활적응 문제,7
학생198 ,-ObjS3Siuklm5buxeIjc,boy,2학년,재산 관련 비행,0,외현화 문제,7
학생198 ,-ObjS3Siuklm5buxeIjc,boy,2학년,게임 과몰입,1,외현화 문제,7
학생198 ,-ObjS3Siuklm5buxeIjc,boy,2학년,관계 형성 곤란,0,학교생활적응 문제,7
학생198 ,-ObjS3Siuklm5buxeIjc,boy,2학년,등교 거부,0,학교생활적응 문제,7
학생198 ,-ObjS3Siuklm5buxeIjc,boy,2학년,괴롭힘 피해,0,심리외상 문제,7
학생198 ,-ObjS3Siuklm5buxeIjc,boy,2학년,따돌림 피해,0,심리외상 문제,7
학생199 ,-ObjS3Tc6uStWMvdH2gM,boy,3학년,사회적 긴장,0,불안 및 우울 문제,12
학생199 ,-ObjS3Tc6uStWMvdH2gM,boy,3학년,감정 기복,1,불안 및 우울 문제,12
학생199 ,-ObjS3Tc6uStWMvdH2gM,boy,3학년,과도한 죄책감,1,불안 및 우울 문제,12
학생199 ,-ObjS3Tc6uStWMvdH2gM,boy,3학년,과민성/짜증,1,불안 및 우울 문제,12
학생199 ,-ObjS3Tc6uStWMvdH2gM,boy,3학년,낮은 자존감,1,학교생활적응 문제,12
학생199 ,-ObjS3Tc6uStWMvdH2gM,boy,3학년,무기력/피로,1,불안 및 우울 문제,12
학생199 ,-ObjS3Tc6uStWMvdH2gM,boy,3학년,예기 불안,0,불안 및 우울 문제,12
학생199 ,-ObjS3Tc6uStWMvdH2gM,boy,3학년,과도한 불안,1,불안 및 우울 문제,12
학생199 ,-ObjS3Tc6uStWMvdH2gM,boy,3학년,우울 증상,1,불안 및 우울 문제,12
학생199 ,-ObjS3Tc6uStWMvdH2gM,boy,3학년,수면 문제,0,학교생활적응 문제,12
학생199 ,-ObjS3Tc6uStWMvdH2gM,boy,3학년,자살 사고,0,자살 및 위기 문제,12
학생199 ,-ObjS3Tc6uStWMvdH2gM,boy,3학년,자해 행동,0,자살 및 위기 문제,12
학생199 ,-ObjS3Tc6uStWMvdH2gM,boy,3학년,자살 계획,0,자살 및 위기 문제,12
학생199 ,-ObjS3Tc6uStWMvdH2gM,boy,3학년,심각한 자살사고,0,자살 및 위기 문제,12
학생199 ,-ObjS3Tc6uStWMvdH2gM,boy,3학년,절망감,0,자살 및 위기 문제,12
학생199 ,-ObjS3Tc6uStWMvdH2gM,boy,3학년,자살 시도,0,자살 및 위기 문제,12
학생199 ,-ObjS3Tc6uStWMvdH2gM,boy,3학년,빈번한 거짓말,0,외현화 문제,12
학생199 ,-ObjS3Tc6uStWMvdH2gM,boy,3학년,또래 갈등,0,외현화 문제,12
학생199 ,-ObjS3Tc6uStWMvdH2gM,boy,3학년,반항 행동,0,외현화 문제,12
학생199 ,-ObjS3Tc6uStWMvdH2gM,boy,3학년,괴롭힘 가해,0,외현화 문제,12
학생199 ,-ObjS3Tc6uStWMvdH2gM,boy,3학년,외상 침습증상,1,심리외상 문제,12
학생199 ,-ObjS3Tc6uStWMvdH2gM,boy,3학년,외상 관련 악몽,0,심리외상 문제,12
학생199 ,-ObjS3Tc6uStWMvdH2gM,boy,3학년,외상 후 고립,0,심리외상 문제,12
학생199 ,-ObjS3Tc6uStWMvdH2gM,boy,3학년,외상 후 과각성,0,심리외상 문제,12
학생199 ,-ObjS3Tc6uStWMvdH2gM,boy,3학년,외상 회피행동,1,심리외상 문제,12
학생199 ,-ObjS3Tc6uStWMvdH2gM,boy,3학년,흡연 문제,0,외현화 문제,12
학생199 ,-ObjS3Tc6uStWMvdH2gM,boy,3학년,음주 문제,0,외현화 문제,12
학생199 ,-ObjS3Tc6uStWMvdH2gM,boy,3학년,적응력 저하,0,학교생활적응 문제,12
학생199 ,-ObjS3Tc6uStWMvdH2gM,boy,3학년,분리 불안,0,학교생활적응 문제,12
학생199 ,-ObjS3Tc6uStWMvdH2gM,boy,3학년,학습 어려움,0,학교생활적응 문제,12
학생199 ,-ObjS3Tc6uStWMvdH2gM,boy,3학년,재산 관련 비행,0,외현화 문제,12
학생199 ,-ObjS3Tc6uStWMvdH2gM,boy,3학년,게임 과몰입,2,외현화 문제,12
학생199 ,-ObjS3Tc6uStWMvdH2gM,boy,3학년,관계 형성 곤란,1,학교생활적응 문제,12
학생199 ,-ObjS3Tc6uStWMvdH2gM,boy,3학년,등교 거부,0,학교생활적응 문제,12
학생199 ,-ObjS3Tc6uStWMvdH2gM,boy,3학년,괴롭힘 피해,0,심리외상 문제,12
학생199 ,-ObjS3Tc6uStWMvdH2gM,boy,3학년,따돌림 피해,0,심리외상 문제,12
학생20 ,-ObjRP3bsX6T-2qgfogS,boy,2학년,사회적 긴장,1,불안 및 우울 문제,6
학생20 ,-ObjRP3bsX6T-2qgfogS,boy,2학년,감정 기복,0,불안 및 우울 문제,6
학생20 ,-ObjRP3bsX6T-2qgfogS,boy,2학년,과도한 죄책감,0,불안 및 우울 문제,6
학생20 ,-ObjRP3bsX6T-2qgfogS,boy,2학년,과민성/짜증,1,불안 및 우울 문제,6
학생20 ,-ObjRP3bsX6T-2qgfogS,boy,2학년,낮은 자존감,1,학교생활적응 문제,6
학생20 ,-ObjRP3bsX6T-2qgfogS,boy,2학년,무기력/피로,1,불안 및 우울 문제,6
학생20 ,-ObjRP3bsX6T-2qgfogS,boy,2학년,예기 불안,0,불안 및 우울 문제,6
학생20 ,-ObjRP3bsX6T-2qgfogS,boy,2학년,과도한 불안,0,불안 및 우울 문제,6
학생20 ,-ObjRP3bsX6T-2qgfogS,boy,2학년,우울 증상,0,불안 및 우울 문제,6
학생20 ,-ObjRP3bsX6T-2qgfogS,boy,2학년,수면 문제,0,학교생활적응 문제,6
학생20 ,-ObjRP3bsX6T-2qgfogS,boy,2학년,자살 사고,0,자살 및 위기 문제,6
학생20 ,-ObjRP3bsX6T-2qgfogS,boy,2학년,자해 행동,0,자살 및 위기 문제,6
학생20 ,-ObjRP3bsX6T-2qgfogS,boy,2학년,자살 계획,0,자살 및 위기 문제,6
학생20 ,-ObjRP3bsX6T-2qgfogS,boy,2학년,심각한 자살사고,0,자살 및 위기 문제,6
학생20 ,-ObjRP3bsX6T-2qgfogS,boy,2학년,절망감,0,자살 및 위기 문제,6
학생20 ,-ObjRP3bsX6T-2qgfogS,boy,2학년,자살 시도,0,자살 및 위기 문제,6
학생20 ,-ObjRP3bsX6T-2qgfogS,boy,2학년,빈번한 거짓말,0,외현화 문제,6
학생20 ,-ObjRP3bsX6T-2qgfogS,boy,2학년,또래 갈등,0,외현화 문제,6
학생20 ,-ObjRP3bsX6T-2qgfogS,boy,2학년,반항 행동,0,외현화 문제,6
학생20 ,-ObjRP3bsX6T-2qgfogS,boy,2학년,괴롭힘 가해,0,외현화 문제,6
학생20 ,-ObjRP3bsX6T-2qgfogS,boy,2학년,외상 침습증상,0,심리외상 문제,6
학생20 ,-ObjRP3bsX6T-2qgfogS,boy,2학년,외상 관련 악몽,0,심리외상 문제,6
학생20 ,-ObjRP3bsX6T-2qgfogS,boy,2학년,외상 후 고립,0,심리외상 문제,6
학생20 ,-ObjRP3bsX6T-2qgfogS,boy,2학년,외상 후 과각성,0,심리외상 문제,6
학생20 ,-ObjRP3bsX6T-2qgfogS,boy,2학년,외상 회피행동,0,심리외상 문제,6
학생20 ,-ObjRP3bsX6T-2qgfogS,boy,2학년,흡연 문제,0,외현화 문제,6
학생20 ,-ObjRP3bsX6T-2qgfogS,boy,2학년,음주 문제,0,외현화 문제,6
학생20 ,-ObjRP3bsX6T-2qgfogS,boy,2학년,적응력 저하,0,학교생활적응 문제,6
학생20 ,-ObjRP3bsX6T-2qgfogS,boy,2학년,분리 불안,0,학교생활적응 문제,6
학생20 ,-ObjRP3bsX6T-2qgfogS,boy,2학년,학습 어려움,2,학교생활적응 문제,6
학생20 ,-ObjRP3bsX6T-2qgfogS,boy,2학년,재산 관련 비행,0,외현화 문제,6
학생20 ,-ObjRP3bsX6T-2qgfogS,boy,2학년,게임 과몰입,0,외현화 문제,6
학생20 ,-ObjRP3bsX6T-2qgfogS,boy,2학년,관계 형성 곤란,0,학교생활적응 문제,6
학생20 ,-ObjRP3bsX6T-2qgfogS,boy,2학년,등교 거부,0,학교생활적응 문제,6
학생20 ,-ObjRP3bsX6T-2qgfogS,boy,2학년,괴롭힘 피해,0,심리외상 문제,6
학생20 ,-ObjRP3bsX6T-2qgfogS,boy,2학년,따돌림 피해,0,심리외상 문제,6
학생200 ,-ObjS3q5lu5Mc-N_7KVP,girl,2학년,사회적 긴장,1,불안 및 우울 문제,36
학생200 ,-ObjS3q5lu5Mc-N_7KVP,girl,2학년,감정 기복,2,불안 및 우울 문제,36
학생200 ,-ObjS3q5lu5Mc-N_7KVP,girl,2학년,과도한 죄책감,2,불안 및 우울 문제,36
학생200 ,-ObjS3q5lu5Mc-N_7KVP,girl,2학년,과민성/짜증,2,불안 및 우울 문제,36
학생200 ,-ObjS3q5lu5Mc-N_7KVP,girl,2학년,낮은 자존감,2,학교생활적응 문제,36
학생200 ,-ObjS3q5lu5Mc-N_7KVP,girl,2학년,무기력/피로,2,불안 및 우울 문제,36
학생200 ,-ObjS3q5lu5Mc-N_7KVP,girl,2학년,예기 불안,2,불안 및 우울 문제,36
학생200 ,-ObjS3q5lu5Mc-N_7KVP,girl,2학년,과도한 불안,2,불안 및 우울 문제,36
학생200 ,-ObjS3q5lu5Mc-N_7KVP,girl,2학년,우울 증상,2,불안 및 우울 문제,36
학생200 ,-ObjS3q5lu5Mc-N_7KVP,girl,2학년,수면 문제,2,학교생활적응 문제,36
학생200 ,-ObjS3q5lu5Mc-N_7KVP,girl,2학년,자살 사고,1,자살 및 위기 문제,36
학생200 ,-ObjS3q5lu5Mc-N_7KVP,girl,2학년,자해 행동,2,자살 및 위기 문제,36
학생200 ,-ObjS3q5lu5Mc-N_7KVP,girl,2학년,자살 계획,0,자살 및 위기 문제,36
학생200 ,-ObjS3q5lu5Mc-N_7KVP,girl,2학년,심각한 자살사고,0,자살 및 위기 문제,36
학생200 ,-ObjS3q5lu5Mc-N_7KVP,girl,2학년,절망감,2,자살 및 위기 문제,36
학생200 ,-ObjS3q5lu5Mc-N_7KVP,girl,2학년,자살 시도,0,자살 및 위기 문제,36
학생200 ,-ObjS3q5lu5Mc-N_7KVP,girl,2학년,빈번한 거짓말,1,외현화 문제,36
학생200 ,-ObjS3q5lu5Mc-N_7KVP,girl,2학년,또래 갈등,0,외현화 문제,36
학생200 ,-ObjS3q5lu5Mc-N_7KVP,girl,2학년,반항 행동,0,외현화 문제,36
학생200 ,-ObjS3q5lu5Mc-N_7KVP,girl,2학년,괴롭힘 가해,0,외현화 문제,36
학생200 ,-ObjS3q5lu5Mc-N_7KVP,girl,2학년,외상 침습증상,1,심리외상 문제,36
학생200 ,-ObjS3q5lu5Mc-N_7KVP,girl,2학년,외상 관련 악몽,1,심리외상 문제,36
학생200 ,-ObjS3q5lu5Mc-N_7KVP,girl,2학년,외상 후 고립,0,심리외상 문제,36
학생200 ,-ObjS3q5lu5Mc-N_7KVP,girl,2학년,외상 후 과각성,2,심리외상 문제,36
학생200 ,-ObjS3q5lu5Mc-N_7KVP,girl,2학년,외상 회피행동,1,심리외상 문제,36
학생200 ,-ObjS3q5lu5Mc-N_7KVP,girl,2학년,흡연 문제,0,외현화 문제,36
학생200 ,-ObjS3q5lu5Mc-N_7KVP,girl,2학년,음주 문제,0,외현화 문제,36
학생200 ,-ObjS3q5lu5Mc-N_7KVP,girl,2학년,적응력 저하,1,학교생활적응 문제,36
학생200 ,-ObjS3q5lu5Mc-N_7KVP,girl,2학년,분리 불안,0,학교생활적응 문제,36
학생200 ,-ObjS3q5lu5Mc-N_7KVP,girl,2학년,학습 어려움,2,학교생활적응 문제,36
학생200 ,-ObjS3q5lu5Mc-N_7KVP,girl,2학년,재산 관련 비행,0,외현화 문제,36
학생200 ,-ObjS3q5lu5Mc-N_7KVP,girl,2학년,게임 과몰입,0,외현화 문제,36
학생200 ,-ObjS3q5lu5Mc-N_7KVP,girl,2학년,관계 형성 곤란,2,학교생활적응 문제,36
학생200 ,-ObjS3q5lu5Mc-N_7KVP,girl,2학년,등교 거부,1,학교생활적응 문제,36
학생200 ,-ObjS3q5lu5Mc-N_7KVP,girl,2학년,괴롭힘 피해,0,심리외상 문제,36
학생200 ,-ObjS3q5lu5Mc-N_7KVP,girl,2학년,따돌림 피해,0,심리외상 문제,36
학생201 ,-ObjS3rwmregJKPpsxw8,girl,2학년,사회적 긴장,0,불안 및 우울 문제,10
학생201 ,-ObjS3rwmregJKPpsxw8,girl,2학년,감정 기복,1,불안 및 우울 문제,10
학생201 ,-ObjS3rwmregJKPpsxw8,girl,2학년,과도한 죄책감,0,불안 및 우울 문제,10
학생201 ,-ObjS3rwmregJKPpsxw8,girl,2학년,과민성/짜증,0,불안 및 우울 문제,10
학생201 ,-ObjS3rwmregJKPpsxw8,girl,2학년,낮은 자존감,2,학교생활적응 문제,10
학생201 ,-ObjS3rwmregJKPpsxw8,girl,2학년,무기력/피로,1,불안 및 우울 문제,10
학생201 ,-ObjS3rwmregJKPpsxw8,girl,2학년,예기 불안,1,불안 및 우울 문제,10
학생201 ,-ObjS3rwmregJKPpsxw8,girl,2학년,과도한 불안,1,불안 및 우울 문제,10
학생201 ,-ObjS3rwmregJKPpsxw8,girl,2학년,우울 증상,1,불안 및 우울 문제,10
학생201 ,-ObjS3rwmregJKPpsxw8,girl,2학년,수면 문제,0,학교생활적응 문제,10
학생201 ,-ObjS3rwmregJKPpsxw8,girl,2학년,자살 사고,0,자살 및 위기 문제,10
학생201 ,-ObjS3rwmregJKPpsxw8,girl,2학년,자해 행동,0,자살 및 위기 문제,10
학생201 ,-ObjS3rwmregJKPpsxw8,girl,2학년,자살 계획,0,자살 및 위기 문제,10
학생201 ,-ObjS3rwmregJKPpsxw8,girl,2학년,심각한 자살사고,0,자살 및 위기 문제,10
학생201 ,-ObjS3rwmregJKPpsxw8,girl,2학년,절망감,0,자살 및 위기 문제,10
학생201 ,-ObjS3rwmregJKPpsxw8,girl,2학년,자살 시도,0,자살 및 위기 문제,10
학생201 ,-ObjS3rwmregJKPpsxw8,girl,2학년,빈번한 거짓말,1,외현화 문제,10
학생201 ,-ObjS3rwmregJKPpsxw8,girl,2학년,또래 갈등,0,외현화 문제,10
학생201 ,-ObjS3rwmregJKPpsxw8,girl,2학년,반항 행동,0,외현화 문제,10
학생201 ,-ObjS3rwmregJKPpsxw8,girl,2학년,괴롭힘 가해,0,외현화 문제,10
학생201 ,-ObjS3rwmregJKPpsxw8,girl,2학년,외상 침습증상,0,심리외상 문제,10
학생201 ,-ObjS3rwmregJKPpsxw8,girl,2학년,외상 관련 악몽,0,심리외상 문제,10
학생201 ,-ObjS3rwmregJKPpsxw8,girl,2학년,외상 후 고립,0,심리외상 문제,10
학생201 ,-ObjS3rwmregJKPpsxw8,girl,2학년,외상 후 과각성,0,심리외상 문제,10
학생201 ,-ObjS3rwmregJKPpsxw8,girl,2학년,외상 회피행동,0,심리외상 문제,10
학생201 ,-ObjS3rwmregJKPpsxw8,girl,2학년,흡연 문제,0,외현화 문제,10
학생201 ,-ObjS3rwmregJKPpsxw8,girl,2학년,음주 문제,0,외현화 문제,10
학생201 ,-ObjS3rwmregJKPpsxw8,girl,2학년,적응력 저하,1,학교생활적응 문제,10
학생201 ,-ObjS3rwmregJKPpsxw8,girl,2학년,분리 불안,0,학교생활적응 문제,10
학생201 ,-ObjS3rwmregJKPpsxw8,girl,2학년,학습 어려움,1,학교생활적응 문제,10
학생201 ,-ObjS3rwmregJKPpsxw8,girl,2학년,재산 관련 비행,0,외현화 문제,10
학생201 ,-ObjS3rwmregJKPpsxw8,girl,2학년,게임 과몰입,0,외현화 문제,10
학생201 ,-ObjS3rwmregJKPpsxw8,girl,2학년,관계 형성 곤란,0,학교생활적응 문제,10
학생201 ,-ObjS3rwmregJKPpsxw8,girl,2학년,등교 거부,0,학교생활적응 문제,10
학생201 ,-ObjS3rwmregJKPpsxw8,girl,2학년,괴롭힘 피해,0,심리외상 문제,10
학생201 ,-ObjS3rwmregJKPpsxw8,girl,2학년,따돌림 피해,0,심리외상 문제,10
학생202 ,-ObjS3t2YcdQFLGNw16F,boy,1학년,사회적 긴장,0,불안 및 우울 문제,0
학생202 ,-ObjS3t2YcdQFLGNw16F,boy,1학년,감정 기복,0,불안 및 우울 문제,0
학생202 ,-ObjS3t2YcdQFLGNw16F,boy,1학년,과도한 죄책감,0,불안 및 우울 문제,0
학생202 ,-ObjS3t2YcdQFLGNw16F,boy,1학년,과민성/짜증,0,불안 및 우울 문제,0
학생202 ,-ObjS3t2YcdQFLGNw16F,boy,1학년,낮은 자존감,0,학교생활적응 문제,0
학생202 ,-ObjS3t2YcdQFLGNw16F,boy,1학년,무기력/피로,0,불안 및 우울 문제,0
학생202 ,-ObjS3t2YcdQFLGNw16F,boy,1학년,예기 불안,0,불안 및 우울 문제,0
학생202 ,-ObjS3t2YcdQFLGNw16F,boy,1학년,과도한 불안,0,불안 및 우울 문제,0
학생202 ,-ObjS3t2YcdQFLGNw16F,boy,1학년,우울 증상,0,불안 및 우울 문제,0
학생202 ,-ObjS3t2YcdQFLGNw16F,boy,1학년,수면 문제,0,학교생활적응 문제,0
학생202 ,-ObjS3t2YcdQFLGNw16F,boy,1학년,자살 사고,0,자살 및 위기 문제,0
학생202 ,-ObjS3t2YcdQFLGNw16F,boy,1학년,자해 행동,0,자살 및 위기 문제,0
학생202 ,-ObjS3t2YcdQFLGNw16F,boy,1학년,자살 계획,0,자살 및 위기 문제,0
학생202 ,-ObjS3t2YcdQFLGNw16F,boy,1학년,심각한 자살사고,0,자살 및 위기 문제,0
학생202 ,-ObjS3t2YcdQFLGNw16F,boy,1학년,절망감,0,자살 및 위기 문제,0
학생202 ,-ObjS3t2YcdQFLGNw16F,boy,1학년,자살 시도,0,자살 및 위기 문제,0
학생202 ,-ObjS3t2YcdQFLGNw16F,boy,1학년,빈번한 거짓말,0,외현화 문제,0
학생202 ,-ObjS3t2YcdQFLGNw16F,boy,1학년,또래 갈등,0,외현화 문제,0
학생202 ,-ObjS3t2YcdQFLGNw16F,boy,1학년,반항 행동,0,외현화 문제,0
학생202 ,-ObjS3t2YcdQFLGNw16F,boy,1학년,괴롭힘 가해,0,외현화 문제,0
학생202 ,-ObjS3t2YcdQFLGNw16F,boy,1학년,외상 침습증상,0,심리외상 문제,0
학생202 ,-ObjS3t2YcdQFLGNw16F,boy,1학년,외상 관련 악몽,0,심리외상 문제,0
학생202 ,-ObjS3t2YcdQFLGNw16F,boy,1학년,외상 후 고립,0,심리외상 문제,0
학생202 ,-ObjS3t2YcdQFLGNw16F,boy,1학년,외상 후 과각성,0,심리외상 문제,0
학생202 ,-ObjS3t2YcdQFLGNw16F,boy,1학년,외상 회피행동,0,심리외상 문제,0
학생202 ,-ObjS3t2YcdQFLGNw16F,boy,1학년,흡연 문제,0,외현화 문제,0
학생202 ,-ObjS3t2YcdQFLGNw16F,boy,1학년,음주 문제,0,외현화 문제,0
학생202 ,-ObjS3t2YcdQFLGNw16F,boy,1학년,적응력 저하,0,학교생활적응 문제,0
학생202 ,-ObjS3t2YcdQFLGNw16F,boy,1학년,분리 불안,0,학교생활적응 문제,0
학생202 ,-ObjS3t2YcdQFLGNw16F,boy,1학년,학습 어려움,0,학교생활적응 문제,0
학생202 ,-ObjS3t2YcdQFLGNw16F,boy,1학년,재산 관련 비행,0,외현화 문제,0
학생202 ,-ObjS3t2YcdQFLGNw16F,boy,1학년,게임 과몰입,0,외현화 문제,0
학생202 ,-ObjS3t2YcdQFLGNw16F,boy,1학년,관계 형성 곤란,0,학교생활적응 문제,0
학생202 ,-ObjS3t2YcdQFLGNw16F,boy,1학년,등교 거부,0,학교생활적응 문제,0
학생202 ,-ObjS3t2YcdQFLGNw16F,boy,1학년,괴롭힘 피해,0,심리외상 문제,0
학생202 ,-ObjS3t2YcdQFLGNw16F,boy,1학년,따돌림 피해,0,심리외상 문제,0
학생203 ,-ObjS48xy1B4OczxW-jM,boy,2학년,사회적 긴장,0,불안 및 우울 문제,16
학생203 ,-ObjS48xy1B4OczxW-jM,boy,2학년,감정 기복,1,불안 및 우울 문제,16
학생203 ,-ObjS48xy1B4OczxW-jM,boy,2학년,과도한 죄책감,0,불안 및 우울 문제,16
학생203 ,-ObjS48xy1B4OczxW-jM,boy,2학년,과민성/짜증,1,불안 및 우울 문제,16
학생203 ,-ObjS48xy1B4OczxW-jM,boy,2학년,낮은 자존감,0,학교생활적응 문제,16
학생203 ,-ObjS48xy1B4OczxW-jM,boy,2학년,무기력/피로,2,불안 및 우울 문제,16
학생203 ,-ObjS48xy1B4OczxW-jM,boy,2학년,예기 불안,2,불안 및 우울 문제,16
학생203 ,-ObjS48xy1B4OczxW-jM,boy,2학년,과도한 불안,1,불안 및 우울 문제,16
학생203 ,-ObjS48xy1B4OczxW-jM,boy,2학년,우울 증상,2,불안 및 우울 문제,16
학생203 ,-ObjS48xy1B4OczxW-jM,boy,2학년,수면 문제,0,학교생활적응 문제,16
학생203 ,-ObjS48xy1B4OczxW-jM,boy,2학년,자살 사고,1,자살 및 위기 문제,16
학생203 ,-ObjS48xy1B4OczxW-jM,boy,2학년,자해 행동,0,자살 및 위기 문제,16
학생203 ,-ObjS48xy1B4OczxW-jM,boy,2학년,자살 계획,0,자살 및 위기 문제,16
학생203 ,-ObjS48xy1B4OczxW-jM,boy,2학년,심각한 자살사고,0,자살 및 위기 문제,16
학생203 ,-ObjS48xy1B4OczxW-jM,boy,2학년,절망감,1,자살 및 위기 문제,16
학생203 ,-ObjS48xy1B4OczxW-jM,boy,2학년,자살 시도,0,자살 및 위기 문제,16
학생203 ,-ObjS48xy1B4OczxW-jM,boy,2학년,빈번한 거짓말,0,외현화 문제,16
학생203 ,-ObjS48xy1B4OczxW-jM,boy,2학년,또래 갈등,0,외현화 문제,16
학생203 ,-ObjS48xy1B4OczxW-jM,boy,2학년,반항 행동,0,외현화 문제,16
학생203 ,-ObjS48xy1B4OczxW-jM,boy,2학년,괴롭힘 가해,0,외현화 문제,16
학생203 ,-ObjS48xy1B4OczxW-jM,boy,2학년,외상 침습증상,0,심리외상 문제,16
학생203 ,-ObjS48xy1B4OczxW-jM,boy,2학년,외상 관련 악몽,0,심리외상 문제,16
학생203 ,-ObjS48xy1B4OczxW-jM,boy,2학년,외상 후 고립,0,심리외상 문제,16
학생203 ,-ObjS48xy1B4OczxW-jM,boy,2학년,외상 후 과각성,0,심리외상 문제,16
학생203 ,-ObjS48xy1B4OczxW-jM,boy,2학년,외상 회피행동,0,심리외상 문제,16
학생203 ,-ObjS48xy1B4OczxW-jM,boy,2학년,흡연 문제,0,외현화 문제,16
학생203 ,-ObjS48xy1B4OczxW-jM,boy,2학년,음주 문제,0,외현화 문제,16
학생203 ,-ObjS48xy1B4OczxW-jM,boy,2학년,적응력 저하,0,학교생활적응 문제,16
학생203 ,-ObjS48xy1B4OczxW-jM,boy,2학년,분리 불안,0,학교생활적응 문제,16
학생203 ,-ObjS48xy1B4OczxW-jM,boy,2학년,학습 어려움,3,학교생활적응 문제,16
학생203 ,-ObjS48xy1B4OczxW-jM,boy,2학년,재산 관련 비행,0,외현화 문제,16
학생203 ,-ObjS48xy1B4OczxW-jM,boy,2학년,게임 과몰입,1,외현화 문제,16
학생203 ,-ObjS48xy1B4OczxW-jM,boy,2학년,관계 형성 곤란,0,학교생활적응 문제,16
학생203 ,-ObjS48xy1B4OczxW-jM,boy,2학년,등교 거부,1,학교생활적응 문제,16
학생203 ,-ObjS48xy1B4OczxW-jM,boy,2학년,괴롭힘 피해,0,심리외상 문제,16
학생203 ,-ObjS48xy1B4OczxW-jM,boy,2학년,따돌림 피해,0,심리외상 문제,16
학생204 ,-ObjS4uaHEjLVAHD79Fw,girl,2학년,사회적 긴장,1,불안 및 우울 문제,12
학생204 ,-ObjS4uaHEjLVAHD79Fw,girl,2학년,감정 기복,1,불안 및 우울 문제,12
학생204 ,-ObjS4uaHEjLVAHD79Fw,girl,2학년,과도한 죄책감,2,불안 및 우울 문제,12
학생204 ,-ObjS4uaHEjLVAHD79Fw,girl,2학년,과민성/짜증,0,불안 및 우울 문제,12
학생204 ,-ObjS4uaHEjLVAHD79Fw,girl,2학년,낮은 자존감,1,학교생활적응 문제,12
학생204 ,-ObjS4uaHEjLVAHD79Fw,girl,2학년,무기력/피로,1,불안 및 우울 문제,12
학생204 ,-ObjS4uaHEjLVAHD79Fw,girl,2학년,예기 불안,0,불안 및 우울 문제,12
학생204 ,-ObjS4uaHEjLVAHD79Fw,girl,2학년,과도한 불안,0,불안 및 우울 문제,12
학생204 ,-ObjS4uaHEjLVAHD79Fw,girl,2학년,우울 증상,0,불안 및 우울 문제,12
학생204 ,-ObjS4uaHEjLVAHD79Fw,girl,2학년,수면 문제,2,학교생활적응 문제,12
학생204 ,-ObjS4uaHEjLVAHD79Fw,girl,2학년,자살 사고,0,자살 및 위기 문제,12
학생204 ,-ObjS4uaHEjLVAHD79Fw,girl,2학년,자해 행동,1,자살 및 위기 문제,12
학생204 ,-ObjS4uaHEjLVAHD79Fw,girl,2학년,자살 계획,0,자살 및 위기 문제,12
학생204 ,-ObjS4uaHEjLVAHD79Fw,girl,2학년,심각한 자살사고,0,자살 및 위기 문제,12
학생204 ,-ObjS4uaHEjLVAHD79Fw,girl,2학년,절망감,0,자살 및 위기 문제,12
학생204 ,-ObjS4uaHEjLVAHD79Fw,girl,2학년,자살 시도,0,자살 및 위기 문제,12
학생204 ,-ObjS4uaHEjLVAHD79Fw,girl,2학년,빈번한 거짓말,1,외현화 문제,12
학생204 ,-ObjS4uaHEjLVAHD79Fw,girl,2학년,또래 갈등,0,외현화 문제,12
학생204 ,-ObjS4uaHEjLVAHD79Fw,girl,2학년,반항 행동,0,외현화 문제,12
학생204 ,-ObjS4uaHEjLVAHD79Fw,girl,2학년,괴롭힘 가해,0,외현화 문제,12
학생204 ,-ObjS4uaHEjLVAHD79Fw,girl,2학년,외상 침습증상,0,심리외상 문제,12
학생204 ,-ObjS4uaHEjLVAHD79Fw,girl,2학년,외상 관련 악몽,0,심리외상 문제,12
학생204 ,-ObjS4uaHEjLVAHD79Fw,girl,2학년,외상 후 고립,0,심리외상 문제,12
학생204 ,-ObjS4uaHEjLVAHD79Fw,girl,2학년,외상 후 과각성,0,심리외상 문제,12
학생204 ,-ObjS4uaHEjLVAHD79Fw,girl,2학년,외상 회피행동,0,심리외상 문제,12
학생204 ,-ObjS4uaHEjLVAHD79Fw,girl,2학년,흡연 문제,0,외현화 문제,12
학생204 ,-ObjS4uaHEjLVAHD79Fw,girl,2학년,음주 문제,0,외현화 문제,12
학생204 ,-ObjS4uaHEjLVAHD79Fw,girl,2학년,적응력 저하,0,학교생활적응 문제,12
학생204 ,-ObjS4uaHEjLVAHD79Fw,girl,2학년,분리 불안,0,학교생활적응 문제,12
학생204 ,-ObjS4uaHEjLVAHD79Fw,girl,2학년,학습 어려움,0,학교생활적응 문제,12
학생204 ,-ObjS4uaHEjLVAHD79Fw,girl,2학년,재산 관련 비행,0,외현화 문제,12
학생204 ,-ObjS4uaHEjLVAHD79Fw,girl,2학년,게임 과몰입,0,외현화 문제,12
학생204 ,-ObjS4uaHEjLVAHD79Fw,girl,2학년,관계 형성 곤란,2,학교생활적응 문제,12
학생204 ,-ObjS4uaHEjLVAHD79Fw,girl,2학년,등교 거부,0,학교생활적응 문제,12
학생204 ,-ObjS4uaHEjLVAHD79Fw,girl,2학년,괴롭힘 피해,0,심리외상 문제,12
학생204 ,-ObjS4uaHEjLVAHD79Fw,girl,2학년,따돌림 피해,0,심리외상 문제,12
학생205 ,-ObjS5LmiErhGfFOxAds,girl,2학년,사회적 긴장,1,불안 및 우울 문제,9
학생205 ,-ObjS5LmiErhGfFOxAds,girl,2학년,감정 기복,1,불안 및 우울 문제,9
학생205 ,-ObjS5LmiErhGfFOxAds,girl,2학년,과도한 죄책감,0,불안 및 우울 문제,9
학생205 ,-ObjS5LmiErhGfFOxAds,girl,2학년,과민성/짜증,1,불안 및 우울 문제,9
학생205 ,-ObjS5LmiErhGfFOxAds,girl,2학년,낮은 자존감,1,학교생활적응 문제,9
학생205 ,-ObjS5LmiErhGfFOxAds,girl,2학년,무기력/피로,1,불안 및 우울 문제,9
학생205 ,-ObjS5LmiErhGfFOxAds,girl,2학년,예기 불안,1,불안 및 우울 문제,9
학생205 ,-ObjS5LmiErhGfFOxAds,girl,2학년,과도한 불안,1,불안 및 우울 문제,9
학생205 ,-ObjS5LmiErhGfFOxAds,girl,2학년,우울 증상,0,불안 및 우울 문제,9
학생205 ,-ObjS5LmiErhGfFOxAds,girl,2학년,수면 문제,1,학교생활적응 문제,9
학생205 ,-ObjS5LmiErhGfFOxAds,girl,2학년,자살 사고,1,자살 및 위기 문제,9
학생205 ,-ObjS5LmiErhGfFOxAds,girl,2학년,자해 행동,0,자살 및 위기 문제,9
학생205 ,-ObjS5LmiErhGfFOxAds,girl,2학년,자살 계획,0,자살 및 위기 문제,9
학생205 ,-ObjS5LmiErhGfFOxAds,girl,2학년,심각한 자살사고,0,자살 및 위기 문제,9
학생205 ,-ObjS5LmiErhGfFOxAds,girl,2학년,절망감,0,자살 및 위기 문제,9
학생205 ,-ObjS5LmiErhGfFOxAds,girl,2학년,자살 시도,0,자살 및 위기 문제,9
학생205 ,-ObjS5LmiErhGfFOxAds,girl,2학년,빈번한 거짓말,0,외현화 문제,9
학생205 ,-ObjS5LmiErhGfFOxAds,girl,2학년,또래 갈등,0,외현화 문제,9
학생205 ,-ObjS5LmiErhGfFOxAds,girl,2학년,반항 행동,0,외현화 문제,9
학생205 ,-ObjS5LmiErhGfFOxAds,girl,2학년,괴롭힘 가해,0,외현화 문제,9
학생205 ,-ObjS5LmiErhGfFOxAds,girl,2학년,외상 침습증상,0,심리외상 문제,9
학생205 ,-ObjS5LmiErhGfFOxAds,girl,2학년,외상 관련 악몽,0,심리외상 문제,9
학생205 ,-ObjS5LmiErhGfFOxAds,girl,2학년,외상 후 고립,0,심리외상 문제,9
학생205 ,-ObjS5LmiErhGfFOxAds,girl,2학년,외상 후 과각성,0,심리외상 문제,9
학생205 ,-ObjS5LmiErhGfFOxAds,girl,2학년,외상 회피행동,0,심리외상 문제,9
학생205 ,-ObjS5LmiErhGfFOxAds,girl,2학년,흡연 문제,0,외현화 문제,9
학생205 ,-ObjS5LmiErhGfFOxAds,girl,2학년,음주 문제,0,외현화 문제,9
학생205 ,-ObjS5LmiErhGfFOxAds,girl,2학년,적응력 저하,0,학교생활적응 문제,9
학생205 ,-ObjS5LmiErhGfFOxAds,girl,2학년,분리 불안,0,학교생활적응 문제,9
학생205 ,-ObjS5LmiErhGfFOxAds,girl,2학년,학습 어려움,0,학교생활적응 문제,9
학생205 ,-ObjS5LmiErhGfFOxAds,girl,2학년,재산 관련 비행,0,외현화 문제,9
학생205 ,-ObjS5LmiErhGfFOxAds,girl,2학년,게임 과몰입,0,외현화 문제,9
학생205 ,-ObjS5LmiErhGfFOxAds,girl,2학년,관계 형성 곤란,0,학교생활적응 문제,9
학생205 ,-ObjS5LmiErhGfFOxAds,girl,2학년,등교 거부,0,학교생활적응 문제,9
학생205 ,-ObjS5LmiErhGfFOxAds,girl,2학년,괴롭힘 피해,0,심리외상 문제,9
학생205 ,-ObjS5LmiErhGfFOxAds,girl,2학년,따돌림 피해,0,심리외상 문제,9
학생206 ,-ObjS5VswHsG3QsELpCv,boy,2학년,사회적 긴장,0,불안 및 우울 문제,19
학생206 ,-ObjS5VswHsG3QsELpCv,boy,2학년,감정 기복,1,불안 및 우울 문제,19
학생206 ,-ObjS5VswHsG3QsELpCv,boy,2학년,과도한 죄책감,1,불안 및 우울 문제,19
학생206 ,-ObjS5VswHsG3QsELpCv,boy,2학년,과민성/짜증,1,불안 및 우울 문제,19
학생206 ,-ObjS5VswHsG3QsELpCv,boy,2학년,낮은 자존감,1,학교생활적응 문제,19
학생206 ,-ObjS5VswHsG3QsELpCv,boy,2학년,무기력/피로,2,불안 및 우울 문제,19
학생206 ,-ObjS5VswHsG3QsELpCv,boy,2학년,예기 불안,3,불안 및 우울 문제,19
학생206 ,-ObjS5VswHsG3QsELpCv,boy,2학년,과도한 불안,1,불안 및 우울 문제,19
학생206 ,-ObjS5VswHsG3QsELpCv,boy,2학년,우울 증상,1,불안 및 우울 문제,19
학생206 ,-ObjS5VswHsG3QsELpCv,boy,2학년,수면 문제,2,학교생활적응 문제,19
학생206 ,-ObjS5VswHsG3QsELpCv,boy,2학년,자살 사고,0,자살 및 위기 문제,19
학생206 ,-ObjS5VswHsG3QsELpCv,boy,2학년,자해 행동,0,자살 및 위기 문제,19
학생206 ,-ObjS5VswHsG3QsELpCv,boy,2학년,자살 계획,0,자살 및 위기 문제,19
학생206 ,-ObjS5VswHsG3QsELpCv,boy,2학년,심각한 자살사고,0,자살 및 위기 문제,19
학생206 ,-ObjS5VswHsG3QsELpCv,boy,2학년,절망감,0,자살 및 위기 문제,19
학생206 ,-ObjS5VswHsG3QsELpCv,boy,2학년,자살 시도,0,자살 및 위기 문제,19
학생206 ,-ObjS5VswHsG3QsELpCv,boy,2학년,빈번한 거짓말,0,외현화 문제,19
학생206 ,-ObjS5VswHsG3QsELpCv,boy,2학년,또래 갈등,1,외현화 문제,19
학생206 ,-ObjS5VswHsG3QsELpCv,boy,2학년,반항 행동,1,외현화 문제,19
학생206 ,-ObjS5VswHsG3QsELpCv,boy,2학년,괴롭힘 가해,1,외현화 문제,19
학생206 ,-ObjS5VswHsG3QsELpCv,boy,2학년,외상 침습증상,0,심리외상 문제,19
학생206 ,-ObjS5VswHsG3QsELpCv,boy,2학년,외상 관련 악몽,0,심리외상 문제,19
학생206 ,-ObjS5VswHsG3QsELpCv,boy,2학년,외상 후 고립,0,심리외상 문제,19
학생206 ,-ObjS5VswHsG3QsELpCv,boy,2학년,외상 후 과각성,0,심리외상 문제,19
학생206 ,-ObjS5VswHsG3QsELpCv,boy,2학년,외상 회피행동,0,심리외상 문제,19
학생206 ,-ObjS5VswHsG3QsELpCv,boy,2학년,흡연 문제,0,외현화 문제,19
학생206 ,-ObjS5VswHsG3QsELpCv,boy,2학년,음주 문제,0,외현화 문제,19
학생206 ,-ObjS5VswHsG3QsELpCv,boy,2학년,적응력 저하,0,학교생활적응 문제,19
학생206 ,-ObjS5VswHsG3QsELpCv,boy,2학년,분리 불안,0,학교생활적응 문제,19
학생206 ,-ObjS5VswHsG3QsELpCv,boy,2학년,학습 어려움,0,학교생활적응 문제,19
학생206 ,-ObjS5VswHsG3QsELpCv,boy,2학년,재산 관련 비행,0,외현화 문제,19
학생206 ,-ObjS5VswHsG3QsELpCv,boy,2학년,게임 과몰입,0,외현화 문제,19
학생206 ,-ObjS5VswHsG3QsELpCv,boy,2학년,관계 형성 곤란,1,학교생활적응 문제,19
학생206 ,-ObjS5VswHsG3QsELpCv,boy,2학년,등교 거부,0,학교생활적응 문제,19
학생206 ,-ObjS5VswHsG3QsELpCv,boy,2학년,괴롭힘 피해,1,심리외상 문제,19
학생206 ,-ObjS5VswHsG3QsELpCv,boy,2학년,따돌림 피해,1,심리외상 문제,19
학생207 ,-ObjS6CbNqMYEgGUS0Nu,boy,2학년,사회적 긴장,2,불안 및 우울 문제,19
학생207 ,-ObjS6CbNqMYEgGUS0Nu,boy,2학년,감정 기복,1,불안 및 우울 문제,19
학생207 ,-ObjS6CbNqMYEgGUS0Nu,boy,2학년,과도한 죄책감,0,불안 및 우울 문제,19
학생207 ,-ObjS6CbNqMYEgGUS0Nu,boy,2학년,과민성/짜증,1,불안 및 우울 문제,19
학생207 ,-ObjS6CbNqMYEgGUS0Nu,boy,2학년,낮은 자존감,1,학교생활적응 문제,19
학생207 ,-ObjS6CbNqMYEgGUS0Nu,boy,2학년,무기력/피로,1,불안 및 우울 문제,19
학생207 ,-ObjS6CbNqMYEgGUS0Nu,boy,2학년,예기 불안,1,불안 및 우울 문제,19
학생207 ,-ObjS6CbNqMYEgGUS0Nu,boy,2학년,과도한 불안,0,불안 및 우울 문제,19
학생207 ,-ObjS6CbNqMYEgGUS0Nu,boy,2학년,우울 증상,0,불안 및 우울 문제,19
학생207 ,-ObjS6CbNqMYEgGUS0Nu,boy,2학년,수면 문제,0,학교생활적응 문제,19
학생207 ,-ObjS6CbNqMYEgGUS0Nu,boy,2학년,자살 사고,1,자살 및 위기 문제,19
학생207 ,-ObjS6CbNqMYEgGUS0Nu,boy,2학년,자해 행동,2,자살 및 위기 문제,19
학생207 ,-ObjS6CbNqMYEgGUS0Nu,boy,2학년,자살 계획,1,자살 및 위기 문제,19
학생207 ,-ObjS6CbNqMYEgGUS0Nu,boy,2학년,심각한 자살사고,0,자살 및 위기 문제,19
학생207 ,-ObjS6CbNqMYEgGUS0Nu,boy,2학년,절망감,0,자살 및 위기 문제,19
학생207 ,-ObjS6CbNqMYEgGUS0Nu,boy,2학년,자살 시도,0,자살 및 위기 문제,19
학생207 ,-ObjS6CbNqMYEgGUS0Nu,boy,2학년,빈번한 거짓말,1,외현화 문제,19
학생207 ,-ObjS6CbNqMYEgGUS0Nu,boy,2학년,또래 갈등,0,외현화 문제,19
학생207 ,-ObjS6CbNqMYEgGUS0Nu,boy,2학년,반항 행동,0,외현화 문제,19
학생207 ,-ObjS6CbNqMYEgGUS0Nu,boy,2학년,괴롭힘 가해,0,외현화 문제,19
학생207 ,-ObjS6CbNqMYEgGUS0Nu,boy,2학년,외상 침습증상,0,심리외상 문제,19
학생207 ,-ObjS6CbNqMYEgGUS0Nu,boy,2학년,외상 관련 악몽,0,심리외상 문제,19
학생207 ,-ObjS6CbNqMYEgGUS0Nu,boy,2학년,외상 후 고립,0,심리외상 문제,19
학생207 ,-ObjS6CbNqMYEgGUS0Nu,boy,2학년,외상 후 과각성,0,심리외상 문제,19
학생207 ,-ObjS6CbNqMYEgGUS0Nu,boy,2학년,외상 회피행동,0,심리외상 문제,19
학생207 ,-ObjS6CbNqMYEgGUS0Nu,boy,2학년,흡연 문제,0,외현화 문제,19
학생207 ,-ObjS6CbNqMYEgGUS0Nu,boy,2학년,음주 문제,0,외현화 문제,19
학생207 ,-ObjS6CbNqMYEgGUS0Nu,boy,2학년,적응력 저하,1,학교생활적응 문제,19
학생207 ,-ObjS6CbNqMYEgGUS0Nu,boy,2학년,분리 불안,0,학교생활적응 문제,19
학생207 ,-ObjS6CbNqMYEgGUS0Nu,boy,2학년,학습 어려움,3,학교생활적응 문제,19
학생207 ,-ObjS6CbNqMYEgGUS0Nu,boy,2학년,재산 관련 비행,0,외현화 문제,19
학생207 ,-ObjS6CbNqMYEgGUS0Nu,boy,2학년,게임 과몰입,1,외현화 문제,19
학생207 ,-ObjS6CbNqMYEgGUS0Nu,boy,2학년,관계 형성 곤란,0,학교생활적응 문제,19
학생207 ,-ObjS6CbNqMYEgGUS0Nu,boy,2학년,등교 거부,2,학교생활적응 문제,19
학생207 ,-ObjS6CbNqMYEgGUS0Nu,boy,2학년,괴롭힘 피해,0,심리외상 문제,19
학생207 ,-ObjS6CbNqMYEgGUS0Nu,boy,2학년,따돌림 피해,0,심리외상 문제,19
학생208 ,-ObjS6mfAvBSSeaoHTi9,boy,2학년,사회적 긴장,0,불안 및 우울 문제,7
학생208 ,-ObjS6mfAvBSSeaoHTi9,boy,2학년,감정 기복,1,불안 및 우울 문제,7
학생208 ,-ObjS6mfAvBSSeaoHTi9,boy,2학년,과도한 죄책감,1,불안 및 우울 문제,7
학생208 ,-ObjS6mfAvBSSeaoHTi9,boy,2학년,과민성/짜증,0,불안 및 우울 문제,7
학생208 ,-ObjS6mfAvBSSeaoHTi9,boy,2학년,낮은 자존감,0,학교생활적응 문제,7
학생208 ,-ObjS6mfAvBSSeaoHTi9,boy,2학년,무기력/피로,0,불안 및 우울 문제,7
학생208 ,-ObjS6mfAvBSSeaoHTi9,boy,2학년,예기 불안,1,불안 및 우울 문제,7
학생208 ,-ObjS6mfAvBSSeaoHTi9,boy,2학년,과도한 불안,1,불안 및 우울 문제,7
학생208 ,-ObjS6mfAvBSSeaoHTi9,boy,2학년,우울 증상,0,불안 및 우울 문제,7
학생208 ,-ObjS6mfAvBSSeaoHTi9,boy,2학년,수면 문제,0,학교생활적응 문제,7
학생208 ,-ObjS6mfAvBSSeaoHTi9,boy,2학년,자살 사고,0,자살 및 위기 문제,7
학생208 ,-ObjS6mfAvBSSeaoHTi9,boy,2학년,자해 행동,0,자살 및 위기 문제,7
학생208 ,-ObjS6mfAvBSSeaoHTi9,boy,2학년,자살 계획,0,자살 및 위기 문제,7
학생208 ,-ObjS6mfAvBSSeaoHTi9,boy,2학년,심각한 자살사고,0,자살 및 위기 문제,7
학생208 ,-ObjS6mfAvBSSeaoHTi9,boy,2학년,절망감,0,자살 및 위기 문제,7
학생208 ,-ObjS6mfAvBSSeaoHTi9,boy,2학년,자살 시도,0,자살 및 위기 문제,7
학생208 ,-ObjS6mfAvBSSeaoHTi9,boy,2학년,빈번한 거짓말,0,외현화 문제,7
학생208 ,-ObjS6mfAvBSSeaoHTi9,boy,2학년,또래 갈등,1,외현화 문제,7
학생208 ,-ObjS6mfAvBSSeaoHTi9,boy,2학년,반항 행동,0,외현화 문제,7
학생208 ,-ObjS6mfAvBSSeaoHTi9,boy,2학년,괴롭힘 가해,0,외현화 문제,7
학생208 ,-ObjS6mfAvBSSeaoHTi9,boy,2학년,외상 침습증상,0,심리외상 문제,7
학생208 ,-ObjS6mfAvBSSeaoHTi9,boy,2학년,외상 관련 악몽,0,심리외상 문제,7
학생208 ,-ObjS6mfAvBSSeaoHTi9,boy,2학년,외상 후 고립,0,심리외상 문제,7
학생208 ,-ObjS6mfAvBSSeaoHTi9,boy,2학년,외상 후 과각성,1,심리외상 문제,7
학생208 ,-ObjS6mfAvBSSeaoHTi9,boy,2학년,외상 회피행동,0,심리외상 문제,7
학생208 ,-ObjS6mfAvBSSeaoHTi9,boy,2학년,흡연 문제,0,외현화 문제,7
학생208 ,-ObjS6mfAvBSSeaoHTi9,boy,2학년,음주 문제,0,외현화 문제,7
학생208 ,-ObjS6mfAvBSSeaoHTi9,boy,2학년,적응력 저하,0,학교생활적응 문제,7
학생208 ,-ObjS6mfAvBSSeaoHTi9,boy,2학년,분리 불안,0,학교생활적응 문제,7
학생208 ,-ObjS6mfAvBSSeaoHTi9,boy,2학년,학습 어려움,1,학교생활적응 문제,7
학생208 ,-ObjS6mfAvBSSeaoHTi9,boy,2학년,재산 관련 비행,0,외현화 문제,7
학생208 ,-ObjS6mfAvBSSeaoHTi9,boy,2학년,게임 과몰입,0,외현화 문제,7
학생208 ,-ObjS6mfAvBSSeaoHTi9,boy,2학년,관계 형성 곤란,0,학교생활적응 문제,7
학생208 ,-ObjS6mfAvBSSeaoHTi9,boy,2학년,등교 거부,0,학교생활적응 문제,7
학생208 ,-ObjS6mfAvBSSeaoHTi9,boy,2학년,괴롭힘 피해,0,심리외상 문제,7
학생208 ,-ObjS6mfAvBSSeaoHTi9,boy,2학년,따돌림 피해,0,심리외상 문제,7
학생209 ,-ObjS6o05PCmHUWoBA96,boy,1학년,사회적 긴장,1,불안 및 우울 문제,31
학생209 ,-ObjS6o05PCmHUWoBA96,boy,1학년,감정 기복,1,불안 및 우울 문제,31
학생209 ,-ObjS6o05PCmHUWoBA96,boy,1학년,과도한 죄책감,2,불안 및 우울 문제,31
학생209 ,-ObjS6o05PCmHUWoBA96,boy,1학년,과민성/짜증,2,불안 및 우울 문제,31
학생209 ,-ObjS6o05PCmHUWoBA96,boy,1학년,낮은 자존감,2,학교생활적응 문제,31
학생209 ,-ObjS6o05PCmHUWoBA96,boy,1학년,무기력/피로,3,불안 및 우울 문제,31
학생209 ,-ObjS6o05PCmHUWoBA96,boy,1학년,예기 불안,3,불안 및 우울 문제,31
학생209 ,-ObjS6o05PCmHUWoBA96,boy,1학년,과도한 불안,3,불안 및 우울 문제,31
학생209 ,-ObjS6o05PCmHUWoBA96,boy,1학년,우울 증상,1,불안 및 우울 문제,31
학생209 ,-ObjS6o05PCmHUWoBA96,boy,1학년,수면 문제,3,학교생활적응 문제,31
학생209 ,-ObjS6o05PCmHUWoBA96,boy,1학년,자살 사고,1,자살 및 위기 문제,31
학생209 ,-ObjS6o05PCmHUWoBA96,boy,1학년,자해 행동,1,자살 및 위기 문제,31
학생209 ,-ObjS6o05PCmHUWoBA96,boy,1학년,자살 계획,0,자살 및 위기 문제,31
학생209 ,-ObjS6o05PCmHUWoBA96,boy,1학년,심각한 자살사고,0,자살 및 위기 문제,31
학생209 ,-ObjS6o05PCmHUWoBA96,boy,1학년,절망감,1,자살 및 위기 문제,31
학생209 ,-ObjS6o05PCmHUWoBA96,boy,1학년,자살 시도,0,자살 및 위기 문제,31
학생209 ,-ObjS6o05PCmHUWoBA96,boy,1학년,빈번한 거짓말,2,외현화 문제,31
학생209 ,-ObjS6o05PCmHUWoBA96,boy,1학년,또래 갈등,1,외현화 문제,31
학생209 ,-ObjS6o05PCmHUWoBA96,boy,1학년,반항 행동,1,외현화 문제,31
학생209 ,-ObjS6o05PCmHUWoBA96,boy,1학년,괴롭힘 가해,0,외현화 문제,31
학생209 ,-ObjS6o05PCmHUWoBA96,boy,1학년,외상 침습증상,1,심리외상 문제,31
학생209 ,-ObjS6o05PCmHUWoBA96,boy,1학년,외상 관련 악몽,0,심리외상 문제,31
학생209 ,-ObjS6o05PCmHUWoBA96,boy,1학년,외상 후 고립,0,심리외상 문제,31
학생209 ,-ObjS6o05PCmHUWoBA96,boy,1학년,외상 후 과각성,0,심리외상 문제,31
학생209 ,-ObjS6o05PCmHUWoBA96,boy,1학년,외상 회피행동,1,심리외상 문제,31
학생209 ,-ObjS6o05PCmHUWoBA96,boy,1학년,흡연 문제,0,외현화 문제,31
학생209 ,-ObjS6o05PCmHUWoBA96,boy,1학년,음주 문제,0,외현화 문제,31
학생209 ,-ObjS6o05PCmHUWoBA96,boy,1학년,적응력 저하,0,학교생활적응 문제,31
학생209 ,-ObjS6o05PCmHUWoBA96,boy,1학년,분리 불안,0,학교생활적응 문제,31
학생209 ,-ObjS6o05PCmHUWoBA96,boy,1학년,학습 어려움,1,학교생활적응 문제,31
학생209 ,-ObjS6o05PCmHUWoBA96,boy,1학년,재산 관련 비행,0,외현화 문제,31
학생209 ,-ObjS6o05PCmHUWoBA96,boy,1학년,게임 과몰입,0,외현화 문제,31
학생209 ,-ObjS6o05PCmHUWoBA96,boy,1학년,관계 형성 곤란,0,학교생활적응 문제,31
학생209 ,-ObjS6o05PCmHUWoBA96,boy,1학년,등교 거부,0,학교생활적응 문제,31
학생209 ,-ObjS6o05PCmHUWoBA96,boy,1학년,괴롭힘 피해,0,심리외상 문제,31
학생209 ,-ObjS6o05PCmHUWoBA96,boy,1학년,따돌림 피해,0,심리외상 문제,31
학생21 ,-ObjRP6E1kR-TmuWHfNG,girl,1학년,사회적 긴장,0,불안 및 우울 문제,7
학생21 ,-ObjRP6E1kR-TmuWHfNG,girl,1학년,감정 기복,0,불안 및 우울 문제,7
학생21 ,-ObjRP6E1kR-TmuWHfNG,girl,1학년,과도한 죄책감,1,불안 및 우울 문제,7
학생21 ,-ObjRP6E1kR-TmuWHfNG,girl,1학년,과민성/짜증,0,불안 및 우울 문제,7
학생21 ,-ObjRP6E1kR-TmuWHfNG,girl,1학년,낮은 자존감,1,학교생활적응 문제,7
학생21 ,-ObjRP6E1kR-TmuWHfNG,girl,1학년,무기력/피로,1,불안 및 우울 문제,7
학생21 ,-ObjRP6E1kR-TmuWHfNG,girl,1학년,예기 불안,2,불안 및 우울 문제,7
학생21 ,-ObjRP6E1kR-TmuWHfNG,girl,1학년,과도한 불안,1,불안 및 우울 문제,7
학생21 ,-ObjRP6E1kR-TmuWHfNG,girl,1학년,우울 증상,1,불안 및 우울 문제,7
학생21 ,-ObjRP6E1kR-TmuWHfNG,girl,1학년,수면 문제,0,학교생활적응 문제,7
학생21 ,-ObjRP6E1kR-TmuWHfNG,girl,1학년,자살 사고,0,자살 및 위기 문제,7
학생21 ,-ObjRP6E1kR-TmuWHfNG,girl,1학년,자해 행동,0,자살 및 위기 문제,7
학생21 ,-ObjRP6E1kR-TmuWHfNG,girl,1학년,자살 계획,0,자살 및 위기 문제,7
학생21 ,-ObjRP6E1kR-TmuWHfNG,girl,1학년,심각한 자살사고,0,자살 및 위기 문제,7
학생21 ,-ObjRP6E1kR-TmuWHfNG,girl,1학년,절망감,0,자살 및 위기 문제,7
학생21 ,-ObjRP6E1kR-TmuWHfNG,girl,1학년,자살 시도,0,자살 및 위기 문제,7
학생21 ,-ObjRP6E1kR-TmuWHfNG,girl,1학년,빈번한 거짓말,0,외현화 문제,7
학생21 ,-ObjRP6E1kR-TmuWHfNG,girl,1학년,또래 갈등,0,외현화 문제,7
학생21 ,-ObjRP6E1kR-TmuWHfNG,girl,1학년,반항 행동,0,외현화 문제,7
학생21 ,-ObjRP6E1kR-TmuWHfNG,girl,1학년,괴롭힘 가해,0,외현화 문제,7
학생21 ,-ObjRP6E1kR-TmuWHfNG,girl,1학년,외상 침습증상,0,심리외상 문제,7
학생21 ,-ObjRP6E1kR-TmuWHfNG,girl,1학년,외상 관련 악몽,0,심리외상 문제,7
학생21 ,-ObjRP6E1kR-TmuWHfNG,girl,1학년,외상 후 고립,0,심리외상 문제,7
학생21 ,-ObjRP6E1kR-TmuWHfNG,girl,1학년,외상 후 과각성,0,심리외상 문제,7
학생21 ,-ObjRP6E1kR-TmuWHfNG,girl,1학년,외상 회피행동,0,심리외상 문제,7
학생21 ,-ObjRP6E1kR-TmuWHfNG,girl,1학년,흡연 문제,0,외현화 문제,7
학생21 ,-ObjRP6E1kR-TmuWHfNG,girl,1학년,음주 문제,0,외현화 문제,7
학생21 ,-ObjRP6E1kR-TmuWHfNG,girl,1학년,적응력 저하,0,학교생활적응 문제,7
학생21 ,-ObjRP6E1kR-TmuWHfNG,girl,1학년,분리 불안,0,학교생활적응 문제,7
학생21 ,-ObjRP6E1kR-TmuWHfNG,girl,1학년,학습 어려움,0,학교생활적응 문제,7
학생21 ,-ObjRP6E1kR-TmuWHfNG,girl,1학년,재산 관련 비행,0,외현화 문제,7
학생21 ,-ObjRP6E1kR-TmuWHfNG,girl,1학년,게임 과몰입,0,외현화 문제,7
학생21 ,-ObjRP6E1kR-TmuWHfNG,girl,1학년,관계 형성 곤란,0,학교생활적응 문제,7
학생21 ,-ObjRP6E1kR-TmuWHfNG,girl,1학년,등교 거부,0,학교생활적응 문제,7
학생21 ,-ObjRP6E1kR-TmuWHfNG,girl,1학년,괴롭힘 피해,0,심리외상 문제,7
학생21 ,-ObjRP6E1kR-TmuWHfNG,girl,1학년,따돌림 피해,0,심리외상 문제,7
학생210 ,-ObjS6xCAEO0HfXDb1kr,boy,3학년,사회적 긴장,2,불안 및 우울 문제,20
학생210 ,-ObjS6xCAEO0HfXDb1kr,boy,3학년,감정 기복,1,불안 및 우울 문제,20
학생210 ,-ObjS6xCAEO0HfXDb1kr,boy,3학년,과도한 죄책감,2,불안 및 우울 문제,20
학생210 ,-ObjS6xCAEO0HfXDb1kr,boy,3학년,과민성/짜증,1,불안 및 우울 문제,20
학생210 ,-ObjS6xCAEO0HfXDb1kr,boy,3학년,낮은 자존감,2,학교생활적응 문제,20
학생210 ,-ObjS6xCAEO0HfXDb1kr,boy,3학년,무기력/피로,2,불안 및 우울 문제,20
학생210 ,-ObjS6xCAEO0HfXDb1kr,boy,3학년,예기 불안,2,불안 및 우울 문제,20
학생210 ,-ObjS6xCAEO0HfXDb1kr,boy,3학년,과도한 불안,2,불안 및 우울 문제,20
학생210 ,-ObjS6xCAEO0HfXDb1kr,boy,3학년,우울 증상,0,불안 및 우울 문제,20
학생210 ,-ObjS6xCAEO0HfXDb1kr,boy,3학년,수면 문제,2,학교생활적응 문제,20
학생210 ,-ObjS6xCAEO0HfXDb1kr,boy,3학년,자살 사고,0,자살 및 위기 문제,20
학생210 ,-ObjS6xCAEO0HfXDb1kr,boy,3학년,자해 행동,0,자살 및 위기 문제,20
학생210 ,-ObjS6xCAEO0HfXDb1kr,boy,3학년,자살 계획,0,자살 및 위기 문제,20
학생210 ,-ObjS6xCAEO0HfXDb1kr,boy,3학년,심각한 자살사고,0,자살 및 위기 문제,20
학생210 ,-ObjS6xCAEO0HfXDb1kr,boy,3학년,절망감,0,자살 및 위기 문제,20
학생210 ,-ObjS6xCAEO0HfXDb1kr,boy,3학년,자살 시도,0,자살 및 위기 문제,20
학생210 ,-ObjS6xCAEO0HfXDb1kr,boy,3학년,빈번한 거짓말,0,외현화 문제,20
학생210 ,-ObjS6xCAEO0HfXDb1kr,boy,3학년,또래 갈등,0,외현화 문제,20
학생210 ,-ObjS6xCAEO0HfXDb1kr,boy,3학년,반항 행동,0,외현화 문제,20
학생210 ,-ObjS6xCAEO0HfXDb1kr,boy,3학년,괴롭힘 가해,1,외현화 문제,20
학생210 ,-ObjS6xCAEO0HfXDb1kr,boy,3학년,외상 침습증상,0,심리외상 문제,20
학생210 ,-ObjS6xCAEO0HfXDb1kr,boy,3학년,외상 관련 악몽,0,심리외상 문제,20
학생210 ,-ObjS6xCAEO0HfXDb1kr,boy,3학년,외상 후 고립,0,심리외상 문제,20
학생210 ,-ObjS6xCAEO0HfXDb1kr,boy,3학년,외상 후 과각성,0,심리외상 문제,20
학생210 ,-ObjS6xCAEO0HfXDb1kr,boy,3학년,외상 회피행동,0,심리외상 문제,20
학생210 ,-ObjS6xCAEO0HfXDb1kr,boy,3학년,흡연 문제,0,외현화 문제,20
학생210 ,-ObjS6xCAEO0HfXDb1kr,boy,3학년,음주 문제,0,외현화 문제,20
학생210 ,-ObjS6xCAEO0HfXDb1kr,boy,3학년,적응력 저하,1,학교생활적응 문제,20
학생210 ,-ObjS6xCAEO0HfXDb1kr,boy,3학년,분리 불안,0,학교생활적응 문제,20
학생210 ,-ObjS6xCAEO0HfXDb1kr,boy,3학년,학습 어려움,0,학교생활적응 문제,20
학생210 ,-ObjS6xCAEO0HfXDb1kr,boy,3학년,재산 관련 비행,0,외현화 문제,20
학생210 ,-ObjS6xCAEO0HfXDb1kr,boy,3학년,게임 과몰입,2,외현화 문제,20
학생210 ,-ObjS6xCAEO0HfXDb1kr,boy,3학년,관계 형성 곤란,0,학교생활적응 문제,20
학생210 ,-ObjS6xCAEO0HfXDb1kr,boy,3학년,등교 거부,0,학교생활적응 문제,20
학생210 ,-ObjS6xCAEO0HfXDb1kr,boy,3학년,괴롭힘 피해,0,심리외상 문제,20
학생210 ,-ObjS6xCAEO0HfXDb1kr,boy,3학년,따돌림 피해,0,심리외상 문제,20
학생211 ,-ObjS72UBBHeXQzcOBWe,boy,3학년,사회적 긴장,1,불안 및 우울 문제,15
학생211 ,-ObjS72UBBHeXQzcOBWe,boy,3학년,감정 기복,3,불안 및 우울 문제,15
학생211 ,-ObjS72UBBHeXQzcOBWe,boy,3학년,과도한 죄책감,0,불안 및 우울 문제,15
학생211 ,-ObjS72UBBHeXQzcOBWe,boy,3학년,과민성/짜증,1,불안 및 우울 문제,15
학생211 ,-ObjS72UBBHeXQzcOBWe,boy,3학년,낮은 자존감,2,학교생활적응 문제,15
학생211 ,-ObjS72UBBHeXQzcOBWe,boy,3학년,무기력/피로,0,불안 및 우울 문제,15
학생211 ,-ObjS72UBBHeXQzcOBWe,boy,3학년,예기 불안,3,불안 및 우울 문제,15
학생211 ,-ObjS72UBBHeXQzcOBWe,boy,3학년,과도한 불안,1,불안 및 우울 문제,15
학생211 ,-ObjS72UBBHeXQzcOBWe,boy,3학년,우울 증상,3,불안 및 우울 문제,15
학생211 ,-ObjS72UBBHeXQzcOBWe,boy,3학년,수면 문제,0,학교생활적응 문제,15
학생211 ,-ObjS72UBBHeXQzcOBWe,boy,3학년,자살 사고,1,자살 및 위기 문제,15
학생211 ,-ObjS72UBBHeXQzcOBWe,boy,3학년,자해 행동,0,자살 및 위기 문제,15
학생211 ,-ObjS72UBBHeXQzcOBWe,boy,3학년,자살 계획,0,자살 및 위기 문제,15
학생211 ,-ObjS72UBBHeXQzcOBWe,boy,3학년,심각한 자살사고,0,자살 및 위기 문제,15
학생211 ,-ObjS72UBBHeXQzcOBWe,boy,3학년,절망감,0,자살 및 위기 문제,15
학생211 ,-ObjS72UBBHeXQzcOBWe,boy,3학년,자살 시도,0,자살 및 위기 문제,15
학생211 ,-ObjS72UBBHeXQzcOBWe,boy,3학년,빈번한 거짓말,0,외현화 문제,15
학생211 ,-ObjS72UBBHeXQzcOBWe,boy,3학년,또래 갈등,0,외현화 문제,15
학생211 ,-ObjS72UBBHeXQzcOBWe,boy,3학년,반항 행동,0,외현화 문제,15
학생211 ,-ObjS72UBBHeXQzcOBWe,boy,3학년,괴롭힘 가해,0,외현화 문제,15
학생211 ,-ObjS72UBBHeXQzcOBWe,boy,3학년,외상 침습증상,0,심리외상 문제,15
학생211 ,-ObjS72UBBHeXQzcOBWe,boy,3학년,외상 관련 악몽,0,심리외상 문제,15
학생211 ,-ObjS72UBBHeXQzcOBWe,boy,3학년,외상 후 고립,0,심리외상 문제,15
학생211 ,-ObjS72UBBHeXQzcOBWe,boy,3학년,외상 후 과각성,0,심리외상 문제,15
학생211 ,-ObjS72UBBHeXQzcOBWe,boy,3학년,외상 회피행동,0,심리외상 문제,15
학생211 ,-ObjS72UBBHeXQzcOBWe,boy,3학년,흡연 문제,0,외현화 문제,15
학생211 ,-ObjS72UBBHeXQzcOBWe,boy,3학년,음주 문제,0,외현화 문제,15
학생211 ,-ObjS72UBBHeXQzcOBWe,boy,3학년,적응력 저하,0,학교생활적응 문제,15
학생211 ,-ObjS72UBBHeXQzcOBWe,boy,3학년,분리 불안,0,학교생활적응 문제,15
학생211 ,-ObjS72UBBHeXQzcOBWe,boy,3학년,학습 어려움,0,학교생활적응 문제,15
학생211 ,-ObjS72UBBHeXQzcOBWe,boy,3학년,재산 관련 비행,0,외현화 문제,15
학생211 ,-ObjS72UBBHeXQzcOBWe,boy,3학년,게임 과몰입,0,외현화 문제,15
학생211 ,-ObjS72UBBHeXQzcOBWe,boy,3학년,관계 형성 곤란,0,학교생활적응 문제,15
학생211 ,-ObjS72UBBHeXQzcOBWe,boy,3학년,등교 거부,0,학교생활적응 문제,15
학생211 ,-ObjS72UBBHeXQzcOBWe,boy,3학년,괴롭힘 피해,0,심리외상 문제,15
학생211 ,-ObjS72UBBHeXQzcOBWe,boy,3학년,따돌림 피해,0,심리외상 문제,15
학생212 ,-ObjS7I755eMZLMBO_Qi,boy,1학년,사회적 긴장,0,불안 및 우울 문제,17
학생212 ,-ObjS7I755eMZLMBO_Qi,boy,1학년,감정 기복,2,불안 및 우울 문제,17
학생212 ,-ObjS7I755eMZLMBO_Qi,boy,1학년,과도한 죄책감,0,불안 및 우울 문제,17
학생212 ,-ObjS7I755eMZLMBO_Qi,boy,1학년,과민성/짜증,2,불안 및 우울 문제,17
학생212 ,-ObjS7I755eMZLMBO_Qi,boy,1학년,낮은 자존감,1,학교생활적응 문제,17
학생212 ,-ObjS7I755eMZLMBO_Qi,boy,1학년,무기력/피로,1,불안 및 우울 문제,17
학생212 ,-ObjS7I755eMZLMBO_Qi,boy,1학년,예기 불안,1,불안 및 우울 문제,17
학생212 ,-ObjS7I755eMZLMBO_Qi,boy,1학년,과도한 불안,2,불안 및 우울 문제,17
학생212 ,-ObjS7I755eMZLMBO_Qi,boy,1학년,우울 증상,1,불안 및 우울 문제,17
학생212 ,-ObjS7I755eMZLMBO_Qi,boy,1학년,수면 문제,3,학교생활적응 문제,17
학생212 ,-ObjS7I755eMZLMBO_Qi,boy,1학년,자살 사고,0,자살 및 위기 문제,17
학생212 ,-ObjS7I755eMZLMBO_Qi,boy,1학년,자해 행동,0,자살 및 위기 문제,17
학생212 ,-ObjS7I755eMZLMBO_Qi,boy,1학년,자살 계획,0,자살 및 위기 문제,17
학생212 ,-ObjS7I755eMZLMBO_Qi,boy,1학년,심각한 자살사고,0,자살 및 위기 문제,17
학생212 ,-ObjS7I755eMZLMBO_Qi,boy,1학년,절망감,0,자살 및 위기 문제,17
학생212 ,-ObjS7I755eMZLMBO_Qi,boy,1학년,자살 시도,0,자살 및 위기 문제,17
학생212 ,-ObjS7I755eMZLMBO_Qi,boy,1학년,빈번한 거짓말,1,외현화 문제,17
학생212 ,-ObjS7I755eMZLMBO_Qi,boy,1학년,또래 갈등,1,외현화 문제,17
학생212 ,-ObjS7I755eMZLMBO_Qi,boy,1학년,반항 행동,1,외현화 문제,17
학생212 ,-ObjS7I755eMZLMBO_Qi,boy,1학년,괴롭힘 가해,0,외현화 문제,17
학생212 ,-ObjS7I755eMZLMBO_Qi,boy,1학년,외상 침습증상,0,심리외상 문제,17
학생212 ,-ObjS7I755eMZLMBO_Qi,boy,1학년,외상 관련 악몽,0,심리외상 문제,17
학생212 ,-ObjS7I755eMZLMBO_Qi,boy,1학년,외상 후 고립,0,심리외상 문제,17
학생212 ,-ObjS7I755eMZLMBO_Qi,boy,1학년,외상 후 과각성,0,심리외상 문제,17
학생212 ,-ObjS7I755eMZLMBO_Qi,boy,1학년,외상 회피행동,0,심리외상 문제,17
학생212 ,-ObjS7I755eMZLMBO_Qi,boy,1학년,흡연 문제,0,외현화 문제,17
학생212 ,-ObjS7I755eMZLMBO_Qi,boy,1학년,음주 문제,0,외현화 문제,17
학생212 ,-ObjS7I755eMZLMBO_Qi,boy,1학년,적응력 저하,0,학교생활적응 문제,17
학생212 ,-ObjS7I755eMZLMBO_Qi,boy,1학년,분리 불안,0,학교생활적응 문제,17
학생212 ,-ObjS7I755eMZLMBO_Qi,boy,1학년,학습 어려움,0,학교생활적응 문제,17
학생212 ,-ObjS7I755eMZLMBO_Qi,boy,1학년,재산 관련 비행,0,외현화 문제,17
학생212 ,-ObjS7I755eMZLMBO_Qi,boy,1학년,게임 과몰입,0,외현화 문제,17
학생212 ,-ObjS7I755eMZLMBO_Qi,boy,1학년,관계 형성 곤란,1,학교생활적응 문제,17
학생212 ,-ObjS7I755eMZLMBO_Qi,boy,1학년,등교 거부,0,학교생활적응 문제,17
학생212 ,-ObjS7I755eMZLMBO_Qi,boy,1학년,괴롭힘 피해,0,심리외상 문제,17
학생212 ,-ObjS7I755eMZLMBO_Qi,boy,1학년,따돌림 피해,0,심리외상 문제,17
학생213 ,-ObjS8E5d0Hncap8pD18,girl,2학년,사회적 긴장,1,불안 및 우울 문제,6
학생213 ,-ObjS8E5d0Hncap8pD18,girl,2학년,감정 기복,1,불안 및 우울 문제,6
학생213 ,-ObjS8E5d0Hncap8pD18,girl,2학년,과도한 죄책감,0,불안 및 우울 문제,6
학생213 ,-ObjS8E5d0Hncap8pD18,girl,2학년,과민성/짜증,0,불안 및 우울 문제,6
학생213 ,-ObjS8E5d0Hncap8pD18,girl,2학년,낮은 자존감,1,학교생활적응 문제,6
학생213 ,-ObjS8E5d0Hncap8pD18,girl,2학년,무기력/피로,0,불안 및 우울 문제,6
학생213 ,-ObjS8E5d0Hncap8pD18,girl,2학년,예기 불안,1,불안 및 우울 문제,6
학생213 ,-ObjS8E5d0Hncap8pD18,girl,2학년,과도한 불안,1,불안 및 우울 문제,6
학생213 ,-ObjS8E5d0Hncap8pD18,girl,2학년,우울 증상,0,불안 및 우울 문제,6
학생213 ,-ObjS8E5d0Hncap8pD18,girl,2학년,수면 문제,1,학교생활적응 문제,6
학생213 ,-ObjS8E5d0Hncap8pD18,girl,2학년,자살 사고,0,자살 및 위기 문제,6
학생213 ,-ObjS8E5d0Hncap8pD18,girl,2학년,자해 행동,0,자살 및 위기 문제,6
학생213 ,-ObjS8E5d0Hncap8pD18,girl,2학년,자살 계획,0,자살 및 위기 문제,6
학생213 ,-ObjS8E5d0Hncap8pD18,girl,2학년,심각한 자살사고,0,자살 및 위기 문제,6
학생213 ,-ObjS8E5d0Hncap8pD18,girl,2학년,절망감,0,자살 및 위기 문제,6
학생213 ,-ObjS8E5d0Hncap8pD18,girl,2학년,자살 시도,0,자살 및 위기 문제,6
학생213 ,-ObjS8E5d0Hncap8pD18,girl,2학년,빈번한 거짓말,0,외현화 문제,6
학생213 ,-ObjS8E5d0Hncap8pD18,girl,2학년,또래 갈등,0,외현화 문제,6
학생213 ,-ObjS8E5d0Hncap8pD18,girl,2학년,반항 행동,0,외현화 문제,6
학생213 ,-ObjS8E5d0Hncap8pD18,girl,2학년,괴롭힘 가해,0,외현화 문제,6
학생213 ,-ObjS8E5d0Hncap8pD18,girl,2학년,외상 침습증상,0,심리외상 문제,6
학생213 ,-ObjS8E5d0Hncap8pD18,girl,2학년,외상 관련 악몽,0,심리외상 문제,6
학생213 ,-ObjS8E5d0Hncap8pD18,girl,2학년,외상 후 고립,0,심리외상 문제,6
학생213 ,-ObjS8E5d0Hncap8pD18,girl,2학년,외상 후 과각성,0,심리외상 문제,6
학생213 ,-ObjS8E5d0Hncap8pD18,girl,2학년,외상 회피행동,0,심리외상 문제,6
학생213 ,-ObjS8E5d0Hncap8pD18,girl,2학년,흡연 문제,0,외현화 문제,6
학생213 ,-ObjS8E5d0Hncap8pD18,girl,2학년,음주 문제,0,외현화 문제,6
학생213 ,-ObjS8E5d0Hncap8pD18,girl,2학년,적응력 저하,0,학교생활적응 문제,6
학생213 ,-ObjS8E5d0Hncap8pD18,girl,2학년,분리 불안,0,학교생활적응 문제,6
학생213 ,-ObjS8E5d0Hncap8pD18,girl,2학년,학습 어려움,0,학교생활적응 문제,6
학생213 ,-ObjS8E5d0Hncap8pD18,girl,2학년,재산 관련 비행,0,외현화 문제,6
학생213 ,-ObjS8E5d0Hncap8pD18,girl,2학년,게임 과몰입,0,외현화 문제,6
학생213 ,-ObjS8E5d0Hncap8pD18,girl,2학년,관계 형성 곤란,0,학교생활적응 문제,6
학생213 ,-ObjS8E5d0Hncap8pD18,girl,2학년,등교 거부,0,학교생활적응 문제,6
학생213 ,-ObjS8E5d0Hncap8pD18,girl,2학년,괴롭힘 피해,0,심리외상 문제,6
학생213 ,-ObjS8E5d0Hncap8pD18,girl,2학년,따돌림 피해,0,심리외상 문제,6
학생214 ,-ObjS8j7l0ikjUt_cc-Z,boy,1학년,사회적 긴장,1,불안 및 우울 문제,6
학생214 ,-ObjS8j7l0ikjUt_cc-Z,boy,1학년,감정 기복,1,불안 및 우울 문제,6
학생214 ,-ObjS8j7l0ikjUt_cc-Z,boy,1학년,과도한 죄책감,0,불안 및 우울 문제,6
학생214 ,-ObjS8j7l0ikjUt_cc-Z,boy,1학년,과민성/짜증,0,불안 및 우울 문제,6
학생214 ,-ObjS8j7l0ikjUt_cc-Z,boy,1학년,낮은 자존감,1,학교생활적응 문제,6
학생214 ,-ObjS8j7l0ikjUt_cc-Z,boy,1학년,무기력/피로,1,불안 및 우울 문제,6
학생214 ,-ObjS8j7l0ikjUt_cc-Z,boy,1학년,예기 불안,0,불안 및 우울 문제,6
학생214 ,-ObjS8j7l0ikjUt_cc-Z,boy,1학년,과도한 불안,0,불안 및 우울 문제,6
학생214 ,-ObjS8j7l0ikjUt_cc-Z,boy,1학년,우울 증상,1,불안 및 우울 문제,6
학생214 ,-ObjS8j7l0ikjUt_cc-Z,boy,1학년,수면 문제,0,학교생활적응 문제,6
학생214 ,-ObjS8j7l0ikjUt_cc-Z,boy,1학년,자살 사고,0,자살 및 위기 문제,6
학생214 ,-ObjS8j7l0ikjUt_cc-Z,boy,1학년,자해 행동,0,자살 및 위기 문제,6
학생214 ,-ObjS8j7l0ikjUt_cc-Z,boy,1학년,자살 계획,0,자살 및 위기 문제,6
학생214 ,-ObjS8j7l0ikjUt_cc-Z,boy,1학년,심각한 자살사고,0,자살 및 위기 문제,6
학생214 ,-ObjS8j7l0ikjUt_cc-Z,boy,1학년,절망감,0,자살 및 위기 문제,6
학생214 ,-ObjS8j7l0ikjUt_cc-Z,boy,1학년,자살 시도,0,자살 및 위기 문제,6
학생214 ,-ObjS8j7l0ikjUt_cc-Z,boy,1학년,빈번한 거짓말,1,외현화 문제,6
학생214 ,-ObjS8j7l0ikjUt_cc-Z,boy,1학년,또래 갈등,0,외현화 문제,6
학생214 ,-ObjS8j7l0ikjUt_cc-Z,boy,1학년,반항 행동,0,외현화 문제,6
학생214 ,-ObjS8j7l0ikjUt_cc-Z,boy,1학년,괴롭힘 가해,0,외현화 문제,6
학생214 ,-ObjS8j7l0ikjUt_cc-Z,boy,1학년,외상 침습증상,0,심리외상 문제,6
학생214 ,-ObjS8j7l0ikjUt_cc-Z,boy,1학년,외상 관련 악몽,0,심리외상 문제,6
학생214 ,-ObjS8j7l0ikjUt_cc-Z,boy,1학년,외상 후 고립,0,심리외상 문제,6
학생214 ,-ObjS8j7l0ikjUt_cc-Z,boy,1학년,외상 후 과각성,0,심리외상 문제,6
학생214 ,-ObjS8j7l0ikjUt_cc-Z,boy,1학년,외상 회피행동,0,심리외상 문제,6
학생214 ,-ObjS8j7l0ikjUt_cc-Z,boy,1학년,흡연 문제,0,외현화 문제,6
학생214 ,-ObjS8j7l0ikjUt_cc-Z,boy,1학년,음주 문제,0,외현화 문제,6
학생214 ,-ObjS8j7l0ikjUt_cc-Z,boy,1학년,적응력 저하,0,학교생활적응 문제,6
학생214 ,-ObjS8j7l0ikjUt_cc-Z,boy,1학년,분리 불안,0,학교생활적응 문제,6
학생214 ,-ObjS8j7l0ikjUt_cc-Z,boy,1학년,학습 어려움,0,학교생활적응 문제,6
학생214 ,-ObjS8j7l0ikjUt_cc-Z,boy,1학년,재산 관련 비행,0,외현화 문제,6
학생214 ,-ObjS8j7l0ikjUt_cc-Z,boy,1학년,게임 과몰입,0,외현화 문제,6
학생214 ,-ObjS8j7l0ikjUt_cc-Z,boy,1학년,관계 형성 곤란,0,학교생활적응 문제,6
학생214 ,-ObjS8j7l0ikjUt_cc-Z,boy,1학년,등교 거부,0,학교생활적응 문제,6
학생214 ,-ObjS8j7l0ikjUt_cc-Z,boy,1학년,괴롭힘 피해,0,심리외상 문제,6
학생214 ,-ObjS8j7l0ikjUt_cc-Z,boy,1학년,따돌림 피해,0,심리외상 문제,6
학생215 ,-ObjS8kWjsyurQoAMCfp,girl,2학년,사회적 긴장,1,불안 및 우울 문제,7
학생215 ,-ObjS8kWjsyurQoAMCfp,girl,2학년,감정 기복,0,불안 및 우울 문제,7
학생215 ,-ObjS8kWjsyurQoAMCfp,girl,2학년,과도한 죄책감,0,불안 및 우울 문제,7
학생215 ,-ObjS8kWjsyurQoAMCfp,girl,2학년,과민성/짜증,1,불안 및 우울 문제,7
학생215 ,-ObjS8kWjsyurQoAMCfp,girl,2학년,낮은 자존감,0,학교생활적응 문제,7
학생215 ,-ObjS8kWjsyurQoAMCfp,girl,2학년,무기력/피로,0,불안 및 우울 문제,7
학생215 ,-ObjS8kWjsyurQoAMCfp,girl,2학년,예기 불안,1,불안 및 우울 문제,7
학생215 ,-ObjS8kWjsyurQoAMCfp,girl,2학년,과도한 불안,2,불안 및 우울 문제,7
학생215 ,-ObjS8kWjsyurQoAMCfp,girl,2학년,우울 증상,1,불안 및 우울 문제,7
학생215 ,-ObjS8kWjsyurQoAMCfp,girl,2학년,수면 문제,0,학교생활적응 문제,7
학생215 ,-ObjS8kWjsyurQoAMCfp,girl,2학년,자살 사고,0,자살 및 위기 문제,7
학생215 ,-ObjS8kWjsyurQoAMCfp,girl,2학년,자해 행동,0,자살 및 위기 문제,7
학생215 ,-ObjS8kWjsyurQoAMCfp,girl,2학년,자살 계획,0,자살 및 위기 문제,7
학생215 ,-ObjS8kWjsyurQoAMCfp,girl,2학년,심각한 자살사고,0,자살 및 위기 문제,7
학생215 ,-ObjS8kWjsyurQoAMCfp,girl,2학년,절망감,0,자살 및 위기 문제,7
학생215 ,-ObjS8kWjsyurQoAMCfp,girl,2학년,자살 시도,0,자살 및 위기 문제,7
학생215 ,-ObjS8kWjsyurQoAMCfp,girl,2학년,빈번한 거짓말,1,외현화 문제,7
학생215 ,-ObjS8kWjsyurQoAMCfp,girl,2학년,또래 갈등,0,외현화 문제,7
학생215 ,-ObjS8kWjsyurQoAMCfp,girl,2학년,반항 행동,0,외현화 문제,7
학생215 ,-ObjS8kWjsyurQoAMCfp,girl,2학년,괴롭힘 가해,0,외현화 문제,7
학생215 ,-ObjS8kWjsyurQoAMCfp,girl,2학년,외상 침습증상,0,심리외상 문제,7
학생215 ,-ObjS8kWjsyurQoAMCfp,girl,2학년,외상 관련 악몽,0,심리외상 문제,7
학생215 ,-ObjS8kWjsyurQoAMCfp,girl,2학년,외상 후 고립,0,심리외상 문제,7
학생215 ,-ObjS8kWjsyurQoAMCfp,girl,2학년,외상 후 과각성,0,심리외상 문제,7
학생215 ,-ObjS8kWjsyurQoAMCfp,girl,2학년,외상 회피행동,0,심리외상 문제,7
학생215 ,-ObjS8kWjsyurQoAMCfp,girl,2학년,흡연 문제,0,외현화 문제,7
학생215 ,-ObjS8kWjsyurQoAMCfp,girl,2학년,음주 문제,0,외현화 문제,7
학생215 ,-ObjS8kWjsyurQoAMCfp,girl,2학년,적응력 저하,0,학교생활적응 문제,7
학생215 ,-ObjS8kWjsyurQoAMCfp,girl,2학년,분리 불안,0,학교생활적응 문제,7
학생215 ,-ObjS8kWjsyurQoAMCfp,girl,2학년,학습 어려움,0,학교생활적응 문제,7
학생215 ,-ObjS8kWjsyurQoAMCfp,girl,2학년,재산 관련 비행,0,외현화 문제,7
학생215 ,-ObjS8kWjsyurQoAMCfp,girl,2학년,게임 과몰입,0,외현화 문제,7
학생215 ,-ObjS8kWjsyurQoAMCfp,girl,2학년,관계 형성 곤란,0,학교생활적응 문제,7
학생215 ,-ObjS8kWjsyurQoAMCfp,girl,2학년,등교 거부,0,학교생활적응 문제,7
학생215 ,-ObjS8kWjsyurQoAMCfp,girl,2학년,괴롭힘 피해,0,심리외상 문제,7
학생215 ,-ObjS8kWjsyurQoAMCfp,girl,2학년,따돌림 피해,0,심리외상 문제,7
학생216 ,-ObjSA0DKBjiSqdW07MY,boy,1학년,사회적 긴장,0,불안 및 우울 문제,8
학생216 ,-ObjSA0DKBjiSqdW07MY,boy,1학년,감정 기복,1,불안 및 우울 문제,8
학생216 ,-ObjSA0DKBjiSqdW07MY,boy,1학년,과도한 죄책감,0,불안 및 우울 문제,8
학생216 ,-ObjSA0DKBjiSqdW07MY,boy,1학년,과민성/짜증,0,불안 및 우울 문제,8
학생216 ,-ObjSA0DKBjiSqdW07MY,boy,1학년,낮은 자존감,0,학교생활적응 문제,8
학생216 ,-ObjSA0DKBjiSqdW07MY,boy,1학년,무기력/피로,1,불안 및 우울 문제,8
학생216 ,-ObjSA0DKBjiSqdW07MY,boy,1학년,예기 불안,2,불안 및 우울 문제,8
학생216 ,-ObjSA0DKBjiSqdW07MY,boy,1학년,과도한 불안,0,불안 및 우울 문제,8
학생216 ,-ObjSA0DKBjiSqdW07MY,boy,1학년,우울 증상,0,불안 및 우울 문제,8
학생216 ,-ObjSA0DKBjiSqdW07MY,boy,1학년,수면 문제,2,학교생활적응 문제,8
학생216 ,-ObjSA0DKBjiSqdW07MY,boy,1학년,자살 사고,0,자살 및 위기 문제,8
학생216 ,-ObjSA0DKBjiSqdW07MY,boy,1학년,자해 행동,0,자살 및 위기 문제,8
학생216 ,-ObjSA0DKBjiSqdW07MY,boy,1학년,자살 계획,0,자살 및 위기 문제,8
학생216 ,-ObjSA0DKBjiSqdW07MY,boy,1학년,심각한 자살사고,0,자살 및 위기 문제,8
학생216 ,-ObjSA0DKBjiSqdW07MY,boy,1학년,절망감,0,자살 및 위기 문제,8
학생216 ,-ObjSA0DKBjiSqdW07MY,boy,1학년,자살 시도,0,자살 및 위기 문제,8
학생216 ,-ObjSA0DKBjiSqdW07MY,boy,1학년,빈번한 거짓말,0,외현화 문제,8
학생216 ,-ObjSA0DKBjiSqdW07MY,boy,1학년,또래 갈등,0,외현화 문제,8
학생216 ,-ObjSA0DKBjiSqdW07MY,boy,1학년,반항 행동,0,외현화 문제,8
학생216 ,-ObjSA0DKBjiSqdW07MY,boy,1학년,괴롭힘 가해,0,외현화 문제,8
학생216 ,-ObjSA0DKBjiSqdW07MY,boy,1학년,외상 침습증상,0,심리외상 문제,8
학생216 ,-ObjSA0DKBjiSqdW07MY,boy,1학년,외상 관련 악몽,0,심리외상 문제,8
학생216 ,-ObjSA0DKBjiSqdW07MY,boy,1학년,외상 후 고립,0,심리외상 문제,8
학생216 ,-ObjSA0DKBjiSqdW07MY,boy,1학년,외상 후 과각성,0,심리외상 문제,8
학생216 ,-ObjSA0DKBjiSqdW07MY,boy,1학년,외상 회피행동,0,심리외상 문제,8
학생216 ,-ObjSA0DKBjiSqdW07MY,boy,1학년,흡연 문제,0,외현화 문제,8
학생216 ,-ObjSA0DKBjiSqdW07MY,boy,1학년,음주 문제,0,외현화 문제,8
학생216 ,-ObjSA0DKBjiSqdW07MY,boy,1학년,적응력 저하,0,학교생활적응 문제,8
학생216 ,-ObjSA0DKBjiSqdW07MY,boy,1학년,분리 불안,0,학교생활적응 문제,8
학생216 ,-ObjSA0DKBjiSqdW07MY,boy,1학년,학습 어려움,0,학교생활적응 문제,8
학생216 ,-ObjSA0DKBjiSqdW07MY,boy,1학년,재산 관련 비행,2,외현화 문제,8
학생216 ,-ObjSA0DKBjiSqdW07MY,boy,1학년,게임 과몰입,0,외현화 문제,8
학생216 ,-ObjSA0DKBjiSqdW07MY,boy,1학년,관계 형성 곤란,0,학교생활적응 문제,8
학생216 ,-ObjSA0DKBjiSqdW07MY,boy,1학년,등교 거부,0,학교생활적응 문제,8
학생216 ,-ObjSA0DKBjiSqdW07MY,boy,1학년,괴롭힘 피해,0,심리외상 문제,8
학생216 ,-ObjSA0DKBjiSqdW07MY,boy,1학년,따돌림 피해,0,심리외상 문제,8
학생217 ,-ObjSAkeQRqPBHoNQ9IL,boy,3학년,사회적 긴장,0,불안 및 우울 문제,4
학생217 ,-ObjSAkeQRqPBHoNQ9IL,boy,3학년,감정 기복,0,불안 및 우울 문제,4
학생217 ,-ObjSAkeQRqPBHoNQ9IL,boy,3학년,과도한 죄책감,0,불안 및 우울 문제,4
학생217 ,-ObjSAkeQRqPBHoNQ9IL,boy,3학년,과민성/짜증,0,불안 및 우울 문제,4
학생217 ,-ObjSAkeQRqPBHoNQ9IL,boy,3학년,낮은 자존감,0,학교생활적응 문제,4
학생217 ,-ObjSAkeQRqPBHoNQ9IL,boy,3학년,무기력/피로,0,불안 및 우울 문제,4
학생217 ,-ObjSAkeQRqPBHoNQ9IL,boy,3학년,예기 불안,0,불안 및 우울 문제,4
학생217 ,-ObjSAkeQRqPBHoNQ9IL,boy,3학년,과도한 불안,0,불안 및 우울 문제,4
학생217 ,-ObjSAkeQRqPBHoNQ9IL,boy,3학년,우울 증상,0,불안 및 우울 문제,4
학생217 ,-ObjSAkeQRqPBHoNQ9IL,boy,3학년,수면 문제,2,학교생활적응 문제,4
학생217 ,-ObjSAkeQRqPBHoNQ9IL,boy,3학년,자살 사고,0,자살 및 위기 문제,4
학생217 ,-ObjSAkeQRqPBHoNQ9IL,boy,3학년,자해 행동,0,자살 및 위기 문제,4
학생217 ,-ObjSAkeQRqPBHoNQ9IL,boy,3학년,자살 계획,0,자살 및 위기 문제,4
학생217 ,-ObjSAkeQRqPBHoNQ9IL,boy,3학년,심각한 자살사고,2,자살 및 위기 문제,4
학생217 ,-ObjSAkeQRqPBHoNQ9IL,boy,3학년,절망감,0,자살 및 위기 문제,4
학생217 ,-ObjSAkeQRqPBHoNQ9IL,boy,3학년,자살 시도,0,자살 및 위기 문제,4
학생217 ,-ObjSAkeQRqPBHoNQ9IL,boy,3학년,빈번한 거짓말,0,외현화 문제,4
학생217 ,-ObjSAkeQRqPBHoNQ9IL,boy,3학년,또래 갈등,0,외현화 문제,4
학생217 ,-ObjSAkeQRqPBHoNQ9IL,boy,3학년,반항 행동,0,외현화 문제,4
학생217 ,-ObjSAkeQRqPBHoNQ9IL,boy,3학년,괴롭힘 가해,0,외현화 문제,4
학생217 ,-ObjSAkeQRqPBHoNQ9IL,boy,3학년,외상 침습증상,0,심리외상 문제,4
학생217 ,-ObjSAkeQRqPBHoNQ9IL,boy,3학년,외상 관련 악몽,0,심리외상 문제,4
학생217 ,-ObjSAkeQRqPBHoNQ9IL,boy,3학년,외상 후 고립,0,심리외상 문제,4
학생217 ,-ObjSAkeQRqPBHoNQ9IL,boy,3학년,외상 후 과각성,0,심리외상 문제,4
학생217 ,-ObjSAkeQRqPBHoNQ9IL,boy,3학년,외상 회피행동,0,심리외상 문제,4
학생217 ,-ObjSAkeQRqPBHoNQ9IL,boy,3학년,흡연 문제,0,외현화 문제,4
학생217 ,-ObjSAkeQRqPBHoNQ9IL,boy,3학년,음주 문제,0,외현화 문제,4
학생217 ,-ObjSAkeQRqPBHoNQ9IL,boy,3학년,적응력 저하,0,학교생활적응 문제,4
학생217 ,-ObjSAkeQRqPBHoNQ9IL,boy,3학년,분리 불안,0,학교생활적응 문제,4
학생217 ,-ObjSAkeQRqPBHoNQ9IL,boy,3학년,학습 어려움,0,학교생활적응 문제,4
학생217 ,-ObjSAkeQRqPBHoNQ9IL,boy,3학년,재산 관련 비행,0,외현화 문제,4
학생217 ,-ObjSAkeQRqPBHoNQ9IL,boy,3학년,게임 과몰입,0,외현화 문제,4
학생217 ,-ObjSAkeQRqPBHoNQ9IL,boy,3학년,관계 형성 곤란,0,학교생활적응 문제,4
학생217 ,-ObjSAkeQRqPBHoNQ9IL,boy,3학년,등교 거부,0,학교생활적응 문제,4
학생217 ,-ObjSAkeQRqPBHoNQ9IL,boy,3학년,괴롭힘 피해,0,심리외상 문제,4
학생217 ,-ObjSAkeQRqPBHoNQ9IL,boy,3학년,따돌림 피해,0,심리외상 문제,4
학생218 ,-ObjSApQ5WodVyyPdN6Q,boy,3학년,사회적 긴장,3,불안 및 우울 문제,30
학생218 ,-ObjSApQ5WodVyyPdN6Q,boy,3학년,감정 기복,1,불안 및 우울 문제,30
학생218 ,-ObjSApQ5WodVyyPdN6Q,boy,3학년,과도한 죄책감,1,불안 및 우울 문제,30
학생218 ,-ObjSApQ5WodVyyPdN6Q,boy,3학년,과민성/짜증,1,불안 및 우울 문제,30
학생218 ,-ObjSApQ5WodVyyPdN6Q,boy,3학년,낮은 자존감,3,학교생활적응 문제,30
학생218 ,-ObjSApQ5WodVyyPdN6Q,boy,3학년,무기력/피로,2,불안 및 우울 문제,30
학생218 ,-ObjSApQ5WodVyyPdN6Q,boy,3학년,예기 불안,3,불안 및 우울 문제,30
학생218 ,-ObjSApQ5WodVyyPdN6Q,boy,3학년,과도한 불안,3,불안 및 우울 문제,30
학생218 ,-ObjSApQ5WodVyyPdN6Q,boy,3학년,우울 증상,1,불안 및 우울 문제,30
학생218 ,-ObjSApQ5WodVyyPdN6Q,boy,3학년,수면 문제,1,학교생활적응 문제,30
학생218 ,-ObjSApQ5WodVyyPdN6Q,boy,3학년,자살 사고,1,자살 및 위기 문제,30
학생218 ,-ObjSApQ5WodVyyPdN6Q,boy,3학년,자해 행동,0,자살 및 위기 문제,30
학생218 ,-ObjSApQ5WodVyyPdN6Q,boy,3학년,자살 계획,0,자살 및 위기 문제,30
학생218 ,-ObjSApQ5WodVyyPdN6Q,boy,3학년,심각한 자살사고,2,자살 및 위기 문제,30
학생218 ,-ObjSApQ5WodVyyPdN6Q,boy,3학년,절망감,1,자살 및 위기 문제,30
학생218 ,-ObjSApQ5WodVyyPdN6Q,boy,3학년,자살 시도,0,자살 및 위기 문제,30
학생218 ,-ObjSApQ5WodVyyPdN6Q,boy,3학년,빈번한 거짓말,0,외현화 문제,30
학생218 ,-ObjSApQ5WodVyyPdN6Q,boy,3학년,또래 갈등,0,외현화 문제,30
학생218 ,-ObjSApQ5WodVyyPdN6Q,boy,3학년,반항 행동,0,외현화 문제,30
학생218 ,-ObjSApQ5WodVyyPdN6Q,boy,3학년,괴롭힘 가해,0,외현화 문제,30
학생218 ,-ObjSApQ5WodVyyPdN6Q,boy,3학년,외상 침습증상,1,심리외상 문제,30
학생218 ,-ObjSApQ5WodVyyPdN6Q,boy,3학년,외상 관련 악몽,0,심리외상 문제,30
학생218 ,-ObjSApQ5WodVyyPdN6Q,boy,3학년,외상 후 고립,0,심리외상 문제,30
학생218 ,-ObjSApQ5WodVyyPdN6Q,boy,3학년,외상 후 과각성,1,심리외상 문제,30
학생218 ,-ObjSApQ5WodVyyPdN6Q,boy,3학년,외상 회피행동,1,심리외상 문제,30
학생218 ,-ObjSApQ5WodVyyPdN6Q,boy,3학년,흡연 문제,0,외현화 문제,30
학생218 ,-ObjSApQ5WodVyyPdN6Q,boy,3학년,음주 문제,0,외현화 문제,30
학생218 ,-ObjSApQ5WodVyyPdN6Q,boy,3학년,적응력 저하,2,학교생활적응 문제,30
학생218 ,-ObjSApQ5WodVyyPdN6Q,boy,3학년,분리 불안,0,학교생활적응 문제,30
학생218 ,-ObjSApQ5WodVyyPdN6Q,boy,3학년,학습 어려움,0,학교생활적응 문제,30
학생218 ,-ObjSApQ5WodVyyPdN6Q,boy,3학년,재산 관련 비행,0,외현화 문제,30
학생218 ,-ObjSApQ5WodVyyPdN6Q,boy,3학년,게임 과몰입,1,외현화 문제,30
학생218 ,-ObjSApQ5WodVyyPdN6Q,boy,3학년,관계 형성 곤란,1,학교생활적응 문제,30
학생218 ,-ObjSApQ5WodVyyPdN6Q,boy,3학년,등교 거부,0,학교생활적응 문제,30
학생218 ,-ObjSApQ5WodVyyPdN6Q,boy,3학년,괴롭힘 피해,0,심리외상 문제,30
학생218 ,-ObjSApQ5WodVyyPdN6Q,boy,3학년,따돌림 피해,0,심리외상 문제,30
학생219 ,-ObjSBne-e7Li_xGTF7m,boy,2학년,사회적 긴장,0,불안 및 우울 문제,7
학생219 ,-ObjSBne-e7Li_xGTF7m,boy,2학년,감정 기복,1,불안 및 우울 문제,7
학생219 ,-ObjSBne-e7Li_xGTF7m,boy,2학년,과도한 죄책감,0,불안 및 우울 문제,7
학생219 ,-ObjSBne-e7Li_xGTF7m,boy,2학년,과민성/짜증,0,불안 및 우울 문제,7
학생219 ,-ObjSBne-e7Li_xGTF7m,boy,2학년,낮은 자존감,0,학교생활적응 문제,7
학생219 ,-ObjSBne-e7Li_xGTF7m,boy,2학년,무기력/피로,0,불안 및 우울 문제,7
학생219 ,-ObjSBne-e7Li_xGTF7m,boy,2학년,예기 불안,1,불안 및 우울 문제,7
학생219 ,-ObjSBne-e7Li_xGTF7m,boy,2학년,과도한 불안,0,불안 및 우울 문제,7
학생219 ,-ObjSBne-e7Li_xGTF7m,boy,2학년,우울 증상,1,불안 및 우울 문제,7
학생219 ,-ObjSBne-e7Li_xGTF7m,boy,2학년,수면 문제,1,학교생활적응 문제,7
학생219 ,-ObjSBne-e7Li_xGTF7m,boy,2학년,자살 사고,1,자살 및 위기 문제,7
학생219 ,-ObjSBne-e7Li_xGTF7m,boy,2학년,자해 행동,0,자살 및 위기 문제,7
학생219 ,-ObjSBne-e7Li_xGTF7m,boy,2학년,자살 계획,0,자살 및 위기 문제,7
학생219 ,-ObjSBne-e7Li_xGTF7m,boy,2학년,심각한 자살사고,0,자살 및 위기 문제,7
학생219 ,-ObjSBne-e7Li_xGTF7m,boy,2학년,절망감,0,자살 및 위기 문제,7
학생219 ,-ObjSBne-e7Li_xGTF7m,boy,2학년,자살 시도,0,자살 및 위기 문제,7
학생219 ,-ObjSBne-e7Li_xGTF7m,boy,2학년,빈번한 거짓말,0,외현화 문제,7
학생219 ,-ObjSBne-e7Li_xGTF7m,boy,2학년,또래 갈등,0,외현화 문제,7
학생219 ,-ObjSBne-e7Li_xGTF7m,boy,2학년,반항 행동,0,외현화 문제,7
학생219 ,-ObjSBne-e7Li_xGTF7m,boy,2학년,괴롭힘 가해,0,외현화 문제,7
학생219 ,-ObjSBne-e7Li_xGTF7m,boy,2학년,외상 침습증상,0,심리외상 문제,7
학생219 ,-ObjSBne-e7Li_xGTF7m,boy,2학년,외상 관련 악몽,0,심리외상 문제,7
학생219 ,-ObjSBne-e7Li_xGTF7m,boy,2학년,외상 후 고립,0,심리외상 문제,7
학생219 ,-ObjSBne-e7Li_xGTF7m,boy,2학년,외상 후 과각성,0,심리외상 문제,7
학생219 ,-ObjSBne-e7Li_xGTF7m,boy,2학년,외상 회피행동,0,심리외상 문제,7
학생219 ,-ObjSBne-e7Li_xGTF7m,boy,2학년,흡연 문제,0,외현화 문제,7
학생219 ,-ObjSBne-e7Li_xGTF7m,boy,2학년,음주 문제,0,외현화 문제,7
학생219 ,-ObjSBne-e7Li_xGTF7m,boy,2학년,적응력 저하,0,학교생활적응 문제,7
학생219 ,-ObjSBne-e7Li_xGTF7m,boy,2학년,분리 불안,0,학교생활적응 문제,7
학생219 ,-ObjSBne-e7Li_xGTF7m,boy,2학년,학습 어려움,0,학교생활적응 문제,7
학생219 ,-ObjSBne-e7Li_xGTF7m,boy,2학년,재산 관련 비행,0,외현화 문제,7
학생219 ,-ObjSBne-e7Li_xGTF7m,boy,2학년,게임 과몰입,0,외현화 문제,7
학생219 ,-ObjSBne-e7Li_xGTF7m,boy,2학년,관계 형성 곤란,0,학교생활적응 문제,7
학생219 ,-ObjSBne-e7Li_xGTF7m,boy,2학년,등교 거부,0,학교생활적응 문제,7
학생219 ,-ObjSBne-e7Li_xGTF7m,boy,2학년,괴롭힘 피해,1,심리외상 문제,7
학생219 ,-ObjSBne-e7Li_xGTF7m,boy,2학년,따돌림 피해,1,심리외상 문제,7
학생22 ,-ObjRPGe-HNO-mc0hBXC,girl,1학년,사회적 긴장,0,불안 및 우울 문제,7
학생22 ,-ObjRPGe-HNO-mc0hBXC,girl,1학년,감정 기복,1,불안 및 우울 문제,7
학생22 ,-ObjRPGe-HNO-mc0hBXC,girl,1학년,과도한 죄책감,0,불안 및 우울 문제,7
학생22 ,-ObjRPGe-HNO-mc0hBXC,girl,1학년,과민성/짜증,1,불안 및 우울 문제,7
학생22 ,-ObjRPGe-HNO-mc0hBXC,girl,1학년,낮은 자존감,0,학교생활적응 문제,7
학생22 ,-ObjRPGe-HNO-mc0hBXC,girl,1학년,무기력/피로,1,불안 및 우울 문제,7
학생22 ,-ObjRPGe-HNO-mc0hBXC,girl,1학년,예기 불안,1,불안 및 우울 문제,7
학생22 ,-ObjRPGe-HNO-mc0hBXC,girl,1학년,과도한 불안,0,불안 및 우울 문제,7
학생22 ,-ObjRPGe-HNO-mc0hBXC,girl,1학년,우울 증상,1,불안 및 우울 문제,7
학생22 ,-ObjRPGe-HNO-mc0hBXC,girl,1학년,수면 문제,1,학교생활적응 문제,7
학생22 ,-ObjRPGe-HNO-mc0hBXC,girl,1학년,자살 사고,1,자살 및 위기 문제,7
학생22 ,-ObjRPGe-HNO-mc0hBXC,girl,1학년,자해 행동,0,자살 및 위기 문제,7
학생22 ,-ObjRPGe-HNO-mc0hBXC,girl,1학년,자살 계획,0,자살 및 위기 문제,7
학생22 ,-ObjRPGe-HNO-mc0hBXC,girl,1학년,심각한 자살사고,0,자살 및 위기 문제,7
학생22 ,-ObjRPGe-HNO-mc0hBXC,girl,1학년,절망감,0,자살 및 위기 문제,7
학생22 ,-ObjRPGe-HNO-mc0hBXC,girl,1학년,자살 시도,0,자살 및 위기 문제,7
학생22 ,-ObjRPGe-HNO-mc0hBXC,girl,1학년,빈번한 거짓말,0,외현화 문제,7
학생22 ,-ObjRPGe-HNO-mc0hBXC,girl,1학년,또래 갈등,0,외현화 문제,7
학생22 ,-ObjRPGe-HNO-mc0hBXC,girl,1학년,반항 행동,0,외현화 문제,7
학생22 ,-ObjRPGe-HNO-mc0hBXC,girl,1학년,괴롭힘 가해,0,외현화 문제,7
학생22 ,-ObjRPGe-HNO-mc0hBXC,girl,1학년,외상 침습증상,0,심리외상 문제,7
학생22 ,-ObjRPGe-HNO-mc0hBXC,girl,1학년,외상 관련 악몽,0,심리외상 문제,7
학생22 ,-ObjRPGe-HNO-mc0hBXC,girl,1학년,외상 후 고립,0,심리외상 문제,7
학생22 ,-ObjRPGe-HNO-mc0hBXC,girl,1학년,외상 후 과각성,0,심리외상 문제,7
학생22 ,-ObjRPGe-HNO-mc0hBXC,girl,1학년,외상 회피행동,0,심리외상 문제,7
학생22 ,-ObjRPGe-HNO-mc0hBXC,girl,1학년,흡연 문제,0,외현화 문제,7
학생22 ,-ObjRPGe-HNO-mc0hBXC,girl,1학년,음주 문제,0,외현화 문제,7
학생22 ,-ObjRPGe-HNO-mc0hBXC,girl,1학년,적응력 저하,0,학교생활적응 문제,7
학생22 ,-ObjRPGe-HNO-mc0hBXC,girl,1학년,분리 불안,0,학교생활적응 문제,7
학생22 ,-ObjRPGe-HNO-mc0hBXC,girl,1학년,학습 어려움,0,학교생활적응 문제,7
학생22 ,-ObjRPGe-HNO-mc0hBXC,girl,1학년,재산 관련 비행,0,외현화 문제,7
학생22 ,-ObjRPGe-HNO-mc0hBXC,girl,1학년,게임 과몰입,0,외현화 문제,7
학생22 ,-ObjRPGe-HNO-mc0hBXC,girl,1학년,관계 형성 곤란,0,학교생활적응 문제,7
학생22 ,-ObjRPGe-HNO-mc0hBXC,girl,1학년,등교 거부,0,학교생활적응 문제,7
학생22 ,-ObjRPGe-HNO-mc0hBXC,girl,1학년,괴롭힘 피해,0,심리외상 문제,7
학생22 ,-ObjRPGe-HNO-mc0hBXC,girl,1학년,따돌림 피해,0,심리외상 문제,7
학생220 ,-ObjSBsmXz2Xu7144F7E,boy,3학년,사회적 긴장,1,불안 및 우울 문제,16
학생220 ,-ObjSBsmXz2Xu7144F7E,boy,3학년,감정 기복,1,불안 및 우울 문제,16
학생220 ,-ObjSBsmXz2Xu7144F7E,boy,3학년,과도한 죄책감,1,불안 및 우울 문제,16
학생220 ,-ObjSBsmXz2Xu7144F7E,boy,3학년,과민성/짜증,1,불안 및 우울 문제,16
학생220 ,-ObjSBsmXz2Xu7144F7E,boy,3학년,낮은 자존감,2,학교생활적응 문제,16
학생220 ,-ObjSBsmXz2Xu7144F7E,boy,3학년,무기력/피로,2,불안 및 우울 문제,16
학생220 ,-ObjSBsmXz2Xu7144F7E,boy,3학년,예기 불안,3,불안 및 우울 문제,16
학생220 ,-ObjSBsmXz2Xu7144F7E,boy,3학년,과도한 불안,2,불안 및 우울 문제,16
학생220 ,-ObjSBsmXz2Xu7144F7E,boy,3학년,우울 증상,1,불안 및 우울 문제,16
학생220 ,-ObjSBsmXz2Xu7144F7E,boy,3학년,수면 문제,1,학교생활적응 문제,16
학생220 ,-ObjSBsmXz2Xu7144F7E,boy,3학년,자살 사고,0,자살 및 위기 문제,16
학생220 ,-ObjSBsmXz2Xu7144F7E,boy,3학년,자해 행동,0,자살 및 위기 문제,16
학생220 ,-ObjSBsmXz2Xu7144F7E,boy,3학년,자살 계획,0,자살 및 위기 문제,16
학생220 ,-ObjSBsmXz2Xu7144F7E,boy,3학년,심각한 자살사고,0,자살 및 위기 문제,16
학생220 ,-ObjSBsmXz2Xu7144F7E,boy,3학년,절망감,0,자살 및 위기 문제,16
학생220 ,-ObjSBsmXz2Xu7144F7E,boy,3학년,자살 시도,0,자살 및 위기 문제,16
학생220 ,-ObjSBsmXz2Xu7144F7E,boy,3학년,빈번한 거짓말,1,외현화 문제,16
학생220 ,-ObjSBsmXz2Xu7144F7E,boy,3학년,또래 갈등,0,외현화 문제,16
학생220 ,-ObjSBsmXz2Xu7144F7E,boy,3학년,반항 행동,0,외현화 문제,16
학생220 ,-ObjSBsmXz2Xu7144F7E,boy,3학년,괴롭힘 가해,0,외현화 문제,16
학생220 ,-ObjSBsmXz2Xu7144F7E,boy,3학년,외상 침습증상,0,심리외상 문제,16
학생220 ,-ObjSBsmXz2Xu7144F7E,boy,3학년,외상 관련 악몽,0,심리외상 문제,16
학생220 ,-ObjSBsmXz2Xu7144F7E,boy,3학년,외상 후 고립,0,심리외상 문제,16
학생220 ,-ObjSBsmXz2Xu7144F7E,boy,3학년,외상 후 과각성,0,심리외상 문제,16
학생220 ,-ObjSBsmXz2Xu7144F7E,boy,3학년,외상 회피행동,0,심리외상 문제,16
학생220 ,-ObjSBsmXz2Xu7144F7E,boy,3학년,흡연 문제,0,외현화 문제,16
학생220 ,-ObjSBsmXz2Xu7144F7E,boy,3학년,음주 문제,0,외현화 문제,16
학생220 ,-ObjSBsmXz2Xu7144F7E,boy,3학년,적응력 저하,0,학교생활적응 문제,16
학생220 ,-ObjSBsmXz2Xu7144F7E,boy,3학년,분리 불안,0,학교생활적응 문제,16
학생220 ,-ObjSBsmXz2Xu7144F7E,boy,3학년,학습 어려움,0,학교생활적응 문제,16
학생220 ,-ObjSBsmXz2Xu7144F7E,boy,3학년,재산 관련 비행,0,외현화 문제,16
학생220 ,-ObjSBsmXz2Xu7144F7E,boy,3학년,게임 과몰입,0,외현화 문제,16
학생220 ,-ObjSBsmXz2Xu7144F7E,boy,3학년,관계 형성 곤란,0,학교생활적응 문제,16
학생220 ,-ObjSBsmXz2Xu7144F7E,boy,3학년,등교 거부,0,학교생활적응 문제,16
학생220 ,-ObjSBsmXz2Xu7144F7E,boy,3학년,괴롭힘 피해,0,심리외상 문제,16
학생220 ,-ObjSBsmXz2Xu7144F7E,boy,3학년,따돌림 피해,0,심리외상 문제,16
학생221 ,-ObjSC8P0oa6xP2xXj-W,girl,1학년,사회적 긴장,1,불안 및 우울 문제,11
학생221 ,-ObjSC8P0oa6xP2xXj-W,girl,1학년,감정 기복,1,불안 및 우울 문제,11
학생221 ,-ObjSC8P0oa6xP2xXj-W,girl,1학년,과도한 죄책감,2,불안 및 우울 문제,11
학생221 ,-ObjSC8P0oa6xP2xXj-W,girl,1학년,과민성/짜증,1,불안 및 우울 문제,11
학생221 ,-ObjSC8P0oa6xP2xXj-W,girl,1학년,낮은 자존감,1,학교생활적응 문제,11
학생221 ,-ObjSC8P0oa6xP2xXj-W,girl,1학년,무기력/피로,0,불안 및 우울 문제,11
학생221 ,-ObjSC8P0oa6xP2xXj-W,girl,1학년,예기 불안,1,불안 및 우울 문제,11
학생221 ,-ObjSC8P0oa6xP2xXj-W,girl,1학년,과도한 불안,1,불안 및 우울 문제,11
학생221 ,-ObjSC8P0oa6xP2xXj-W,girl,1학년,우울 증상,0,불안 및 우울 문제,11
학생221 ,-ObjSC8P0oa6xP2xXj-W,girl,1학년,수면 문제,1,학교생활적응 문제,11
학생221 ,-ObjSC8P0oa6xP2xXj-W,girl,1학년,자살 사고,0,자살 및 위기 문제,11
학생221 ,-ObjSC8P0oa6xP2xXj-W,girl,1학년,자해 행동,0,자살 및 위기 문제,11
학생221 ,-ObjSC8P0oa6xP2xXj-W,girl,1학년,자살 계획,0,자살 및 위기 문제,11
학생221 ,-ObjSC8P0oa6xP2xXj-W,girl,1학년,심각한 자살사고,0,자살 및 위기 문제,11
학생221 ,-ObjSC8P0oa6xP2xXj-W,girl,1학년,절망감,0,자살 및 위기 문제,11
학생221 ,-ObjSC8P0oa6xP2xXj-W,girl,1학년,자살 시도,0,자살 및 위기 문제,11
학생221 ,-ObjSC8P0oa6xP2xXj-W,girl,1학년,빈번한 거짓말,0,외현화 문제,11
학생221 ,-ObjSC8P0oa6xP2xXj-W,girl,1학년,또래 갈등,0,외현화 문제,11
학생221 ,-ObjSC8P0oa6xP2xXj-W,girl,1학년,반항 행동,0,외현화 문제,11
학생221 ,-ObjSC8P0oa6xP2xXj-W,girl,1학년,괴롭힘 가해,0,외현화 문제,11
학생221 ,-ObjSC8P0oa6xP2xXj-W,girl,1학년,외상 침습증상,1,심리외상 문제,11
학생221 ,-ObjSC8P0oa6xP2xXj-W,girl,1학년,외상 관련 악몽,0,심리외상 문제,11
학생221 ,-ObjSC8P0oa6xP2xXj-W,girl,1학년,외상 후 고립,1,심리외상 문제,11
학생221 ,-ObjSC8P0oa6xP2xXj-W,girl,1학년,외상 후 과각성,0,심리외상 문제,11
학생221 ,-ObjSC8P0oa6xP2xXj-W,girl,1학년,외상 회피행동,0,심리외상 문제,11
학생221 ,-ObjSC8P0oa6xP2xXj-W,girl,1학년,흡연 문제,0,외현화 문제,11
학생221 ,-ObjSC8P0oa6xP2xXj-W,girl,1학년,음주 문제,0,외현화 문제,11
학생221 ,-ObjSC8P0oa6xP2xXj-W,girl,1학년,적응력 저하,0,학교생활적응 문제,11
학생221 ,-ObjSC8P0oa6xP2xXj-W,girl,1학년,분리 불안,0,학교생활적응 문제,11
학생221 ,-ObjSC8P0oa6xP2xXj-W,girl,1학년,학습 어려움,0,학교생활적응 문제,11
학생221 ,-ObjSC8P0oa6xP2xXj-W,girl,1학년,재산 관련 비행,0,외현화 문제,11
학생221 ,-ObjSC8P0oa6xP2xXj-W,girl,1학년,게임 과몰입,0,외현화 문제,11
학생221 ,-ObjSC8P0oa6xP2xXj-W,girl,1학년,관계 형성 곤란,0,학교생활적응 문제,11
학생221 ,-ObjSC8P0oa6xP2xXj-W,girl,1학년,등교 거부,0,학교생활적응 문제,11
학생221 ,-ObjSC8P0oa6xP2xXj-W,girl,1학년,괴롭힘 피해,0,심리외상 문제,11
학생221 ,-ObjSC8P0oa6xP2xXj-W,girl,1학년,따돌림 피해,0,심리외상 문제,11
학생222 ,-ObjSCjoaEe7kC6y6mb2,boy,2학년,사회적 긴장,1,불안 및 우울 문제,6
학생222 ,-ObjSCjoaEe7kC6y6mb2,boy,2학년,감정 기복,0,불안 및 우울 문제,6
학생222 ,-ObjSCjoaEe7kC6y6mb2,boy,2학년,과도한 죄책감,0,불안 및 우울 문제,6
학생222 ,-ObjSCjoaEe7kC6y6mb2,boy,2학년,과민성/짜증,0,불안 및 우울 문제,6
학생222 ,-ObjSCjoaEe7kC6y6mb2,boy,2학년,낮은 자존감,0,학교생활적응 문제,6
학생222 ,-ObjSCjoaEe7kC6y6mb2,boy,2학년,무기력/피로,0,불안 및 우울 문제,6
학생222 ,-ObjSCjoaEe7kC6y6mb2,boy,2학년,예기 불안,1,불안 및 우울 문제,6
학생222 ,-ObjSCjoaEe7kC6y6mb2,boy,2학년,과도한 불안,0,불안 및 우울 문제,6
학생222 ,-ObjSCjoaEe7kC6y6mb2,boy,2학년,우울 증상,0,불안 및 우울 문제,6
학생222 ,-ObjSCjoaEe7kC6y6mb2,boy,2학년,수면 문제,2,학교생활적응 문제,6
학생222 ,-ObjSCjoaEe7kC6y6mb2,boy,2학년,자살 사고,0,자살 및 위기 문제,6
학생222 ,-ObjSCjoaEe7kC6y6mb2,boy,2학년,자해 행동,0,자살 및 위기 문제,6
학생222 ,-ObjSCjoaEe7kC6y6mb2,boy,2학년,자살 계획,0,자살 및 위기 문제,6
학생222 ,-ObjSCjoaEe7kC6y6mb2,boy,2학년,심각한 자살사고,0,자살 및 위기 문제,6
학생222 ,-ObjSCjoaEe7kC6y6mb2,boy,2학년,절망감,0,자살 및 위기 문제,6
학생222 ,-ObjSCjoaEe7kC6y6mb2,boy,2학년,자살 시도,0,자살 및 위기 문제,6
학생222 ,-ObjSCjoaEe7kC6y6mb2,boy,2학년,빈번한 거짓말,1,외현화 문제,6
학생222 ,-ObjSCjoaEe7kC6y6mb2,boy,2학년,또래 갈등,0,외현화 문제,6
학생222 ,-ObjSCjoaEe7kC6y6mb2,boy,2학년,반항 행동,0,외현화 문제,6
학생222 ,-ObjSCjoaEe7kC6y6mb2,boy,2학년,괴롭힘 가해,0,외현화 문제,6
학생222 ,-ObjSCjoaEe7kC6y6mb2,boy,2학년,외상 침습증상,0,심리외상 문제,6
학생222 ,-ObjSCjoaEe7kC6y6mb2,boy,2학년,외상 관련 악몽,0,심리외상 문제,6
학생222 ,-ObjSCjoaEe7kC6y6mb2,boy,2학년,외상 후 고립,0,심리외상 문제,6
학생222 ,-ObjSCjoaEe7kC6y6mb2,boy,2학년,외상 후 과각성,0,심리외상 문제,6
학생222 ,-ObjSCjoaEe7kC6y6mb2,boy,2학년,외상 회피행동,0,심리외상 문제,6
학생222 ,-ObjSCjoaEe7kC6y6mb2,boy,2학년,흡연 문제,0,외현화 문제,6
학생222 ,-ObjSCjoaEe7kC6y6mb2,boy,2학년,음주 문제,0,외현화 문제,6
학생222 ,-ObjSCjoaEe7kC6y6mb2,boy,2학년,적응력 저하,0,학교생활적응 문제,6
학생222 ,-ObjSCjoaEe7kC6y6mb2,boy,2학년,분리 불안,0,학교생활적응 문제,6
학생222 ,-ObjSCjoaEe7kC6y6mb2,boy,2학년,학습 어려움,0,학교생활적응 문제,6
학생222 ,-ObjSCjoaEe7kC6y6mb2,boy,2학년,재산 관련 비행,0,외현화 문제,6
학생222 ,-ObjSCjoaEe7kC6y6mb2,boy,2학년,게임 과몰입,1,외현화 문제,6
학생222 ,-ObjSCjoaEe7kC6y6mb2,boy,2학년,관계 형성 곤란,0,학교생활적응 문제,6
학생222 ,-ObjSCjoaEe7kC6y6mb2,boy,2학년,등교 거부,0,학교생활적응 문제,6
학생222 ,-ObjSCjoaEe7kC6y6mb2,boy,2학년,괴롭힘 피해,0,심리외상 문제,6
학생222 ,-ObjSCjoaEe7kC6y6mb2,boy,2학년,따돌림 피해,0,심리외상 문제,6
학생223 ,-ObjSE7IW7-rlvcHaXKw,boy,2학년,사회적 긴장,1,불안 및 우울 문제,23
학생223 ,-ObjSE7IW7-rlvcHaXKw,boy,2학년,감정 기복,1,불안 및 우울 문제,23
학생223 ,-ObjSE7IW7-rlvcHaXKw,boy,2학년,과도한 죄책감,2,불안 및 우울 문제,23
학생223 ,-ObjSE7IW7-rlvcHaXKw,boy,2학년,과민성/짜증,3,불안 및 우울 문제,23
학생223 ,-ObjSE7IW7-rlvcHaXKw,boy,2학년,낮은 자존감,1,학교생활적응 문제,23
학생223 ,-ObjSE7IW7-rlvcHaXKw,boy,2학년,무기력/피로,2,불안 및 우울 문제,23
학생223 ,-ObjSE7IW7-rlvcHaXKw,boy,2학년,예기 불안,3,불안 및 우울 문제,23
학생223 ,-ObjSE7IW7-rlvcHaXKw,boy,2학년,과도한 불안,3,불안 및 우울 문제,23
학생223 ,-ObjSE7IW7-rlvcHaXKw,boy,2학년,우울 증상,2,불안 및 우울 문제,23
학생223 ,-ObjSE7IW7-rlvcHaXKw,boy,2학년,수면 문제,3,학교생활적응 문제,23
학생223 ,-ObjSE7IW7-rlvcHaXKw,boy,2학년,자살 사고,1,자살 및 위기 문제,23
학생223 ,-ObjSE7IW7-rlvcHaXKw,boy,2학년,자해 행동,0,자살 및 위기 문제,23
학생223 ,-ObjSE7IW7-rlvcHaXKw,boy,2학년,자살 계획,0,자살 및 위기 문제,23
학생223 ,-ObjSE7IW7-rlvcHaXKw,boy,2학년,심각한 자살사고,0,자살 및 위기 문제,23
학생223 ,-ObjSE7IW7-rlvcHaXKw,boy,2학년,절망감,0,자살 및 위기 문제,23
학생223 ,-ObjSE7IW7-rlvcHaXKw,boy,2학년,자살 시도,0,자살 및 위기 문제,23
학생223 ,-ObjSE7IW7-rlvcHaXKw,boy,2학년,빈번한 거짓말,0,외현화 문제,23
학생223 ,-ObjSE7IW7-rlvcHaXKw,boy,2학년,또래 갈등,0,외현화 문제,23
학생223 ,-ObjSE7IW7-rlvcHaXKw,boy,2학년,반항 행동,0,외현화 문제,23
학생223 ,-ObjSE7IW7-rlvcHaXKw,boy,2학년,괴롭힘 가해,0,외현화 문제,23
학생223 ,-ObjSE7IW7-rlvcHaXKw,boy,2학년,외상 침습증상,0,심리외상 문제,23
학생223 ,-ObjSE7IW7-rlvcHaXKw,boy,2학년,외상 관련 악몽,0,심리외상 문제,23
학생223 ,-ObjSE7IW7-rlvcHaXKw,boy,2학년,외상 후 고립,0,심리외상 문제,23
학생223 ,-ObjSE7IW7-rlvcHaXKw,boy,2학년,외상 후 과각성,0,심리외상 문제,23
학생223 ,-ObjSE7IW7-rlvcHaXKw,boy,2학년,외상 회피행동,0,심리외상 문제,23
학생223 ,-ObjSE7IW7-rlvcHaXKw,boy,2학년,흡연 문제,0,외현화 문제,23
학생223 ,-ObjSE7IW7-rlvcHaXKw,boy,2학년,음주 문제,0,외현화 문제,23
학생223 ,-ObjSE7IW7-rlvcHaXKw,boy,2학년,적응력 저하,0,학교생활적응 문제,23
학생223 ,-ObjSE7IW7-rlvcHaXKw,boy,2학년,분리 불안,1,학교생활적응 문제,23
학생223 ,-ObjSE7IW7-rlvcHaXKw,boy,2학년,학습 어려움,0,학교생활적응 문제,23
학생223 ,-ObjSE7IW7-rlvcHaXKw,boy,2학년,재산 관련 비행,0,외현화 문제,23
학생223 ,-ObjSE7IW7-rlvcHaXKw,boy,2학년,게임 과몰입,0,외현화 문제,23
학생223 ,-ObjSE7IW7-rlvcHaXKw,boy,2학년,관계 형성 곤란,0,학교생활적응 문제,23
학생223 ,-ObjSE7IW7-rlvcHaXKw,boy,2학년,등교 거부,0,학교생활적응 문제,23
학생223 ,-ObjSE7IW7-rlvcHaXKw,boy,2학년,괴롭힘 피해,0,심리외상 문제,23
학생223 ,-ObjSE7IW7-rlvcHaXKw,boy,2학년,따돌림 피해,0,심리외상 문제,23
학생224 ,-ObjSEMRhGlFwmQnz6tx,girl,2학년,사회적 긴장,1,불안 및 우울 문제,11
학생224 ,-ObjSEMRhGlFwmQnz6tx,girl,2학년,감정 기복,1,불안 및 우울 문제,11
학생224 ,-ObjSEMRhGlFwmQnz6tx,girl,2학년,과도한 죄책감,1,불안 및 우울 문제,11
학생224 ,-ObjSEMRhGlFwmQnz6tx,girl,2학년,과민성/짜증,1,불안 및 우울 문제,11
학생224 ,-ObjSEMRhGlFwmQnz6tx,girl,2학년,낮은 자존감,1,학교생활적응 문제,11
학생224 ,-ObjSEMRhGlFwmQnz6tx,girl,2학년,무기력/피로,1,불안 및 우울 문제,11
학생224 ,-ObjSEMRhGlFwmQnz6tx,girl,2학년,예기 불안,1,불안 및 우울 문제,11
학생224 ,-ObjSEMRhGlFwmQnz6tx,girl,2학년,과도한 불안,1,불안 및 우울 문제,11
학생224 ,-ObjSEMRhGlFwmQnz6tx,girl,2학년,우울 증상,1,불안 및 우울 문제,11
학생224 ,-ObjSEMRhGlFwmQnz6tx,girl,2학년,수면 문제,0,학교생활적응 문제,11
학생224 ,-ObjSEMRhGlFwmQnz6tx,girl,2학년,자살 사고,0,자살 및 위기 문제,11
학생224 ,-ObjSEMRhGlFwmQnz6tx,girl,2학년,자해 행동,0,자살 및 위기 문제,11
학생224 ,-ObjSEMRhGlFwmQnz6tx,girl,2학년,자살 계획,0,자살 및 위기 문제,11
학생224 ,-ObjSEMRhGlFwmQnz6tx,girl,2학년,심각한 자살사고,0,자살 및 위기 문제,11
학생224 ,-ObjSEMRhGlFwmQnz6tx,girl,2학년,절망감,0,자살 및 위기 문제,11
학생224 ,-ObjSEMRhGlFwmQnz6tx,girl,2학년,자살 시도,0,자살 및 위기 문제,11
학생224 ,-ObjSEMRhGlFwmQnz6tx,girl,2학년,빈번한 거짓말,0,외현화 문제,11
학생224 ,-ObjSEMRhGlFwmQnz6tx,girl,2학년,또래 갈등,0,외현화 문제,11
학생224 ,-ObjSEMRhGlFwmQnz6tx,girl,2학년,반항 행동,0,외현화 문제,11
학생224 ,-ObjSEMRhGlFwmQnz6tx,girl,2학년,괴롭힘 가해,0,외현화 문제,11
학생224 ,-ObjSEMRhGlFwmQnz6tx,girl,2학년,외상 침습증상,1,심리외상 문제,11
학생224 ,-ObjSEMRhGlFwmQnz6tx,girl,2학년,외상 관련 악몽,0,심리외상 문제,11
학생224 ,-ObjSEMRhGlFwmQnz6tx,girl,2학년,외상 후 고립,0,심리외상 문제,11
학생224 ,-ObjSEMRhGlFwmQnz6tx,girl,2학년,외상 후 과각성,0,심리외상 문제,11
학생224 ,-ObjSEMRhGlFwmQnz6tx,girl,2학년,외상 회피행동,0,심리외상 문제,11
학생224 ,-ObjSEMRhGlFwmQnz6tx,girl,2학년,흡연 문제,0,외현화 문제,11
학생224 ,-ObjSEMRhGlFwmQnz6tx,girl,2학년,음주 문제,0,외현화 문제,11
학생224 ,-ObjSEMRhGlFwmQnz6tx,girl,2학년,적응력 저하,0,학교생활적응 문제,11
학생224 ,-ObjSEMRhGlFwmQnz6tx,girl,2학년,분리 불안,0,학교생활적응 문제,11
학생224 ,-ObjSEMRhGlFwmQnz6tx,girl,2학년,학습 어려움,0,학교생활적응 문제,11
학생224 ,-ObjSEMRhGlFwmQnz6tx,girl,2학년,재산 관련 비행,0,외현화 문제,11
학생224 ,-ObjSEMRhGlFwmQnz6tx,girl,2학년,게임 과몰입,0,외현화 문제,11
학생224 ,-ObjSEMRhGlFwmQnz6tx,girl,2학년,관계 형성 곤란,1,학교생활적응 문제,11
학생224 ,-ObjSEMRhGlFwmQnz6tx,girl,2학년,등교 거부,0,학교생활적응 문제,11
학생224 ,-ObjSEMRhGlFwmQnz6tx,girl,2학년,괴롭힘 피해,0,심리외상 문제,11
학생224 ,-ObjSEMRhGlFwmQnz6tx,girl,2학년,따돌림 피해,0,심리외상 문제,11
학생225 ,-ObjSFRhsLm78jxLwgzr,girl,1학년,사회적 긴장,0,불안 및 우울 문제,5
학생225 ,-ObjSFRhsLm78jxLwgzr,girl,1학년,감정 기복,1,불안 및 우울 문제,5
학생225 ,-ObjSFRhsLm78jxLwgzr,girl,1학년,과도한 죄책감,0,불안 및 우울 문제,5
학생225 ,-ObjSFRhsLm78jxLwgzr,girl,1학년,과민성/짜증,1,불안 및 우울 문제,5
학생225 ,-ObjSFRhsLm78jxLwgzr,girl,1학년,낮은 자존감,1,학교생활적응 문제,5
학생225 ,-ObjSFRhsLm78jxLwgzr,girl,1학년,무기력/피로,0,불안 및 우울 문제,5
학생225 ,-ObjSFRhsLm78jxLwgzr,girl,1학년,예기 불안,1,불안 및 우울 문제,5
학생225 ,-ObjSFRhsLm78jxLwgzr,girl,1학년,과도한 불안,1,불안 및 우울 문제,5
학생225 ,-ObjSFRhsLm78jxLwgzr,girl,1학년,우울 증상,0,불안 및 우울 문제,5
학생225 ,-ObjSFRhsLm78jxLwgzr,girl,1학년,수면 문제,0,학교생활적응 문제,5
학생225 ,-ObjSFRhsLm78jxLwgzr,girl,1학년,자살 사고,0,자살 및 위기 문제,5
학생225 ,-ObjSFRhsLm78jxLwgzr,girl,1학년,자해 행동,0,자살 및 위기 문제,5
학생225 ,-ObjSFRhsLm78jxLwgzr,girl,1학년,자살 계획,0,자살 및 위기 문제,5
학생225 ,-ObjSFRhsLm78jxLwgzr,girl,1학년,심각한 자살사고,0,자살 및 위기 문제,5
학생225 ,-ObjSFRhsLm78jxLwgzr,girl,1학년,절망감,0,자살 및 위기 문제,5
학생225 ,-ObjSFRhsLm78jxLwgzr,girl,1학년,자살 시도,0,자살 및 위기 문제,5
학생225 ,-ObjSFRhsLm78jxLwgzr,girl,1학년,빈번한 거짓말,0,외현화 문제,5
학생225 ,-ObjSFRhsLm78jxLwgzr,girl,1학년,또래 갈등,0,외현화 문제,5
학생225 ,-ObjSFRhsLm78jxLwgzr,girl,1학년,반항 행동,0,외현화 문제,5
학생225 ,-ObjSFRhsLm78jxLwgzr,girl,1학년,괴롭힘 가해,0,외현화 문제,5
학생225 ,-ObjSFRhsLm78jxLwgzr,girl,1학년,외상 침습증상,0,심리외상 문제,5
학생225 ,-ObjSFRhsLm78jxLwgzr,girl,1학년,외상 관련 악몽,0,심리외상 문제,5
학생225 ,-ObjSFRhsLm78jxLwgzr,girl,1학년,외상 후 고립,0,심리외상 문제,5
학생225 ,-ObjSFRhsLm78jxLwgzr,girl,1학년,외상 후 과각성,0,심리외상 문제,5
학생225 ,-ObjSFRhsLm78jxLwgzr,girl,1학년,외상 회피행동,0,심리외상 문제,5
학생225 ,-ObjSFRhsLm78jxLwgzr,girl,1학년,흡연 문제,0,외현화 문제,5
학생225 ,-ObjSFRhsLm78jxLwgzr,girl,1학년,음주 문제,0,외현화 문제,5
학생225 ,-ObjSFRhsLm78jxLwgzr,girl,1학년,적응력 저하,0,학교생활적응 문제,5
학생225 ,-ObjSFRhsLm78jxLwgzr,girl,1학년,분리 불안,0,학교생활적응 문제,5
학생225 ,-ObjSFRhsLm78jxLwgzr,girl,1학년,학습 어려움,0,학교생활적응 문제,5
학생225 ,-ObjSFRhsLm78jxLwgzr,girl,1학년,재산 관련 비행,0,외현화 문제,5
학생225 ,-ObjSFRhsLm78jxLwgzr,girl,1학년,게임 과몰입,0,외현화 문제,5
학생225 ,-ObjSFRhsLm78jxLwgzr,girl,1학년,관계 형성 곤란,0,학교생활적응 문제,5
학생225 ,-ObjSFRhsLm78jxLwgzr,girl,1학년,등교 거부,0,학교생활적응 문제,5
학생225 ,-ObjSFRhsLm78jxLwgzr,girl,1학년,괴롭힘 피해,0,심리외상 문제,5
학생225 ,-ObjSFRhsLm78jxLwgzr,girl,1학년,따돌림 피해,0,심리외상 문제,5
학생226 ,-ObjSFTWwWM5YQ0yY010,girl,2학년,사회적 긴장,0,불안 및 우울 문제,8
학생226 ,-ObjSFTWwWM5YQ0yY010,girl,2학년,감정 기복,1,불안 및 우울 문제,8
학생226 ,-ObjSFTWwWM5YQ0yY010,girl,2학년,과도한 죄책감,0,불안 및 우울 문제,8
학생226 ,-ObjSFTWwWM5YQ0yY010,girl,2학년,과민성/짜증,1,불안 및 우울 문제,8
학생226 ,-ObjSFTWwWM5YQ0yY010,girl,2학년,낮은 자존감,0,학교생활적응 문제,8
학생226 ,-ObjSFTWwWM5YQ0yY010,girl,2학년,무기력/피로,1,불안 및 우울 문제,8
학생226 ,-ObjSFTWwWM5YQ0yY010,girl,2학년,예기 불안,1,불안 및 우울 문제,8
학생226 ,-ObjSFTWwWM5YQ0yY010,girl,2학년,과도한 불안,0,불안 및 우울 문제,8
학생226 ,-ObjSFTWwWM5YQ0yY010,girl,2학년,우울 증상,0,불안 및 우울 문제,8
학생226 ,-ObjSFTWwWM5YQ0yY010,girl,2학년,수면 문제,3,학교생활적응 문제,8
학생226 ,-ObjSFTWwWM5YQ0yY010,girl,2학년,자살 사고,0,자살 및 위기 문제,8
학생226 ,-ObjSFTWwWM5YQ0yY010,girl,2학년,자해 행동,0,자살 및 위기 문제,8
학생226 ,-ObjSFTWwWM5YQ0yY010,girl,2학년,자살 계획,0,자살 및 위기 문제,8
학생226 ,-ObjSFTWwWM5YQ0yY010,girl,2학년,심각한 자살사고,0,자살 및 위기 문제,8
학생226 ,-ObjSFTWwWM5YQ0yY010,girl,2학년,절망감,0,자살 및 위기 문제,8
학생226 ,-ObjSFTWwWM5YQ0yY010,girl,2학년,자살 시도,0,자살 및 위기 문제,8
학생226 ,-ObjSFTWwWM5YQ0yY010,girl,2학년,빈번한 거짓말,1,외현화 문제,8
학생226 ,-ObjSFTWwWM5YQ0yY010,girl,2학년,또래 갈등,0,외현화 문제,8
학생226 ,-ObjSFTWwWM5YQ0yY010,girl,2학년,반항 행동,0,외현화 문제,8
학생226 ,-ObjSFTWwWM5YQ0yY010,girl,2학년,괴롭힘 가해,0,외현화 문제,8
학생226 ,-ObjSFTWwWM5YQ0yY010,girl,2학년,외상 침습증상,0,심리외상 문제,8
학생226 ,-ObjSFTWwWM5YQ0yY010,girl,2학년,외상 관련 악몽,0,심리외상 문제,8
학생226 ,-ObjSFTWwWM5YQ0yY010,girl,2학년,외상 후 고립,0,심리외상 문제,8
학생226 ,-ObjSFTWwWM5YQ0yY010,girl,2학년,외상 후 과각성,0,심리외상 문제,8
학생226 ,-ObjSFTWwWM5YQ0yY010,girl,2학년,외상 회피행동,0,심리외상 문제,8
학생226 ,-ObjSFTWwWM5YQ0yY010,girl,2학년,흡연 문제,0,외현화 문제,8
학생226 ,-ObjSFTWwWM5YQ0yY010,girl,2학년,음주 문제,0,외현화 문제,8
학생226 ,-ObjSFTWwWM5YQ0yY010,girl,2학년,적응력 저하,0,학교생활적응 문제,8
학생226 ,-ObjSFTWwWM5YQ0yY010,girl,2학년,분리 불안,0,학교생활적응 문제,8
학생226 ,-ObjSFTWwWM5YQ0yY010,girl,2학년,학습 어려움,0,학교생활적응 문제,8
학생226 ,-ObjSFTWwWM5YQ0yY010,girl,2학년,재산 관련 비행,0,외현화 문제,8
학생226 ,-ObjSFTWwWM5YQ0yY010,girl,2학년,게임 과몰입,0,외현화 문제,8
학생226 ,-ObjSFTWwWM5YQ0yY010,girl,2학년,관계 형성 곤란,0,학교생활적응 문제,8
학생226 ,-ObjSFTWwWM5YQ0yY010,girl,2학년,등교 거부,0,학교생활적응 문제,8
학생226 ,-ObjSFTWwWM5YQ0yY010,girl,2학년,괴롭힘 피해,0,심리외상 문제,8
학생226 ,-ObjSFTWwWM5YQ0yY010,girl,2학년,따돌림 피해,0,심리외상 문제,8
학생227 ,-ObjSFVXsNLBRFqajrld,girl,1학년,사회적 긴장,0,불안 및 우울 문제,2
학생227 ,-ObjSFVXsNLBRFqajrld,girl,1학년,감정 기복,0,불안 및 우울 문제,2
학생227 ,-ObjSFVXsNLBRFqajrld,girl,1학년,과도한 죄책감,0,불안 및 우울 문제,2
학생227 ,-ObjSFVXsNLBRFqajrld,girl,1학년,과민성/짜증,0,불안 및 우울 문제,2
학생227 ,-ObjSFVXsNLBRFqajrld,girl,1학년,낮은 자존감,0,학교생활적응 문제,2
학생227 ,-ObjSFVXsNLBRFqajrld,girl,1학년,무기력/피로,1,불안 및 우울 문제,2
학생227 ,-ObjSFVXsNLBRFqajrld,girl,1학년,예기 불안,0,불안 및 우울 문제,2
학생227 ,-ObjSFVXsNLBRFqajrld,girl,1학년,과도한 불안,0,불안 및 우울 문제,2
학생227 ,-ObjSFVXsNLBRFqajrld,girl,1학년,우울 증상,0,불안 및 우울 문제,2
학생227 ,-ObjSFVXsNLBRFqajrld,girl,1학년,수면 문제,1,학교생활적응 문제,2
학생227 ,-ObjSFVXsNLBRFqajrld,girl,1학년,자살 사고,0,자살 및 위기 문제,2
학생227 ,-ObjSFVXsNLBRFqajrld,girl,1학년,자해 행동,0,자살 및 위기 문제,2
학생227 ,-ObjSFVXsNLBRFqajrld,girl,1학년,자살 계획,0,자살 및 위기 문제,2
학생227 ,-ObjSFVXsNLBRFqajrld,girl,1학년,심각한 자살사고,0,자살 및 위기 문제,2
학생227 ,-ObjSFVXsNLBRFqajrld,girl,1학년,절망감,0,자살 및 위기 문제,2
학생227 ,-ObjSFVXsNLBRFqajrld,girl,1학년,자살 시도,0,자살 및 위기 문제,2
학생227 ,-ObjSFVXsNLBRFqajrld,girl,1학년,빈번한 거짓말,0,외현화 문제,2
학생227 ,-ObjSFVXsNLBRFqajrld,girl,1학년,또래 갈등,0,외현화 문제,2
학생227 ,-ObjSFVXsNLBRFqajrld,girl,1학년,반항 행동,0,외현화 문제,2
학생227 ,-ObjSFVXsNLBRFqajrld,girl,1학년,괴롭힘 가해,0,외현화 문제,2
학생227 ,-ObjSFVXsNLBRFqajrld,girl,1학년,외상 침습증상,0,심리외상 문제,2
학생227 ,-ObjSFVXsNLBRFqajrld,girl,1학년,외상 관련 악몽,0,심리외상 문제,2
학생227 ,-ObjSFVXsNLBRFqajrld,girl,1학년,외상 후 고립,0,심리외상 문제,2
학생227 ,-ObjSFVXsNLBRFqajrld,girl,1학년,외상 후 과각성,0,심리외상 문제,2
학생227 ,-ObjSFVXsNLBRFqajrld,girl,1학년,외상 회피행동,0,심리외상 문제,2
학생227 ,-ObjSFVXsNLBRFqajrld,girl,1학년,흡연 문제,0,외현화 문제,2
학생227 ,-ObjSFVXsNLBRFqajrld,girl,1학년,음주 문제,0,외현화 문제,2
학생227 ,-ObjSFVXsNLBRFqajrld,girl,1학년,적응력 저하,0,학교생활적응 문제,2
학생227 ,-ObjSFVXsNLBRFqajrld,girl,1학년,분리 불안,0,학교생활적응 문제,2
학생227 ,-ObjSFVXsNLBRFqajrld,girl,1학년,학습 어려움,0,학교생활적응 문제,2
학생227 ,-ObjSFVXsNLBRFqajrld,girl,1학년,재산 관련 비행,0,외현화 문제,2
학생227 ,-ObjSFVXsNLBRFqajrld,girl,1학년,게임 과몰입,0,외현화 문제,2
학생227 ,-ObjSFVXsNLBRFqajrld,girl,1학년,관계 형성 곤란,0,학교생활적응 문제,2
학생227 ,-ObjSFVXsNLBRFqajrld,girl,1학년,등교 거부,0,학교생활적응 문제,2
학생227 ,-ObjSFVXsNLBRFqajrld,girl,1학년,괴롭힘 피해,0,심리외상 문제,2
학생227 ,-ObjSFVXsNLBRFqajrld,girl,1학년,따돌림 피해,0,심리외상 문제,2
학생228 ,-ObjSGRMGuKzFogUH3as,boy,2학년,사회적 긴장,0,불안 및 우울 문제,3
학생228 ,-ObjSGRMGuKzFogUH3as,boy,2학년,감정 기복,0,불안 및 우울 문제,3
학생228 ,-ObjSGRMGuKzFogUH3as,boy,2학년,과도한 죄책감,0,불안 및 우울 문제,3
학생228 ,-ObjSGRMGuKzFogUH3as,boy,2학년,과민성/짜증,0,불안 및 우울 문제,3
학생228 ,-ObjSGRMGuKzFogUH3as,boy,2학년,낮은 자존감,0,학교생활적응 문제,3
학생228 ,-ObjSGRMGuKzFogUH3as,boy,2학년,무기력/피로,0,불안 및 우울 문제,3
학생228 ,-ObjSGRMGuKzFogUH3as,boy,2학년,예기 불안,0,불안 및 우울 문제,3
학생228 ,-ObjSGRMGuKzFogUH3as,boy,2학년,과도한 불안,0,불안 및 우울 문제,3
학생228 ,-ObjSGRMGuKzFogUH3as,boy,2학년,우울 증상,0,불안 및 우울 문제,3
학생228 ,-ObjSGRMGuKzFogUH3as,boy,2학년,수면 문제,0,학교생활적응 문제,3
학생228 ,-ObjSGRMGuKzFogUH3as,boy,2학년,자살 사고,0,자살 및 위기 문제,3
학생228 ,-ObjSGRMGuKzFogUH3as,boy,2학년,자해 행동,0,자살 및 위기 문제,3
학생228 ,-ObjSGRMGuKzFogUH3as,boy,2학년,자살 계획,0,자살 및 위기 문제,3
학생228 ,-ObjSGRMGuKzFogUH3as,boy,2학년,심각한 자살사고,0,자살 및 위기 문제,3
학생228 ,-ObjSGRMGuKzFogUH3as,boy,2학년,절망감,0,자살 및 위기 문제,3
학생228 ,-ObjSGRMGuKzFogUH3as,boy,2학년,자살 시도,0,자살 및 위기 문제,3
학생228 ,-ObjSGRMGuKzFogUH3as,boy,2학년,빈번한 거짓말,0,외현화 문제,3
학생228 ,-ObjSGRMGuKzFogUH3as,boy,2학년,또래 갈등,0,외현화 문제,3
학생228 ,-ObjSGRMGuKzFogUH3as,boy,2학년,반항 행동,0,외현화 문제,3
학생228 ,-ObjSGRMGuKzFogUH3as,boy,2학년,괴롭힘 가해,0,외현화 문제,3
학생228 ,-ObjSGRMGuKzFogUH3as,boy,2학년,외상 침습증상,0,심리외상 문제,3
학생228 ,-ObjSGRMGuKzFogUH3as,boy,2학년,외상 관련 악몽,0,심리외상 문제,3
학생228 ,-ObjSGRMGuKzFogUH3as,boy,2학년,외상 후 고립,0,심리외상 문제,3
학생228 ,-ObjSGRMGuKzFogUH3as,boy,2학년,외상 후 과각성,0,심리외상 문제,3
학생228 ,-ObjSGRMGuKzFogUH3as,boy,2학년,외상 회피행동,0,심리외상 문제,3
학생228 ,-ObjSGRMGuKzFogUH3as,boy,2학년,흡연 문제,0,외현화 문제,3
학생228 ,-ObjSGRMGuKzFogUH3as,boy,2학년,음주 문제,0,외현화 문제,3
학생228 ,-ObjSGRMGuKzFogUH3as,boy,2학년,적응력 저하,0,학교생활적응 문제,3
학생228 ,-ObjSGRMGuKzFogUH3as,boy,2학년,분리 불안,0,학교생활적응 문제,3
학생228 ,-ObjSGRMGuKzFogUH3as,boy,2학년,학습 어려움,0,학교생활적응 문제,3
학생228 ,-ObjSGRMGuKzFogUH3as,boy,2학년,재산 관련 비행,0,외현화 문제,3
학생228 ,-ObjSGRMGuKzFogUH3as,boy,2학년,게임 과몰입,3,외현화 문제,3
학생228 ,-ObjSGRMGuKzFogUH3as,boy,2학년,관계 형성 곤란,0,학교생활적응 문제,3
학생228 ,-ObjSGRMGuKzFogUH3as,boy,2학년,등교 거부,0,학교생활적응 문제,3
학생228 ,-ObjSGRMGuKzFogUH3as,boy,2학년,괴롭힘 피해,0,심리외상 문제,3
학생228 ,-ObjSGRMGuKzFogUH3as,boy,2학년,따돌림 피해,0,심리외상 문제,3
학생229 ,-ObjSIA7m6c_XsCwPUWI,girl,1학년,사회적 긴장,3,불안 및 우울 문제,108
학생229 ,-ObjSIA7m6c_XsCwPUWI,girl,1학년,감정 기복,3,불안 및 우울 문제,108
학생229 ,-ObjSIA7m6c_XsCwPUWI,girl,1학년,과도한 죄책감,3,불안 및 우울 문제,108
학생229 ,-ObjSIA7m6c_XsCwPUWI,girl,1학년,과민성/짜증,3,불안 및 우울 문제,108
학생229 ,-ObjSIA7m6c_XsCwPUWI,girl,1학년,낮은 자존감,3,학교생활적응 문제,108
학생229 ,-ObjSIA7m6c_XsCwPUWI,girl,1학년,무기력/피로,3,불안 및 우울 문제,108
학생229 ,-ObjSIA7m6c_XsCwPUWI,girl,1학년,예기 불안,3,불안 및 우울 문제,108
학생229 ,-ObjSIA7m6c_XsCwPUWI,girl,1학년,과도한 불안,3,불안 및 우울 문제,108
학생229 ,-ObjSIA7m6c_XsCwPUWI,girl,1학년,우울 증상,3,불안 및 우울 문제,108
학생229 ,-ObjSIA7m6c_XsCwPUWI,girl,1학년,수면 문제,3,학교생활적응 문제,108
학생229 ,-ObjSIA7m6c_XsCwPUWI,girl,1학년,자살 사고,3,자살 및 위기 문제,108
학생229 ,-ObjSIA7m6c_XsCwPUWI,girl,1학년,자해 행동,3,자살 및 위기 문제,108
학생229 ,-ObjSIA7m6c_XsCwPUWI,girl,1학년,자살 계획,3,자살 및 위기 문제,108
학생229 ,-ObjSIA7m6c_XsCwPUWI,girl,1학년,심각한 자살사고,3,자살 및 위기 문제,108
학생229 ,-ObjSIA7m6c_XsCwPUWI,girl,1학년,절망감,3,자살 및 위기 문제,108
학생229 ,-ObjSIA7m6c_XsCwPUWI,girl,1학년,자살 시도,3,자살 및 위기 문제,108
학생229 ,-ObjSIA7m6c_XsCwPUWI,girl,1학년,빈번한 거짓말,3,외현화 문제,108
학생229 ,-ObjSIA7m6c_XsCwPUWI,girl,1학년,또래 갈등,3,외현화 문제,108
학생229 ,-ObjSIA7m6c_XsCwPUWI,girl,1학년,반항 행동,3,외현화 문제,108
학생229 ,-ObjSIA7m6c_XsCwPUWI,girl,1학년,괴롭힘 가해,3,외현화 문제,108
학생229 ,-ObjSIA7m6c_XsCwPUWI,girl,1학년,외상 침습증상,3,심리외상 문제,108
학생229 ,-ObjSIA7m6c_XsCwPUWI,girl,1학년,외상 관련 악몽,3,심리외상 문제,108
학생229 ,-ObjSIA7m6c_XsCwPUWI,girl,1학년,외상 후 고립,3,심리외상 문제,108
학생229 ,-ObjSIA7m6c_XsCwPUWI,girl,1학년,외상 후 과각성,3,심리외상 문제,108
학생229 ,-ObjSIA7m6c_XsCwPUWI,girl,1학년,외상 회피행동,3,심리외상 문제,108
학생229 ,-ObjSIA7m6c_XsCwPUWI,girl,1학년,흡연 문제,3,외현화 문제,108
학생229 ,-ObjSIA7m6c_XsCwPUWI,girl,1학년,음주 문제,3,외현화 문제,108
학생229 ,-ObjSIA7m6c_XsCwPUWI,girl,1학년,적응력 저하,3,학교생활적응 문제,108
학생229 ,-ObjSIA7m6c_XsCwPUWI,girl,1학년,분리 불안,3,학교생활적응 문제,108
학생229 ,-ObjSIA7m6c_XsCwPUWI,girl,1학년,학습 어려움,3,학교생활적응 문제,108
학생229 ,-ObjSIA7m6c_XsCwPUWI,girl,1학년,재산 관련 비행,3,외현화 문제,108
학생229 ,-ObjSIA7m6c_XsCwPUWI,girl,1학년,게임 과몰입,3,외현화 문제,108
학생229 ,-ObjSIA7m6c_XsCwPUWI,girl,1학년,관계 형성 곤란,3,학교생활적응 문제,108
학생229 ,-ObjSIA7m6c_XsCwPUWI,girl,1학년,등교 거부,3,학교생활적응 문제,108
학생229 ,-ObjSIA7m6c_XsCwPUWI,girl,1학년,괴롭힘 피해,3,심리외상 문제,108
학생229 ,-ObjSIA7m6c_XsCwPUWI,girl,1학년,따돌림 피해,3,심리외상 문제,108
학생23 ,-ObjRPH-GGqT70sAOkcD,boy,1학년,사회적 긴장,2,불안 및 우울 문제,15
학생23 ,-ObjRPH-GGqT70sAOkcD,boy,1학년,감정 기복,2,불안 및 우울 문제,15
학생23 ,-ObjRPH-GGqT70sAOkcD,boy,1학년,과도한 죄책감,3,불안 및 우울 문제,15
학생23 ,-ObjRPH-GGqT70sAOkcD,boy,1학년,과민성/짜증,0,불안 및 우울 문제,15
학생23 ,-ObjRPH-GGqT70sAOkcD,boy,1학년,낮은 자존감,1,학교생활적응 문제,15
학생23 ,-ObjRPH-GGqT70sAOkcD,boy,1학년,무기력/피로,0,불안 및 우울 문제,15
학생23 ,-ObjRPH-GGqT70sAOkcD,boy,1학년,예기 불안,1,불안 및 우울 문제,15
학생23 ,-ObjRPH-GGqT70sAOkcD,boy,1학년,과도한 불안,2,불안 및 우울 문제,15
학생23 ,-ObjRPH-GGqT70sAOkcD,boy,1학년,우울 증상,0,불안 및 우울 문제,15
학생23 ,-ObjRPH-GGqT70sAOkcD,boy,1학년,수면 문제,1,학교생활적응 문제,15
학생23 ,-ObjRPH-GGqT70sAOkcD,boy,1학년,자살 사고,0,자살 및 위기 문제,15
학생23 ,-ObjRPH-GGqT70sAOkcD,boy,1학년,자해 행동,0,자살 및 위기 문제,15
학생23 ,-ObjRPH-GGqT70sAOkcD,boy,1학년,자살 계획,0,자살 및 위기 문제,15
학생23 ,-ObjRPH-GGqT70sAOkcD,boy,1학년,심각한 자살사고,0,자살 및 위기 문제,15
학생23 ,-ObjRPH-GGqT70sAOkcD,boy,1학년,절망감,0,자살 및 위기 문제,15
학생23 ,-ObjRPH-GGqT70sAOkcD,boy,1학년,자살 시도,0,자살 및 위기 문제,15
학생23 ,-ObjRPH-GGqT70sAOkcD,boy,1학년,빈번한 거짓말,1,외현화 문제,15
학생23 ,-ObjRPH-GGqT70sAOkcD,boy,1학년,또래 갈등,0,외현화 문제,15
학생23 ,-ObjRPH-GGqT70sAOkcD,boy,1학년,반항 행동,0,외현화 문제,15
학생23 ,-ObjRPH-GGqT70sAOkcD,boy,1학년,괴롭힘 가해,0,외현화 문제,15
학생23 ,-ObjRPH-GGqT70sAOkcD,boy,1학년,외상 침습증상,0,심리외상 문제,15
학생23 ,-ObjRPH-GGqT70sAOkcD,boy,1학년,외상 관련 악몽,0,심리외상 문제,15
학생23 ,-ObjRPH-GGqT70sAOkcD,boy,1학년,외상 후 고립,0,심리외상 문제,15
학생23 ,-ObjRPH-GGqT70sAOkcD,boy,1학년,외상 후 과각성,0,심리외상 문제,15
학생23 ,-ObjRPH-GGqT70sAOkcD,boy,1학년,외상 회피행동,0,심리외상 문제,15
학생23 ,-ObjRPH-GGqT70sAOkcD,boy,1학년,흡연 문제,0,외현화 문제,15
학생23 ,-ObjRPH-GGqT70sAOkcD,boy,1학년,음주 문제,0,외현화 문제,15
학생23 ,-ObjRPH-GGqT70sAOkcD,boy,1학년,적응력 저하,0,학교생활적응 문제,15
학생23 ,-ObjRPH-GGqT70sAOkcD,boy,1학년,분리 불안,0,학교생활적응 문제,15
학생23 ,-ObjRPH-GGqT70sAOkcD,boy,1학년,학습 어려움,0,학교생활적응 문제,15
학생23 ,-ObjRPH-GGqT70sAOkcD,boy,1학년,재산 관련 비행,0,외현화 문제,15
학생23 ,-ObjRPH-GGqT70sAOkcD,boy,1학년,게임 과몰입,1,외현화 문제,15
학생23 ,-ObjRPH-GGqT70sAOkcD,boy,1학년,관계 형성 곤란,1,학교생활적응 문제,15
학생23 ,-ObjRPH-GGqT70sAOkcD,boy,1학년,등교 거부,0,학교생활적응 문제,15
학생23 ,-ObjRPH-GGqT70sAOkcD,boy,1학년,괴롭힘 피해,0,심리외상 문제,15
학생23 ,-ObjRPH-GGqT70sAOkcD,boy,1학년,따돌림 피해,0,심리외상 문제,15
학생230 ,-ObjSIXiHAyygIIQ9m9x,boy,1학년,사회적 긴장,0,불안 및 우울 문제,14
학생230 ,-ObjSIXiHAyygIIQ9m9x,boy,1학년,감정 기복,1,불안 및 우울 문제,14
학생230 ,-ObjSIXiHAyygIIQ9m9x,boy,1학년,과도한 죄책감,0,불안 및 우울 문제,14
학생230 ,-ObjSIXiHAyygIIQ9m9x,boy,1학년,과민성/짜증,1,불안 및 우울 문제,14
학생230 ,-ObjSIXiHAyygIIQ9m9x,boy,1학년,낮은 자존감,1,학교생활적응 문제,14
학생230 ,-ObjSIXiHAyygIIQ9m9x,boy,1학년,무기력/피로,1,불안 및 우울 문제,14
학생230 ,-ObjSIXiHAyygIIQ9m9x,boy,1학년,예기 불안,1,불안 및 우울 문제,14
학생230 ,-ObjSIXiHAyygIIQ9m9x,boy,1학년,과도한 불안,0,불안 및 우울 문제,14
학생230 ,-ObjSIXiHAyygIIQ9m9x,boy,1학년,우울 증상,1,불안 및 우울 문제,14
학생230 ,-ObjSIXiHAyygIIQ9m9x,boy,1학년,수면 문제,2,학교생활적응 문제,14
학생230 ,-ObjSIXiHAyygIIQ9m9x,boy,1학년,자살 사고,0,자살 및 위기 문제,14
학생230 ,-ObjSIXiHAyygIIQ9m9x,boy,1학년,자해 행동,0,자살 및 위기 문제,14
학생230 ,-ObjSIXiHAyygIIQ9m9x,boy,1학년,자살 계획,0,자살 및 위기 문제,14
학생230 ,-ObjSIXiHAyygIIQ9m9x,boy,1학년,심각한 자살사고,0,자살 및 위기 문제,14
학생230 ,-ObjSIXiHAyygIIQ9m9x,boy,1학년,절망감,0,자살 및 위기 문제,14
학생230 ,-ObjSIXiHAyygIIQ9m9x,boy,1학년,자살 시도,0,자살 및 위기 문제,14
학생230 ,-ObjSIXiHAyygIIQ9m9x,boy,1학년,빈번한 거짓말,1,외현화 문제,14
학생230 ,-ObjSIXiHAyygIIQ9m9x,boy,1학년,또래 갈등,0,외현화 문제,14
학생230 ,-ObjSIXiHAyygIIQ9m9x,boy,1학년,반항 행동,1,외현화 문제,14
학생230 ,-ObjSIXiHAyygIIQ9m9x,boy,1학년,괴롭힘 가해,1,외현화 문제,14
학생230 ,-ObjSIXiHAyygIIQ9m9x,boy,1학년,외상 침습증상,0,심리외상 문제,14
학생230 ,-ObjSIXiHAyygIIQ9m9x,boy,1학년,외상 관련 악몽,0,심리외상 문제,14
학생230 ,-ObjSIXiHAyygIIQ9m9x,boy,1학년,외상 후 고립,0,심리외상 문제,14
학생230 ,-ObjSIXiHAyygIIQ9m9x,boy,1학년,외상 후 과각성,0,심리외상 문제,14
학생230 ,-ObjSIXiHAyygIIQ9m9x,boy,1학년,외상 회피행동,0,심리외상 문제,14
학생230 ,-ObjSIXiHAyygIIQ9m9x,boy,1학년,흡연 문제,0,외현화 문제,14
학생230 ,-ObjSIXiHAyygIIQ9m9x,boy,1학년,음주 문제,0,외현화 문제,14
학생230 ,-ObjSIXiHAyygIIQ9m9x,boy,1학년,적응력 저하,0,학교생활적응 문제,14
학생230 ,-ObjSIXiHAyygIIQ9m9x,boy,1학년,분리 불안,0,학교생활적응 문제,14
학생230 ,-ObjSIXiHAyygIIQ9m9x,boy,1학년,학습 어려움,0,학교생활적응 문제,14
학생230 ,-ObjSIXiHAyygIIQ9m9x,boy,1학년,재산 관련 비행,0,외현화 문제,14
학생230 ,-ObjSIXiHAyygIIQ9m9x,boy,1학년,게임 과몰입,3,외현화 문제,14
학생230 ,-ObjSIXiHAyygIIQ9m9x,boy,1학년,관계 형성 곤란,0,학교생활적응 문제,14
학생230 ,-ObjSIXiHAyygIIQ9m9x,boy,1학년,등교 거부,0,학교생활적응 문제,14
학생230 ,-ObjSIXiHAyygIIQ9m9x,boy,1학년,괴롭힘 피해,0,심리외상 문제,14
학생230 ,-ObjSIXiHAyygIIQ9m9x,boy,1학년,따돌림 피해,0,심리외상 문제,14
학생231 ,-ObjSJ8sQI1cjmProT6I,boy,1학년,사회적 긴장,1,불안 및 우울 문제,8
학생231 ,-ObjSJ8sQI1cjmProT6I,boy,1학년,감정 기복,0,불안 및 우울 문제,8
학생231 ,-ObjSJ8sQI1cjmProT6I,boy,1학년,과도한 죄책감,1,불안 및 우울 문제,8
학생231 ,-ObjSJ8sQI1cjmProT6I,boy,1학년,과민성/짜증,0,불안 및 우울 문제,8
학생231 ,-ObjSJ8sQI1cjmProT6I,boy,1학년,낮은 자존감,1,학교생활적응 문제,8
학생231 ,-ObjSJ8sQI1cjmProT6I,boy,1학년,무기력/피로,1,불안 및 우울 문제,8
학생231 ,-ObjSJ8sQI1cjmProT6I,boy,1학년,예기 불안,2,불안 및 우울 문제,8
학생231 ,-ObjSJ8sQI1cjmProT6I,boy,1학년,과도한 불안,1,불안 및 우울 문제,8
학생231 ,-ObjSJ8sQI1cjmProT6I,boy,1학년,우울 증상,1,불안 및 우울 문제,8
학생231 ,-ObjSJ8sQI1cjmProT6I,boy,1학년,수면 문제,0,학교생활적응 문제,8
학생231 ,-ObjSJ8sQI1cjmProT6I,boy,1학년,자살 사고,0,자살 및 위기 문제,8
학생231 ,-ObjSJ8sQI1cjmProT6I,boy,1학년,자해 행동,0,자살 및 위기 문제,8
학생231 ,-ObjSJ8sQI1cjmProT6I,boy,1학년,자살 계획,0,자살 및 위기 문제,8
학생231 ,-ObjSJ8sQI1cjmProT6I,boy,1학년,심각한 자살사고,0,자살 및 위기 문제,8
학생231 ,-ObjSJ8sQI1cjmProT6I,boy,1학년,절망감,0,자살 및 위기 문제,8
학생231 ,-ObjSJ8sQI1cjmProT6I,boy,1학년,자살 시도,0,자살 및 위기 문제,8
학생231 ,-ObjSJ8sQI1cjmProT6I,boy,1학년,빈번한 거짓말,0,외현화 문제,8
학생231 ,-ObjSJ8sQI1cjmProT6I,boy,1학년,또래 갈등,0,외현화 문제,8
학생231 ,-ObjSJ8sQI1cjmProT6I,boy,1학년,반항 행동,0,외현화 문제,8
학생231 ,-ObjSJ8sQI1cjmProT6I,boy,1학년,괴롭힘 가해,0,외현화 문제,8
학생231 ,-ObjSJ8sQI1cjmProT6I,boy,1학년,외상 침습증상,0,심리외상 문제,8
학생231 ,-ObjSJ8sQI1cjmProT6I,boy,1학년,외상 관련 악몽,0,심리외상 문제,8
학생231 ,-ObjSJ8sQI1cjmProT6I,boy,1학년,외상 후 고립,0,심리외상 문제,8
학생231 ,-ObjSJ8sQI1cjmProT6I,boy,1학년,외상 후 과각성,0,심리외상 문제,8
학생231 ,-ObjSJ8sQI1cjmProT6I,boy,1학년,외상 회피행동,0,심리외상 문제,8
학생231 ,-ObjSJ8sQI1cjmProT6I,boy,1학년,흡연 문제,0,외현화 문제,8
학생231 ,-ObjSJ8sQI1cjmProT6I,boy,1학년,음주 문제,0,외현화 문제,8
학생231 ,-ObjSJ8sQI1cjmProT6I,boy,1학년,적응력 저하,0,학교생활적응 문제,8
학생231 ,-ObjSJ8sQI1cjmProT6I,boy,1학년,분리 불안,0,학교생활적응 문제,8
학생231 ,-ObjSJ8sQI1cjmProT6I,boy,1학년,학습 어려움,0,학교생활적응 문제,8
학생231 ,-ObjSJ8sQI1cjmProT6I,boy,1학년,재산 관련 비행,0,외현화 문제,8
학생231 ,-ObjSJ8sQI1cjmProT6I,boy,1학년,게임 과몰입,0,외현화 문제,8
학생231 ,-ObjSJ8sQI1cjmProT6I,boy,1학년,관계 형성 곤란,0,학교생활적응 문제,8
학생231 ,-ObjSJ8sQI1cjmProT6I,boy,1학년,등교 거부,0,학교생활적응 문제,8
학생231 ,-ObjSJ8sQI1cjmProT6I,boy,1학년,괴롭힘 피해,0,심리외상 문제,8
학생231 ,-ObjSJ8sQI1cjmProT6I,boy,1학년,따돌림 피해,0,심리외상 문제,8
학생232 ,-ObjSJOU41mhxv1AMZvN,girl,2학년,사회적 긴장,0,불안 및 우울 문제,21
학생232 ,-ObjSJOU41mhxv1AMZvN,girl,2학년,감정 기복,0,불안 및 우울 문제,21
학생232 ,-ObjSJOU41mhxv1AMZvN,girl,2학년,과도한 죄책감,1,불안 및 우울 문제,21
학생232 ,-ObjSJOU41mhxv1AMZvN,girl,2학년,과민성/짜증,1,불안 및 우울 문제,21
학생232 ,-ObjSJOU41mhxv1AMZvN,girl,2학년,낮은 자존감,2,학교생활적응 문제,21
학생232 ,-ObjSJOU41mhxv1AMZvN,girl,2학년,무기력/피로,1,불안 및 우울 문제,21
학생232 ,-ObjSJOU41mhxv1AMZvN,girl,2학년,예기 불안,3,불안 및 우울 문제,21
학생232 ,-ObjSJOU41mhxv1AMZvN,girl,2학년,과도한 불안,3,불안 및 우울 문제,21
학생232 ,-ObjSJOU41mhxv1AMZvN,girl,2학년,우울 증상,1,불안 및 우울 문제,21
학생232 ,-ObjSJOU41mhxv1AMZvN,girl,2학년,수면 문제,1,학교생활적응 문제,21
학생232 ,-ObjSJOU41mhxv1AMZvN,girl,2학년,자살 사고,1,자살 및 위기 문제,21
학생232 ,-ObjSJOU41mhxv1AMZvN,girl,2학년,자해 행동,0,자살 및 위기 문제,21
학생232 ,-ObjSJOU41mhxv1AMZvN,girl,2학년,자살 계획,0,자살 및 위기 문제,21
학생232 ,-ObjSJOU41mhxv1AMZvN,girl,2학년,심각한 자살사고,0,자살 및 위기 문제,21
학생232 ,-ObjSJOU41mhxv1AMZvN,girl,2학년,절망감,0,자살 및 위기 문제,21
학생232 ,-ObjSJOU41mhxv1AMZvN,girl,2학년,자살 시도,0,자살 및 위기 문제,21
학생232 ,-ObjSJOU41mhxv1AMZvN,girl,2학년,빈번한 거짓말,0,외현화 문제,21
학생232 ,-ObjSJOU41mhxv1AMZvN,girl,2학년,또래 갈등,0,외현화 문제,21
학생232 ,-ObjSJOU41mhxv1AMZvN,girl,2학년,반항 행동,0,외현화 문제,21
학생232 ,-ObjSJOU41mhxv1AMZvN,girl,2학년,괴롭힘 가해,0,외현화 문제,21
학생232 ,-ObjSJOU41mhxv1AMZvN,girl,2학년,외상 침습증상,1,심리외상 문제,21
학생232 ,-ObjSJOU41mhxv1AMZvN,girl,2학년,외상 관련 악몽,1,심리외상 문제,21
학생232 ,-ObjSJOU41mhxv1AMZvN,girl,2학년,외상 후 고립,1,심리외상 문제,21
학생232 ,-ObjSJOU41mhxv1AMZvN,girl,2학년,외상 후 과각성,0,심리외상 문제,21
학생232 ,-ObjSJOU41mhxv1AMZvN,girl,2학년,외상 회피행동,1,심리외상 문제,21
학생232 ,-ObjSJOU41mhxv1AMZvN,girl,2학년,흡연 문제,0,외현화 문제,21
학생232 ,-ObjSJOU41mhxv1AMZvN,girl,2학년,음주 문제,0,외현화 문제,21
학생232 ,-ObjSJOU41mhxv1AMZvN,girl,2학년,적응력 저하,0,학교생활적응 문제,21
학생232 ,-ObjSJOU41mhxv1AMZvN,girl,2학년,분리 불안,1,학교생활적응 문제,21
학생232 ,-ObjSJOU41mhxv1AMZvN,girl,2학년,학습 어려움,1,학교생활적응 문제,21
학생232 ,-ObjSJOU41mhxv1AMZvN,girl,2학년,재산 관련 비행,0,외현화 문제,21
학생232 ,-ObjSJOU41mhxv1AMZvN,girl,2학년,게임 과몰입,0,외현화 문제,21
학생232 ,-ObjSJOU41mhxv1AMZvN,girl,2학년,관계 형성 곤란,1,학교생활적응 문제,21
학생232 ,-ObjSJOU41mhxv1AMZvN,girl,2학년,등교 거부,0,학교생활적응 문제,21
학생232 ,-ObjSJOU41mhxv1AMZvN,girl,2학년,괴롭힘 피해,0,심리외상 문제,21
학생232 ,-ObjSJOU41mhxv1AMZvN,girl,2학년,따돌림 피해,0,심리외상 문제,21
학생233 ,-ObjSLQLAZLEMcRuj0BI,girl,1학년,사회적 긴장,1,불안 및 우울 문제,4
학생233 ,-ObjSLQLAZLEMcRuj0BI,girl,1학년,감정 기복,1,불안 및 우울 문제,4
학생233 ,-ObjSLQLAZLEMcRuj0BI,girl,1학년,과도한 죄책감,0,불안 및 우울 문제,4
학생233 ,-ObjSLQLAZLEMcRuj0BI,girl,1학년,과민성/짜증,1,불안 및 우울 문제,4
학생233 ,-ObjSLQLAZLEMcRuj0BI,girl,1학년,낮은 자존감,0,학교생활적응 문제,4
학생233 ,-ObjSLQLAZLEMcRuj0BI,girl,1학년,무기력/피로,0,불안 및 우울 문제,4
학생233 ,-ObjSLQLAZLEMcRuj0BI,girl,1학년,예기 불안,0,불안 및 우울 문제,4
학생233 ,-ObjSLQLAZLEMcRuj0BI,girl,1학년,과도한 불안,0,불안 및 우울 문제,4
학생233 ,-ObjSLQLAZLEMcRuj0BI,girl,1학년,우울 증상,0,불안 및 우울 문제,4
학생233 ,-ObjSLQLAZLEMcRuj0BI,girl,1학년,수면 문제,0,학교생활적응 문제,4
학생233 ,-ObjSLQLAZLEMcRuj0BI,girl,1학년,자살 사고,0,자살 및 위기 문제,4
학생233 ,-ObjSLQLAZLEMcRuj0BI,girl,1학년,자해 행동,0,자살 및 위기 문제,4
학생233 ,-ObjSLQLAZLEMcRuj0BI,girl,1학년,자살 계획,0,자살 및 위기 문제,4
학생233 ,-ObjSLQLAZLEMcRuj0BI,girl,1학년,심각한 자살사고,0,자살 및 위기 문제,4
학생233 ,-ObjSLQLAZLEMcRuj0BI,girl,1학년,절망감,0,자살 및 위기 문제,4
학생233 ,-ObjSLQLAZLEMcRuj0BI,girl,1학년,자살 시도,0,자살 및 위기 문제,4
학생233 ,-ObjSLQLAZLEMcRuj0BI,girl,1학년,빈번한 거짓말,0,외현화 문제,4
학생233 ,-ObjSLQLAZLEMcRuj0BI,girl,1학년,또래 갈등,0,외현화 문제,4
학생233 ,-ObjSLQLAZLEMcRuj0BI,girl,1학년,반항 행동,0,외현화 문제,4
학생233 ,-ObjSLQLAZLEMcRuj0BI,girl,1학년,괴롭힘 가해,0,외현화 문제,4
학생233 ,-ObjSLQLAZLEMcRuj0BI,girl,1학년,외상 침습증상,1,심리외상 문제,4
학생233 ,-ObjSLQLAZLEMcRuj0BI,girl,1학년,외상 관련 악몽,0,심리외상 문제,4
학생233 ,-ObjSLQLAZLEMcRuj0BI,girl,1학년,외상 후 고립,0,심리외상 문제,4
학생233 ,-ObjSLQLAZLEMcRuj0BI,girl,1학년,외상 후 과각성,0,심리외상 문제,4
학생233 ,-ObjSLQLAZLEMcRuj0BI,girl,1학년,외상 회피행동,0,심리외상 문제,4
학생233 ,-ObjSLQLAZLEMcRuj0BI,girl,1학년,흡연 문제,0,외현화 문제,4
학생233 ,-ObjSLQLAZLEMcRuj0BI,girl,1학년,음주 문제,0,외현화 문제,4
학생233 ,-ObjSLQLAZLEMcRuj0BI,girl,1학년,적응력 저하,0,학교생활적응 문제,4
학생233 ,-ObjSLQLAZLEMcRuj0BI,girl,1학년,분리 불안,0,학교생활적응 문제,4
학생233 ,-ObjSLQLAZLEMcRuj0BI,girl,1학년,학습 어려움,0,학교생활적응 문제,4
학생233 ,-ObjSLQLAZLEMcRuj0BI,girl,1학년,재산 관련 비행,0,외현화 문제,4
학생233 ,-ObjSLQLAZLEMcRuj0BI,girl,1학년,게임 과몰입,0,외현화 문제,4
학생233 ,-ObjSLQLAZLEMcRuj0BI,girl,1학년,관계 형성 곤란,0,학교생활적응 문제,4
학생233 ,-ObjSLQLAZLEMcRuj0BI,girl,1학년,등교 거부,0,학교생활적응 문제,4
학생233 ,-ObjSLQLAZLEMcRuj0BI,girl,1학년,괴롭힘 피해,0,심리외상 문제,4
학생233 ,-ObjSLQLAZLEMcRuj0BI,girl,1학년,따돌림 피해,0,심리외상 문제,4
학생234 ,-ObjSMPj8xZMFoFgPMmi,boy,1학년,사회적 긴장,1,불안 및 우울 문제,14
학생234 ,-ObjSMPj8xZMFoFgPMmi,boy,1학년,감정 기복,0,불안 및 우울 문제,14
학생234 ,-ObjSMPj8xZMFoFgPMmi,boy,1학년,과도한 죄책감,1,불안 및 우울 문제,14
학생234 ,-ObjSMPj8xZMFoFgPMmi,boy,1학년,과민성/짜증,1,불안 및 우울 문제,14
학생234 ,-ObjSMPj8xZMFoFgPMmi,boy,1학년,낮은 자존감,2,학교생활적응 문제,14
학생234 ,-ObjSMPj8xZMFoFgPMmi,boy,1학년,무기력/피로,2,불안 및 우울 문제,14
학생234 ,-ObjSMPj8xZMFoFgPMmi,boy,1학년,예기 불안,0,불안 및 우울 문제,14
학생234 ,-ObjSMPj8xZMFoFgPMmi,boy,1학년,과도한 불안,0,불안 및 우울 문제,14
학생234 ,-ObjSMPj8xZMFoFgPMmi,boy,1학년,우울 증상,0,불안 및 우울 문제,14
학생234 ,-ObjSMPj8xZMFoFgPMmi,boy,1학년,수면 문제,2,학교생활적응 문제,14
학생234 ,-ObjSMPj8xZMFoFgPMmi,boy,1학년,자살 사고,0,자살 및 위기 문제,14
학생234 ,-ObjSMPj8xZMFoFgPMmi,boy,1학년,자해 행동,0,자살 및 위기 문제,14
학생234 ,-ObjSMPj8xZMFoFgPMmi,boy,1학년,자살 계획,0,자살 및 위기 문제,14
학생234 ,-ObjSMPj8xZMFoFgPMmi,boy,1학년,심각한 자살사고,0,자살 및 위기 문제,14
학생234 ,-ObjSMPj8xZMFoFgPMmi,boy,1학년,절망감,0,자살 및 위기 문제,14
학생234 ,-ObjSMPj8xZMFoFgPMmi,boy,1학년,자살 시도,0,자살 및 위기 문제,14
학생234 ,-ObjSMPj8xZMFoFgPMmi,boy,1학년,빈번한 거짓말,0,외현화 문제,14
학생234 ,-ObjSMPj8xZMFoFgPMmi,boy,1학년,또래 갈등,0,외현화 문제,14
학생234 ,-ObjSMPj8xZMFoFgPMmi,boy,1학년,반항 행동,0,외현화 문제,14
학생234 ,-ObjSMPj8xZMFoFgPMmi,boy,1학년,괴롭힘 가해,0,외현화 문제,14
학생234 ,-ObjSMPj8xZMFoFgPMmi,boy,1학년,외상 침습증상,0,심리외상 문제,14
학생234 ,-ObjSMPj8xZMFoFgPMmi,boy,1학년,외상 관련 악몽,0,심리외상 문제,14
학생234 ,-ObjSMPj8xZMFoFgPMmi,boy,1학년,외상 후 고립,0,심리외상 문제,14
학생234 ,-ObjSMPj8xZMFoFgPMmi,boy,1학년,외상 후 과각성,0,심리외상 문제,14
학생234 ,-ObjSMPj8xZMFoFgPMmi,boy,1학년,외상 회피행동,2,심리외상 문제,14
학생234 ,-ObjSMPj8xZMFoFgPMmi,boy,1학년,흡연 문제,0,외현화 문제,14
학생234 ,-ObjSMPj8xZMFoFgPMmi,boy,1학년,음주 문제,0,외현화 문제,14
학생234 ,-ObjSMPj8xZMFoFgPMmi,boy,1학년,적응력 저하,1,학교생활적응 문제,14
학생234 ,-ObjSMPj8xZMFoFgPMmi,boy,1학년,분리 불안,0,학교생활적응 문제,14
학생234 ,-ObjSMPj8xZMFoFgPMmi,boy,1학년,학습 어려움,1,학교생활적응 문제,14
학생234 ,-ObjSMPj8xZMFoFgPMmi,boy,1학년,재산 관련 비행,0,외현화 문제,14
학생234 ,-ObjSMPj8xZMFoFgPMmi,boy,1학년,게임 과몰입,0,외현화 문제,14
학생234 ,-ObjSMPj8xZMFoFgPMmi,boy,1학년,관계 형성 곤란,0,학교생활적응 문제,14
학생234 ,-ObjSMPj8xZMFoFgPMmi,boy,1학년,등교 거부,1,학교생활적응 문제,14
학생234 ,-ObjSMPj8xZMFoFgPMmi,boy,1학년,괴롭힘 피해,0,심리외상 문제,14
학생234 ,-ObjSMPj8xZMFoFgPMmi,boy,1학년,따돌림 피해,0,심리외상 문제,14
학생235 ,-ObjSMdy1PmnbxMimTwt,boy,2학년,사회적 긴장,1,불안 및 우울 문제,50
학생235 ,-ObjSMdy1PmnbxMimTwt,boy,2학년,감정 기복,2,불안 및 우울 문제,50
학생235 ,-ObjSMdy1PmnbxMimTwt,boy,2학년,과도한 죄책감,3,불안 및 우울 문제,50
학생235 ,-ObjSMdy1PmnbxMimTwt,boy,2학년,과민성/짜증,2,불안 및 우울 문제,50
학생235 ,-ObjSMdy1PmnbxMimTwt,boy,2학년,낮은 자존감,2,학교생활적응 문제,50
학생235 ,-ObjSMdy1PmnbxMimTwt,boy,2학년,무기력/피로,3,불안 및 우울 문제,50
학생235 ,-ObjSMdy1PmnbxMimTwt,boy,2학년,예기 불안,3,불안 및 우울 문제,50
학생235 ,-ObjSMdy1PmnbxMimTwt,boy,2학년,과도한 불안,3,불안 및 우울 문제,50
학생235 ,-ObjSMdy1PmnbxMimTwt,boy,2학년,우울 증상,3,불안 및 우울 문제,50
학생235 ,-ObjSMdy1PmnbxMimTwt,boy,2학년,수면 문제,3,학교생활적응 문제,50
학생235 ,-ObjSMdy1PmnbxMimTwt,boy,2학년,자살 사고,3,자살 및 위기 문제,50
학생235 ,-ObjSMdy1PmnbxMimTwt,boy,2학년,자해 행동,2,자살 및 위기 문제,50
학생235 ,-ObjSMdy1PmnbxMimTwt,boy,2학년,자살 계획,3,자살 및 위기 문제,50
학생235 ,-ObjSMdy1PmnbxMimTwt,boy,2학년,심각한 자살사고,1,자살 및 위기 문제,50
학생235 ,-ObjSMdy1PmnbxMimTwt,boy,2학년,절망감,2,자살 및 위기 문제,50
학생235 ,-ObjSMdy1PmnbxMimTwt,boy,2학년,자살 시도,1,자살 및 위기 문제,50
학생235 ,-ObjSMdy1PmnbxMimTwt,boy,2학년,빈번한 거짓말,3,외현화 문제,50
학생235 ,-ObjSMdy1PmnbxMimTwt,boy,2학년,또래 갈등,0,외현화 문제,50
학생235 ,-ObjSMdy1PmnbxMimTwt,boy,2학년,반항 행동,0,외현화 문제,50
학생235 ,-ObjSMdy1PmnbxMimTwt,boy,2학년,괴롭힘 가해,0,외현화 문제,50
학생235 ,-ObjSMdy1PmnbxMimTwt,boy,2학년,외상 침습증상,1,심리외상 문제,50
학생235 ,-ObjSMdy1PmnbxMimTwt,boy,2학년,외상 관련 악몽,2,심리외상 문제,50
학생235 ,-ObjSMdy1PmnbxMimTwt,boy,2학년,외상 후 고립,1,심리외상 문제,50
학생235 ,-ObjSMdy1PmnbxMimTwt,boy,2학년,외상 후 과각성,1,심리외상 문제,50
학생235 ,-ObjSMdy1PmnbxMimTwt,boy,2학년,외상 회피행동,1,심리외상 문제,50
학생235 ,-ObjSMdy1PmnbxMimTwt,boy,2학년,흡연 문제,0,외현화 문제,50
학생235 ,-ObjSMdy1PmnbxMimTwt,boy,2학년,음주 문제,0,외현화 문제,50
학생235 ,-ObjSMdy1PmnbxMimTwt,boy,2학년,적응력 저하,0,학교생활적응 문제,50
학생235 ,-ObjSMdy1PmnbxMimTwt,boy,2학년,분리 불안,0,학교생활적응 문제,50
학생235 ,-ObjSMdy1PmnbxMimTwt,boy,2학년,학습 어려움,1,학교생활적응 문제,50
학생235 ,-ObjSMdy1PmnbxMimTwt,boy,2학년,재산 관련 비행,0,외현화 문제,50
학생235 ,-ObjSMdy1PmnbxMimTwt,boy,2학년,게임 과몰입,3,외현화 문제,50
학생235 ,-ObjSMdy1PmnbxMimTwt,boy,2학년,관계 형성 곤란,0,학교생활적응 문제,50
학생235 ,-ObjSMdy1PmnbxMimTwt,boy,2학년,등교 거부,0,학교생활적응 문제,50
학생235 ,-ObjSMdy1PmnbxMimTwt,boy,2학년,괴롭힘 피해,0,심리외상 문제,50
학생235 ,-ObjSMdy1PmnbxMimTwt,boy,2학년,따돌림 피해,0,심리외상 문제,50
학생236 ,-ObjSOBoFWRbxL6WeWWa,girl,1학년,사회적 긴장,1,불안 및 우울 문제,29
학생236 ,-ObjSOBoFWRbxL6WeWWa,girl,1학년,감정 기복,2,불안 및 우울 문제,29
학생236 ,-ObjSOBoFWRbxL6WeWWa,girl,1학년,과도한 죄책감,3,불안 및 우울 문제,29
학생236 ,-ObjSOBoFWRbxL6WeWWa,girl,1학년,과민성/짜증,2,불안 및 우울 문제,29
학생236 ,-ObjSOBoFWRbxL6WeWWa,girl,1학년,낮은 자존감,2,학교생활적응 문제,29
학생236 ,-ObjSOBoFWRbxL6WeWWa,girl,1학년,무기력/피로,1,불안 및 우울 문제,29
학생236 ,-ObjSOBoFWRbxL6WeWWa,girl,1학년,예기 불안,3,불안 및 우울 문제,29
학생236 ,-ObjSOBoFWRbxL6WeWWa,girl,1학년,과도한 불안,2,불안 및 우울 문제,29
학생236 ,-ObjSOBoFWRbxL6WeWWa,girl,1학년,우울 증상,1,불안 및 우울 문제,29
학생236 ,-ObjSOBoFWRbxL6WeWWa,girl,1학년,수면 문제,1,학교생활적응 문제,29
학생236 ,-ObjSOBoFWRbxL6WeWWa,girl,1학년,자살 사고,2,자살 및 위기 문제,29
학생236 ,-ObjSOBoFWRbxL6WeWWa,girl,1학년,자해 행동,1,자살 및 위기 문제,29
학생236 ,-ObjSOBoFWRbxL6WeWWa,girl,1학년,자살 계획,0,자살 및 위기 문제,29
학생236 ,-ObjSOBoFWRbxL6WeWWa,girl,1학년,심각한 자살사고,0,자살 및 위기 문제,29
학생236 ,-ObjSOBoFWRbxL6WeWWa,girl,1학년,절망감,2,자살 및 위기 문제,29
학생236 ,-ObjSOBoFWRbxL6WeWWa,girl,1학년,자살 시도,0,자살 및 위기 문제,29
학생236 ,-ObjSOBoFWRbxL6WeWWa,girl,1학년,빈번한 거짓말,2,외현화 문제,29
학생236 ,-ObjSOBoFWRbxL6WeWWa,girl,1학년,또래 갈등,0,외현화 문제,29
학생236 ,-ObjSOBoFWRbxL6WeWWa,girl,1학년,반항 행동,2,외현화 문제,29
학생236 ,-ObjSOBoFWRbxL6WeWWa,girl,1학년,괴롭힘 가해,0,외현화 문제,29
학생236 ,-ObjSOBoFWRbxL6WeWWa,girl,1학년,외상 침습증상,0,심리외상 문제,29
학생236 ,-ObjSOBoFWRbxL6WeWWa,girl,1학년,외상 관련 악몽,0,심리외상 문제,29
학생236 ,-ObjSOBoFWRbxL6WeWWa,girl,1학년,외상 후 고립,0,심리외상 문제,29
학생236 ,-ObjSOBoFWRbxL6WeWWa,girl,1학년,외상 후 과각성,0,심리외상 문제,29
학생236 ,-ObjSOBoFWRbxL6WeWWa,girl,1학년,외상 회피행동,0,심리외상 문제,29
학생236 ,-ObjSOBoFWRbxL6WeWWa,girl,1학년,흡연 문제,0,외현화 문제,29
학생236 ,-ObjSOBoFWRbxL6WeWWa,girl,1학년,음주 문제,0,외현화 문제,29
학생236 ,-ObjSOBoFWRbxL6WeWWa,girl,1학년,적응력 저하,1,학교생활적응 문제,29
학생236 ,-ObjSOBoFWRbxL6WeWWa,girl,1학년,분리 불안,0,학교생활적응 문제,29
학생236 ,-ObjSOBoFWRbxL6WeWWa,girl,1학년,학습 어려움,1,학교생활적응 문제,29
학생236 ,-ObjSOBoFWRbxL6WeWWa,girl,1학년,재산 관련 비행,0,외현화 문제,29
학생236 ,-ObjSOBoFWRbxL6WeWWa,girl,1학년,게임 과몰입,0,외현화 문제,29
학생236 ,-ObjSOBoFWRbxL6WeWWa,girl,1학년,관계 형성 곤란,0,학교생활적응 문제,29
학생236 ,-ObjSOBoFWRbxL6WeWWa,girl,1학년,등교 거부,0,학교생활적응 문제,29
학생236 ,-ObjSOBoFWRbxL6WeWWa,girl,1학년,괴롭힘 피해,0,심리외상 문제,29
학생236 ,-ObjSOBoFWRbxL6WeWWa,girl,1학년,따돌림 피해,0,심리외상 문제,29
학생237 ,-ObjSOYV_HEZGNzd-GuJ,boy,1학년,사회적 긴장,2,불안 및 우울 문제,27
학생237 ,-ObjSOYV_HEZGNzd-GuJ,boy,1학년,감정 기복,1,불안 및 우울 문제,27
학생237 ,-ObjSOYV_HEZGNzd-GuJ,boy,1학년,과도한 죄책감,1,불안 및 우울 문제,27
학생237 ,-ObjSOYV_HEZGNzd-GuJ,boy,1학년,과민성/짜증,1,불안 및 우울 문제,27
학생237 ,-ObjSOYV_HEZGNzd-GuJ,boy,1학년,낮은 자존감,1,학교생활적응 문제,27
학생237 ,-ObjSOYV_HEZGNzd-GuJ,boy,1학년,무기력/피로,1,불안 및 우울 문제,27
학생237 ,-ObjSOYV_HEZGNzd-GuJ,boy,1학년,예기 불안,2,불안 및 우울 문제,27
학생237 ,-ObjSOYV_HEZGNzd-GuJ,boy,1학년,과도한 불안,1,불안 및 우울 문제,27
학생237 ,-ObjSOYV_HEZGNzd-GuJ,boy,1학년,우울 증상,1,불안 및 우울 문제,27
학생237 ,-ObjSOYV_HEZGNzd-GuJ,boy,1학년,수면 문제,1,학교생활적응 문제,27
학생237 ,-ObjSOYV_HEZGNzd-GuJ,boy,1학년,자살 사고,1,자살 및 위기 문제,27
학생237 ,-ObjSOYV_HEZGNzd-GuJ,boy,1학년,자해 행동,0,자살 및 위기 문제,27
학생237 ,-ObjSOYV_HEZGNzd-GuJ,boy,1학년,자살 계획,0,자살 및 위기 문제,27
학생237 ,-ObjSOYV_HEZGNzd-GuJ,boy,1학년,심각한 자살사고,0,자살 및 위기 문제,27
학생237 ,-ObjSOYV_HEZGNzd-GuJ,boy,1학년,절망감,1,자살 및 위기 문제,27
학생237 ,-ObjSOYV_HEZGNzd-GuJ,boy,1학년,자살 시도,0,자살 및 위기 문제,27
학생237 ,-ObjSOYV_HEZGNzd-GuJ,boy,1학년,빈번한 거짓말,1,외현화 문제,27
학생237 ,-ObjSOYV_HEZGNzd-GuJ,boy,1학년,또래 갈등,1,외현화 문제,27
학생237 ,-ObjSOYV_HEZGNzd-GuJ,boy,1학년,반항 행동,0,외현화 문제,27
학생237 ,-ObjSOYV_HEZGNzd-GuJ,boy,1학년,괴롭힘 가해,1,외현화 문제,27
학생237 ,-ObjSOYV_HEZGNzd-GuJ,boy,1학년,외상 침습증상,0,심리외상 문제,27
학생237 ,-ObjSOYV_HEZGNzd-GuJ,boy,1학년,외상 관련 악몽,1,심리외상 문제,27
학생237 ,-ObjSOYV_HEZGNzd-GuJ,boy,1학년,외상 후 고립,1,심리외상 문제,27
학생237 ,-ObjSOYV_HEZGNzd-GuJ,boy,1학년,외상 후 과각성,1,심리외상 문제,27
학생237 ,-ObjSOYV_HEZGNzd-GuJ,boy,1학년,외상 회피행동,1,심리외상 문제,27
학생237 ,-ObjSOYV_HEZGNzd-GuJ,boy,1학년,흡연 문제,0,외현화 문제,27
학생237 ,-ObjSOYV_HEZGNzd-GuJ,boy,1학년,음주 문제,0,외현화 문제,27
학생237 ,-ObjSOYV_HEZGNzd-GuJ,boy,1학년,적응력 저하,2,학교생활적응 문제,27
학생237 ,-ObjSOYV_HEZGNzd-GuJ,boy,1학년,분리 불안,0,학교생활적응 문제,27
학생237 ,-ObjSOYV_HEZGNzd-GuJ,boy,1학년,학습 어려움,1,학교생활적응 문제,27
학생237 ,-ObjSOYV_HEZGNzd-GuJ,boy,1학년,재산 관련 비행,0,외현화 문제,27
학생237 ,-ObjSOYV_HEZGNzd-GuJ,boy,1학년,게임 과몰입,2,외현화 문제,27
학생237 ,-ObjSOYV_HEZGNzd-GuJ,boy,1학년,관계 형성 곤란,1,학교생활적응 문제,27
학생237 ,-ObjSOYV_HEZGNzd-GuJ,boy,1학년,등교 거부,0,학교생활적응 문제,27
학생237 ,-ObjSOYV_HEZGNzd-GuJ,boy,1학년,괴롭힘 피해,0,심리외상 문제,27
학생237 ,-ObjSOYV_HEZGNzd-GuJ,boy,1학년,따돌림 피해,0,심리외상 문제,27
학생238 ,-ObjSR1_G8miFpiugT6B,boy,3학년,사회적 긴장,3,불안 및 우울 문제,67
학생238 ,-ObjSR1_G8miFpiugT6B,boy,3학년,감정 기복,2,불안 및 우울 문제,67
학생238 ,-ObjSR1_G8miFpiugT6B,boy,3학년,과도한 죄책감,1,불안 및 우울 문제,67
학생238 ,-ObjSR1_G8miFpiugT6B,boy,3학년,과민성/짜증,3,불안 및 우울 문제,67
학생238 ,-ObjSR1_G8miFpiugT6B,boy,3학년,낮은 자존감,3,학교생활적응 문제,67
학생238 ,-ObjSR1_G8miFpiugT6B,boy,3학년,무기력/피로,3,불안 및 우울 문제,67
학생238 ,-ObjSR1_G8miFpiugT6B,boy,3학년,예기 불안,3,불안 및 우울 문제,67
학생238 ,-ObjSR1_G8miFpiugT6B,boy,3학년,과도한 불안,2,불안 및 우울 문제,67
학생238 ,-ObjSR1_G8miFpiugT6B,boy,3학년,우울 증상,3,불안 및 우울 문제,67
학생238 ,-ObjSR1_G8miFpiugT6B,boy,3학년,수면 문제,0,학교생활적응 문제,67
학생238 ,-ObjSR1_G8miFpiugT6B,boy,3학년,자살 사고,3,자살 및 위기 문제,67
학생238 ,-ObjSR1_G8miFpiugT6B,boy,3학년,자해 행동,0,자살 및 위기 문제,67
학생238 ,-ObjSR1_G8miFpiugT6B,boy,3학년,자살 계획,0,자살 및 위기 문제,67
학생238 ,-ObjSR1_G8miFpiugT6B,boy,3학년,심각한 자살사고,1,자살 및 위기 문제,67
학생238 ,-ObjSR1_G8miFpiugT6B,boy,3학년,절망감,3,자살 및 위기 문제,67
학생238 ,-ObjSR1_G8miFpiugT6B,boy,3학년,자살 시도,0,자살 및 위기 문제,67
학생238 ,-ObjSR1_G8miFpiugT6B,boy,3학년,빈번한 거짓말,0,외현화 문제,67
학생238 ,-ObjSR1_G8miFpiugT6B,boy,3학년,또래 갈등,0,외현화 문제,67
학생238 ,-ObjSR1_G8miFpiugT6B,boy,3학년,반항 행동,3,외현화 문제,67
학생238 ,-ObjSR1_G8miFpiugT6B,boy,3학년,괴롭힘 가해,0,외현화 문제,67
학생238 ,-ObjSR1_G8miFpiugT6B,boy,3학년,외상 침습증상,2,심리외상 문제,67
학생238 ,-ObjSR1_G8miFpiugT6B,boy,3학년,외상 관련 악몽,3,심리외상 문제,67
학생238 ,-ObjSR1_G8miFpiugT6B,boy,3학년,외상 후 고립,2,심리외상 문제,67
학생238 ,-ObjSR1_G8miFpiugT6B,boy,3학년,외상 후 과각성,3,심리외상 문제,67
학생238 ,-ObjSR1_G8miFpiugT6B,boy,3학년,외상 회피행동,2,심리외상 문제,67
학생238 ,-ObjSR1_G8miFpiugT6B,boy,3학년,흡연 문제,0,외현화 문제,67
학생238 ,-ObjSR1_G8miFpiugT6B,boy,3학년,음주 문제,1,외현화 문제,67
학생238 ,-ObjSR1_G8miFpiugT6B,boy,3학년,적응력 저하,3,학교생활적응 문제,67
학생238 ,-ObjSR1_G8miFpiugT6B,boy,3학년,분리 불안,3,학교생활적응 문제,67
학생238 ,-ObjSR1_G8miFpiugT6B,boy,3학년,학습 어려움,3,학교생활적응 문제,67
학생238 ,-ObjSR1_G8miFpiugT6B,boy,3학년,재산 관련 비행,0,외현화 문제,67
학생238 ,-ObjSR1_G8miFpiugT6B,boy,3학년,게임 과몰입,0,외현화 문제,67
학생238 ,-ObjSR1_G8miFpiugT6B,boy,3학년,관계 형성 곤란,3,학교생활적응 문제,67
학생238 ,-ObjSR1_G8miFpiugT6B,boy,3학년,등교 거부,3,학교생활적응 문제,67
학생238 ,-ObjSR1_G8miFpiugT6B,boy,3학년,괴롭힘 피해,3,심리외상 문제,67
학생238 ,-ObjSR1_G8miFpiugT6B,boy,3학년,따돌림 피해,3,심리외상 문제,67
학생239 ,-ObjSRQqIHxXdNJE-_IY,girl,2학년,사회적 긴장,0,불안 및 우울 문제,2
학생239 ,-ObjSRQqIHxXdNJE-_IY,girl,2학년,감정 기복,0,불안 및 우울 문제,2
학생239 ,-ObjSRQqIHxXdNJE-_IY,girl,2학년,과도한 죄책감,0,불안 및 우울 문제,2
학생239 ,-ObjSRQqIHxXdNJE-_IY,girl,2학년,과민성/짜증,0,불안 및 우울 문제,2
학생239 ,-ObjSRQqIHxXdNJE-_IY,girl,2학년,낮은 자존감,0,학교생활적응 문제,2
학생239 ,-ObjSRQqIHxXdNJE-_IY,girl,2학년,무기력/피로,0,불안 및 우울 문제,2
학생239 ,-ObjSRQqIHxXdNJE-_IY,girl,2학년,예기 불안,1,불안 및 우울 문제,2
학생239 ,-ObjSRQqIHxXdNJE-_IY,girl,2학년,과도한 불안,0,불안 및 우울 문제,2
학생239 ,-ObjSRQqIHxXdNJE-_IY,girl,2학년,우울 증상,0,불안 및 우울 문제,2
학생239 ,-ObjSRQqIHxXdNJE-_IY,girl,2학년,수면 문제,1,학교생활적응 문제,2
학생239 ,-ObjSRQqIHxXdNJE-_IY,girl,2학년,자살 사고,0,자살 및 위기 문제,2
학생239 ,-ObjSRQqIHxXdNJE-_IY,girl,2학년,자해 행동,0,자살 및 위기 문제,2
학생239 ,-ObjSRQqIHxXdNJE-_IY,girl,2학년,자살 계획,0,자살 및 위기 문제,2
학생239 ,-ObjSRQqIHxXdNJE-_IY,girl,2학년,심각한 자살사고,0,자살 및 위기 문제,2
학생239 ,-ObjSRQqIHxXdNJE-_IY,girl,2학년,절망감,0,자살 및 위기 문제,2
학생239 ,-ObjSRQqIHxXdNJE-_IY,girl,2학년,자살 시도,0,자살 및 위기 문제,2
학생239 ,-ObjSRQqIHxXdNJE-_IY,girl,2학년,빈번한 거짓말,0,외현화 문제,2
학생239 ,-ObjSRQqIHxXdNJE-_IY,girl,2학년,또래 갈등,0,외현화 문제,2
학생239 ,-ObjSRQqIHxXdNJE-_IY,girl,2학년,반항 행동,0,외현화 문제,2
학생239 ,-ObjSRQqIHxXdNJE-_IY,girl,2학년,괴롭힘 가해,0,외현화 문제,2
학생239 ,-ObjSRQqIHxXdNJE-_IY,girl,2학년,외상 침습증상,0,심리외상 문제,2
학생239 ,-ObjSRQqIHxXdNJE-_IY,girl,2학년,외상 관련 악몽,0,심리외상 문제,2
학생239 ,-ObjSRQqIHxXdNJE-_IY,girl,2학년,외상 후 고립,0,심리외상 문제,2
학생239 ,-ObjSRQqIHxXdNJE-_IY,girl,2학년,외상 후 과각성,0,심리외상 문제,2
학생239 ,-ObjSRQqIHxXdNJE-_IY,girl,2학년,외상 회피행동,0,심리외상 문제,2
학생239 ,-ObjSRQqIHxXdNJE-_IY,girl,2학년,흡연 문제,0,외현화 문제,2
학생239 ,-ObjSRQqIHxXdNJE-_IY,girl,2학년,음주 문제,0,외현화 문제,2
학생239 ,-ObjSRQqIHxXdNJE-_IY,girl,2학년,적응력 저하,0,학교생활적응 문제,2
학생239 ,-ObjSRQqIHxXdNJE-_IY,girl,2학년,분리 불안,0,학교생활적응 문제,2
학생239 ,-ObjSRQqIHxXdNJE-_IY,girl,2학년,학습 어려움,0,학교생활적응 문제,2
학생239 ,-ObjSRQqIHxXdNJE-_IY,girl,2학년,재산 관련 비행,0,외현화 문제,2
학생239 ,-ObjSRQqIHxXdNJE-_IY,girl,2학년,게임 과몰입,0,외현화 문제,2
학생239 ,-ObjSRQqIHxXdNJE-_IY,girl,2학년,관계 형성 곤란,0,학교생활적응 문제,2
학생239 ,-ObjSRQqIHxXdNJE-_IY,girl,2학년,등교 거부,0,학교생활적응 문제,2
학생239 ,-ObjSRQqIHxXdNJE-_IY,girl,2학년,괴롭힘 피해,0,심리외상 문제,2
학생239 ,-ObjSRQqIHxXdNJE-_IY,girl,2학년,따돌림 피해,0,심리외상 문제,2
학생24 ,-ObjRPZ_6pRBMPC_9Fgt,girl,1학년,사회적 긴장,1,불안 및 우울 문제,4
학생24 ,-ObjRPZ_6pRBMPC_9Fgt,girl,1학년,감정 기복,0,불안 및 우울 문제,4
학생24 ,-ObjRPZ_6pRBMPC_9Fgt,girl,1학년,과도한 죄책감,0,불안 및 우울 문제,4
학생24 ,-ObjRPZ_6pRBMPC_9Fgt,girl,1학년,과민성/짜증,0,불안 및 우울 문제,4
학생24 ,-ObjRPZ_6pRBMPC_9Fgt,girl,1학년,낮은 자존감,0,학교생활적응 문제,4
학생24 ,-ObjRPZ_6pRBMPC_9Fgt,girl,1학년,무기력/피로,1,불안 및 우울 문제,4
학생24 ,-ObjRPZ_6pRBMPC_9Fgt,girl,1학년,예기 불안,1,불안 및 우울 문제,4
학생24 ,-ObjRPZ_6pRBMPC_9Fgt,girl,1학년,과도한 불안,0,불안 및 우울 문제,4
학생24 ,-ObjRPZ_6pRBMPC_9Fgt,girl,1학년,우울 증상,0,불안 및 우울 문제,4
학생24 ,-ObjRPZ_6pRBMPC_9Fgt,girl,1학년,수면 문제,0,학교생활적응 문제,4
학생24 ,-ObjRPZ_6pRBMPC_9Fgt,girl,1학년,자살 사고,0,자살 및 위기 문제,4
학생24 ,-ObjRPZ_6pRBMPC_9Fgt,girl,1학년,자해 행동,0,자살 및 위기 문제,4
학생24 ,-ObjRPZ_6pRBMPC_9Fgt,girl,1학년,자살 계획,0,자살 및 위기 문제,4
학생24 ,-ObjRPZ_6pRBMPC_9Fgt,girl,1학년,심각한 자살사고,0,자살 및 위기 문제,4
학생24 ,-ObjRPZ_6pRBMPC_9Fgt,girl,1학년,절망감,0,자살 및 위기 문제,4
학생24 ,-ObjRPZ_6pRBMPC_9Fgt,girl,1학년,자살 시도,0,자살 및 위기 문제,4
학생24 ,-ObjRPZ_6pRBMPC_9Fgt,girl,1학년,빈번한 거짓말,1,외현화 문제,4
학생24 ,-ObjRPZ_6pRBMPC_9Fgt,girl,1학년,또래 갈등,0,외현화 문제,4
학생24 ,-ObjRPZ_6pRBMPC_9Fgt,girl,1학년,반항 행동,0,외현화 문제,4
학생24 ,-ObjRPZ_6pRBMPC_9Fgt,girl,1학년,괴롭힘 가해,0,외현화 문제,4
학생24 ,-ObjRPZ_6pRBMPC_9Fgt,girl,1학년,외상 침습증상,0,심리외상 문제,4
학생24 ,-ObjRPZ_6pRBMPC_9Fgt,girl,1학년,외상 관련 악몽,0,심리외상 문제,4
학생24 ,-ObjRPZ_6pRBMPC_9Fgt,girl,1학년,외상 후 고립,0,심리외상 문제,4
학생24 ,-ObjRPZ_6pRBMPC_9Fgt,girl,1학년,외상 후 과각성,0,심리외상 문제,4
학생24 ,-ObjRPZ_6pRBMPC_9Fgt,girl,1학년,외상 회피행동,0,심리외상 문제,4
학생24 ,-ObjRPZ_6pRBMPC_9Fgt,girl,1학년,흡연 문제,0,외현화 문제,4
학생24 ,-ObjRPZ_6pRBMPC_9Fgt,girl,1학년,음주 문제,0,외현화 문제,4
학생24 ,-ObjRPZ_6pRBMPC_9Fgt,girl,1학년,적응력 저하,0,학교생활적응 문제,4
학생24 ,-ObjRPZ_6pRBMPC_9Fgt,girl,1학년,분리 불안,0,학교생활적응 문제,4
학생24 ,-ObjRPZ_6pRBMPC_9Fgt,girl,1학년,학습 어려움,0,학교생활적응 문제,4
학생24 ,-ObjRPZ_6pRBMPC_9Fgt,girl,1학년,재산 관련 비행,0,외현화 문제,4
학생24 ,-ObjRPZ_6pRBMPC_9Fgt,girl,1학년,게임 과몰입,0,외현화 문제,4
학생24 ,-ObjRPZ_6pRBMPC_9Fgt,girl,1학년,관계 형성 곤란,0,학교생활적응 문제,4
학생24 ,-ObjRPZ_6pRBMPC_9Fgt,girl,1학년,등교 거부,0,학교생활적응 문제,4
학생24 ,-ObjRPZ_6pRBMPC_9Fgt,girl,1학년,괴롭힘 피해,0,심리외상 문제,4
학생24 ,-ObjRPZ_6pRBMPC_9Fgt,girl,1학년,따돌림 피해,0,심리외상 문제,4
학생240 ,-ObjSRV-wE0bAocjiFdI,boy,2학년,사회적 긴장,0,불안 및 우울 문제,14
학생240 ,-ObjSRV-wE0bAocjiFdI,boy,2학년,감정 기복,1,불안 및 우울 문제,14
학생240 ,-ObjSRV-wE0bAocjiFdI,boy,2학년,과도한 죄책감,1,불안 및 우울 문제,14
학생240 ,-ObjSRV-wE0bAocjiFdI,boy,2학년,과민성/짜증,1,불안 및 우울 문제,14
학생240 ,-ObjSRV-wE0bAocjiFdI,boy,2학년,낮은 자존감,3,학교생활적응 문제,14
학생240 ,-ObjSRV-wE0bAocjiFdI,boy,2학년,무기력/피로,1,불안 및 우울 문제,14
학생240 ,-ObjSRV-wE0bAocjiFdI,boy,2학년,예기 불안,3,불안 및 우울 문제,14
학생240 ,-ObjSRV-wE0bAocjiFdI,boy,2학년,과도한 불안,1,불안 및 우울 문제,14
학생240 ,-ObjSRV-wE0bAocjiFdI,boy,2학년,우울 증상,1,불안 및 우울 문제,14
학생240 ,-ObjSRV-wE0bAocjiFdI,boy,2학년,수면 문제,1,학교생활적응 문제,14
학생240 ,-ObjSRV-wE0bAocjiFdI,boy,2학년,자살 사고,0,자살 및 위기 문제,14
학생240 ,-ObjSRV-wE0bAocjiFdI,boy,2학년,자해 행동,0,자살 및 위기 문제,14
학생240 ,-ObjSRV-wE0bAocjiFdI,boy,2학년,자살 계획,0,자살 및 위기 문제,14
학생240 ,-ObjSRV-wE0bAocjiFdI,boy,2학년,심각한 자살사고,0,자살 및 위기 문제,14
학생240 ,-ObjSRV-wE0bAocjiFdI,boy,2학년,절망감,0,자살 및 위기 문제,14
학생240 ,-ObjSRV-wE0bAocjiFdI,boy,2학년,자살 시도,0,자살 및 위기 문제,14
학생240 ,-ObjSRV-wE0bAocjiFdI,boy,2학년,빈번한 거짓말,1,외현화 문제,14
학생240 ,-ObjSRV-wE0bAocjiFdI,boy,2학년,또래 갈등,0,외현화 문제,14
학생240 ,-ObjSRV-wE0bAocjiFdI,boy,2학년,반항 행동,0,외현화 문제,14
학생240 ,-ObjSRV-wE0bAocjiFdI,boy,2학년,괴롭힘 가해,0,외현화 문제,14
학생240 ,-ObjSRV-wE0bAocjiFdI,boy,2학년,외상 침습증상,0,심리외상 문제,14
학생240 ,-ObjSRV-wE0bAocjiFdI,boy,2학년,외상 관련 악몽,0,심리외상 문제,14
학생240 ,-ObjSRV-wE0bAocjiFdI,boy,2학년,외상 후 고립,0,심리외상 문제,14
학생240 ,-ObjSRV-wE0bAocjiFdI,boy,2학년,외상 후 과각성,0,심리외상 문제,14
학생240 ,-ObjSRV-wE0bAocjiFdI,boy,2학년,외상 회피행동,0,심리외상 문제,14
학생240 ,-ObjSRV-wE0bAocjiFdI,boy,2학년,흡연 문제,0,외현화 문제,14
학생240 ,-ObjSRV-wE0bAocjiFdI,boy,2학년,음주 문제,0,외현화 문제,14
학생240 ,-ObjSRV-wE0bAocjiFdI,boy,2학년,적응력 저하,0,학교생활적응 문제,14
학생240 ,-ObjSRV-wE0bAocjiFdI,boy,2학년,분리 불안,0,학교생활적응 문제,14
학생240 ,-ObjSRV-wE0bAocjiFdI,boy,2학년,학습 어려움,0,학교생활적응 문제,14
학생240 ,-ObjSRV-wE0bAocjiFdI,boy,2학년,재산 관련 비행,0,외현화 문제,14
학생240 ,-ObjSRV-wE0bAocjiFdI,boy,2학년,게임 과몰입,0,외현화 문제,14
학생240 ,-ObjSRV-wE0bAocjiFdI,boy,2학년,관계 형성 곤란,0,학교생활적응 문제,14
학생240 ,-ObjSRV-wE0bAocjiFdI,boy,2학년,등교 거부,0,학교생활적응 문제,14
학생240 ,-ObjSRV-wE0bAocjiFdI,boy,2학년,괴롭힘 피해,0,심리외상 문제,14
학생240 ,-ObjSRV-wE0bAocjiFdI,boy,2학년,따돌림 피해,0,심리외상 문제,14
학생241 ,-ObjSRZi0sq39MbB9QeT,girl,3학년,사회적 긴장,0,불안 및 우울 문제,8
학생241 ,-ObjSRZi0sq39MbB9QeT,girl,3학년,감정 기복,0,불안 및 우울 문제,8
학생241 ,-ObjSRZi0sq39MbB9QeT,girl,3학년,과도한 죄책감,0,불안 및 우울 문제,8
학생241 ,-ObjSRZi0sq39MbB9QeT,girl,3학년,과민성/짜증,1,불안 및 우울 문제,8
학생241 ,-ObjSRZi0sq39MbB9QeT,girl,3학년,낮은 자존감,1,학교생활적응 문제,8
학생241 ,-ObjSRZi0sq39MbB9QeT,girl,3학년,무기력/피로,1,불안 및 우울 문제,8
학생241 ,-ObjSRZi0sq39MbB9QeT,girl,3학년,예기 불안,1,불안 및 우울 문제,8
학생241 ,-ObjSRZi0sq39MbB9QeT,girl,3학년,과도한 불안,1,불안 및 우울 문제,8
학생241 ,-ObjSRZi0sq39MbB9QeT,girl,3학년,우울 증상,0,불안 및 우울 문제,8
학생241 ,-ObjSRZi0sq39MbB9QeT,girl,3학년,수면 문제,2,학교생활적응 문제,8
학생241 ,-ObjSRZi0sq39MbB9QeT,girl,3학년,자살 사고,0,자살 및 위기 문제,8
학생241 ,-ObjSRZi0sq39MbB9QeT,girl,3학년,자해 행동,0,자살 및 위기 문제,8
학생241 ,-ObjSRZi0sq39MbB9QeT,girl,3학년,자살 계획,0,자살 및 위기 문제,8
학생241 ,-ObjSRZi0sq39MbB9QeT,girl,3학년,심각한 자살사고,0,자살 및 위기 문제,8
학생241 ,-ObjSRZi0sq39MbB9QeT,girl,3학년,절망감,0,자살 및 위기 문제,8
학생241 ,-ObjSRZi0sq39MbB9QeT,girl,3학년,자살 시도,0,자살 및 위기 문제,8
학생241 ,-ObjSRZi0sq39MbB9QeT,girl,3학년,빈번한 거짓말,1,외현화 문제,8
학생241 ,-ObjSRZi0sq39MbB9QeT,girl,3학년,또래 갈등,0,외현화 문제,8
학생241 ,-ObjSRZi0sq39MbB9QeT,girl,3학년,반항 행동,0,외현화 문제,8
학생241 ,-ObjSRZi0sq39MbB9QeT,girl,3학년,괴롭힘 가해,0,외현화 문제,8
학생241 ,-ObjSRZi0sq39MbB9QeT,girl,3학년,외상 침습증상,0,심리외상 문제,8
학생241 ,-ObjSRZi0sq39MbB9QeT,girl,3학년,외상 관련 악몽,0,심리외상 문제,8
학생241 ,-ObjSRZi0sq39MbB9QeT,girl,3학년,외상 후 고립,0,심리외상 문제,8
학생241 ,-ObjSRZi0sq39MbB9QeT,girl,3학년,외상 후 과각성,0,심리외상 문제,8
학생241 ,-ObjSRZi0sq39MbB9QeT,girl,3학년,외상 회피행동,0,심리외상 문제,8
학생241 ,-ObjSRZi0sq39MbB9QeT,girl,3학년,흡연 문제,0,외현화 문제,8
학생241 ,-ObjSRZi0sq39MbB9QeT,girl,3학년,음주 문제,0,외현화 문제,8
학생241 ,-ObjSRZi0sq39MbB9QeT,girl,3학년,적응력 저하,0,학교생활적응 문제,8
학생241 ,-ObjSRZi0sq39MbB9QeT,girl,3학년,분리 불안,0,학교생활적응 문제,8
학생241 ,-ObjSRZi0sq39MbB9QeT,girl,3학년,학습 어려움,0,학교생활적응 문제,8
학생241 ,-ObjSRZi0sq39MbB9QeT,girl,3학년,재산 관련 비행,0,외현화 문제,8
학생241 ,-ObjSRZi0sq39MbB9QeT,girl,3학년,게임 과몰입,0,외현화 문제,8
학생241 ,-ObjSRZi0sq39MbB9QeT,girl,3학년,관계 형성 곤란,0,학교생활적응 문제,8
학생241 ,-ObjSRZi0sq39MbB9QeT,girl,3학년,등교 거부,0,학교생활적응 문제,8
학생241 ,-ObjSRZi0sq39MbB9QeT,girl,3학년,괴롭힘 피해,0,심리외상 문제,8
학생241 ,-ObjSRZi0sq39MbB9QeT,girl,3학년,따돌림 피해,0,심리외상 문제,8
학생242 ,-ObjSSaea0KNsBqe4x_l,boy,1학년,사회적 긴장,1,불안 및 우울 문제,16
학생242 ,-ObjSSaea0KNsBqe4x_l,boy,1학년,감정 기복,1,불안 및 우울 문제,16
학생242 ,-ObjSSaea0KNsBqe4x_l,boy,1학년,과도한 죄책감,1,불안 및 우울 문제,16
학생242 ,-ObjSSaea0KNsBqe4x_l,boy,1학년,과민성/짜증,1,불안 및 우울 문제,16
학생242 ,-ObjSSaea0KNsBqe4x_l,boy,1학년,낮은 자존감,1,학교생활적응 문제,16
학생242 ,-ObjSSaea0KNsBqe4x_l,boy,1학년,무기력/피로,1,불안 및 우울 문제,16
학생242 ,-ObjSSaea0KNsBqe4x_l,boy,1학년,예기 불안,2,불안 및 우울 문제,16
학생242 ,-ObjSSaea0KNsBqe4x_l,boy,1학년,과도한 불안,1,불안 및 우울 문제,16
학생242 ,-ObjSSaea0KNsBqe4x_l,boy,1학년,우울 증상,1,불안 및 우울 문제,16
학생242 ,-ObjSSaea0KNsBqe4x_l,boy,1학년,수면 문제,1,학교생활적응 문제,16
학생242 ,-ObjSSaea0KNsBqe4x_l,boy,1학년,자살 사고,0,자살 및 위기 문제,16
학생242 ,-ObjSSaea0KNsBqe4x_l,boy,1학년,자해 행동,0,자살 및 위기 문제,16
학생242 ,-ObjSSaea0KNsBqe4x_l,boy,1학년,자살 계획,0,자살 및 위기 문제,16
학생242 ,-ObjSSaea0KNsBqe4x_l,boy,1학년,심각한 자살사고,0,자살 및 위기 문제,16
학생242 ,-ObjSSaea0KNsBqe4x_l,boy,1학년,절망감,0,자살 및 위기 문제,16
학생242 ,-ObjSSaea0KNsBqe4x_l,boy,1학년,자살 시도,0,자살 및 위기 문제,16
학생242 ,-ObjSSaea0KNsBqe4x_l,boy,1학년,빈번한 거짓말,3,외현화 문제,16
학생242 ,-ObjSSaea0KNsBqe4x_l,boy,1학년,또래 갈등,0,외현화 문제,16
학생242 ,-ObjSSaea0KNsBqe4x_l,boy,1학년,반항 행동,1,외현화 문제,16
학생242 ,-ObjSSaea0KNsBqe4x_l,boy,1학년,괴롭힘 가해,1,외현화 문제,16
학생242 ,-ObjSSaea0KNsBqe4x_l,boy,1학년,외상 침습증상,0,심리외상 문제,16
학생242 ,-ObjSSaea0KNsBqe4x_l,boy,1학년,외상 관련 악몽,0,심리외상 문제,16
학생242 ,-ObjSSaea0KNsBqe4x_l,boy,1학년,외상 후 고립,0,심리외상 문제,16
학생242 ,-ObjSSaea0KNsBqe4x_l,boy,1학년,외상 후 과각성,0,심리외상 문제,16
학생242 ,-ObjSSaea0KNsBqe4x_l,boy,1학년,외상 회피행동,0,심리외상 문제,16
학생242 ,-ObjSSaea0KNsBqe4x_l,boy,1학년,흡연 문제,0,외현화 문제,16
학생242 ,-ObjSSaea0KNsBqe4x_l,boy,1학년,음주 문제,0,외현화 문제,16
학생242 ,-ObjSSaea0KNsBqe4x_l,boy,1학년,적응력 저하,0,학교생활적응 문제,16
학생242 ,-ObjSSaea0KNsBqe4x_l,boy,1학년,분리 불안,0,학교생활적응 문제,16
학생242 ,-ObjSSaea0KNsBqe4x_l,boy,1학년,학습 어려움,0,학교생활적응 문제,16
학생242 ,-ObjSSaea0KNsBqe4x_l,boy,1학년,재산 관련 비행,0,외현화 문제,16
학생242 ,-ObjSSaea0KNsBqe4x_l,boy,1학년,게임 과몰입,0,외현화 문제,16
학생242 ,-ObjSSaea0KNsBqe4x_l,boy,1학년,관계 형성 곤란,0,학교생활적응 문제,16
학생242 ,-ObjSSaea0KNsBqe4x_l,boy,1학년,등교 거부,0,학교생활적응 문제,16
학생242 ,-ObjSSaea0KNsBqe4x_l,boy,1학년,괴롭힘 피해,0,심리외상 문제,16
학생242 ,-ObjSSaea0KNsBqe4x_l,boy,1학년,따돌림 피해,0,심리외상 문제,16
학생243 ,-ObjSSfaDbyFx4kBbVam,boy,2학년,사회적 긴장,2,불안 및 우울 문제,14
학생243 ,-ObjSSfaDbyFx4kBbVam,boy,2학년,감정 기복,1,불안 및 우울 문제,14
학생243 ,-ObjSSfaDbyFx4kBbVam,boy,2학년,과도한 죄책감,0,불안 및 우울 문제,14
학생243 ,-ObjSSfaDbyFx4kBbVam,boy,2학년,과민성/짜증,1,불안 및 우울 문제,14
학생243 ,-ObjSSfaDbyFx4kBbVam,boy,2학년,낮은 자존감,2,학교생활적응 문제,14
학생243 ,-ObjSSfaDbyFx4kBbVam,boy,2학년,무기력/피로,1,불안 및 우울 문제,14
학생243 ,-ObjSSfaDbyFx4kBbVam,boy,2학년,예기 불안,2,불안 및 우울 문제,14
학생243 ,-ObjSSfaDbyFx4kBbVam,boy,2학년,과도한 불안,1,불안 및 우울 문제,14
학생243 ,-ObjSSfaDbyFx4kBbVam,boy,2학년,우울 증상,1,불안 및 우울 문제,14
학생243 ,-ObjSSfaDbyFx4kBbVam,boy,2학년,수면 문제,1,학교생활적응 문제,14
학생243 ,-ObjSSfaDbyFx4kBbVam,boy,2학년,자살 사고,1,자살 및 위기 문제,14
학생243 ,-ObjSSfaDbyFx4kBbVam,boy,2학년,자해 행동,0,자살 및 위기 문제,14
학생243 ,-ObjSSfaDbyFx4kBbVam,boy,2학년,자살 계획,0,자살 및 위기 문제,14
학생243 ,-ObjSSfaDbyFx4kBbVam,boy,2학년,심각한 자살사고,0,자살 및 위기 문제,14
학생243 ,-ObjSSfaDbyFx4kBbVam,boy,2학년,절망감,0,자살 및 위기 문제,14
학생243 ,-ObjSSfaDbyFx4kBbVam,boy,2학년,자살 시도,0,자살 및 위기 문제,14
학생243 ,-ObjSSfaDbyFx4kBbVam,boy,2학년,빈번한 거짓말,0,외현화 문제,14
학생243 ,-ObjSSfaDbyFx4kBbVam,boy,2학년,또래 갈등,0,외현화 문제,14
학생243 ,-ObjSSfaDbyFx4kBbVam,boy,2학년,반항 행동,1,외현화 문제,14
학생243 ,-ObjSSfaDbyFx4kBbVam,boy,2학년,괴롭힘 가해,0,외현화 문제,14
학생243 ,-ObjSSfaDbyFx4kBbVam,boy,2학년,외상 침습증상,0,심리외상 문제,14
학생243 ,-ObjSSfaDbyFx4kBbVam,boy,2학년,외상 관련 악몽,0,심리외상 문제,14
학생243 ,-ObjSSfaDbyFx4kBbVam,boy,2학년,외상 후 고립,0,심리외상 문제,14
학생243 ,-ObjSSfaDbyFx4kBbVam,boy,2학년,외상 후 과각성,0,심리외상 문제,14
학생243 ,-ObjSSfaDbyFx4kBbVam,boy,2학년,외상 회피행동,0,심리외상 문제,14
학생243 ,-ObjSSfaDbyFx4kBbVam,boy,2학년,흡연 문제,0,외현화 문제,14
학생243 ,-ObjSSfaDbyFx4kBbVam,boy,2학년,음주 문제,0,외현화 문제,14
학생243 ,-ObjSSfaDbyFx4kBbVam,boy,2학년,적응력 저하,0,학교생활적응 문제,14
학생243 ,-ObjSSfaDbyFx4kBbVam,boy,2학년,분리 불안,0,학교생활적응 문제,14
학생243 ,-ObjSSfaDbyFx4kBbVam,boy,2학년,학습 어려움,0,학교생활적응 문제,14
학생243 ,-ObjSSfaDbyFx4kBbVam,boy,2학년,재산 관련 비행,0,외현화 문제,14
학생243 ,-ObjSSfaDbyFx4kBbVam,boy,2학년,게임 과몰입,0,외현화 문제,14
학생243 ,-ObjSSfaDbyFx4kBbVam,boy,2학년,관계 형성 곤란,0,학교생활적응 문제,14
학생243 ,-ObjSSfaDbyFx4kBbVam,boy,2학년,등교 거부,0,학교생활적응 문제,14
학생243 ,-ObjSSfaDbyFx4kBbVam,boy,2학년,괴롭힘 피해,0,심리외상 문제,14
학생243 ,-ObjSSfaDbyFx4kBbVam,boy,2학년,따돌림 피해,0,심리외상 문제,14
학생244 ,-ObjSV2_w6fYwIDSFjZP,boy,1학년,사회적 긴장,2,불안 및 우울 문제,34
학생244 ,-ObjSV2_w6fYwIDSFjZP,boy,1학년,감정 기복,0,불안 및 우울 문제,34
학생244 ,-ObjSV2_w6fYwIDSFjZP,boy,1학년,과도한 죄책감,2,불안 및 우울 문제,34
학생244 ,-ObjSV2_w6fYwIDSFjZP,boy,1학년,과민성/짜증,2,불안 및 우울 문제,34
학생244 ,-ObjSV2_w6fYwIDSFjZP,boy,1학년,낮은 자존감,2,학교생활적응 문제,34
학생244 ,-ObjSV2_w6fYwIDSFjZP,boy,1학년,무기력/피로,2,불안 및 우울 문제,34
학생244 ,-ObjSV2_w6fYwIDSFjZP,boy,1학년,예기 불안,3,불안 및 우울 문제,34
학생244 ,-ObjSV2_w6fYwIDSFjZP,boy,1학년,과도한 불안,1,불안 및 우울 문제,34
학생244 ,-ObjSV2_w6fYwIDSFjZP,boy,1학년,우울 증상,0,불안 및 우울 문제,34
학생244 ,-ObjSV2_w6fYwIDSFjZP,boy,1학년,수면 문제,2,학교생활적응 문제,34
학생244 ,-ObjSV2_w6fYwIDSFjZP,boy,1학년,자살 사고,0,자살 및 위기 문제,34
학생244 ,-ObjSV2_w6fYwIDSFjZP,boy,1학년,자해 행동,0,자살 및 위기 문제,34
학생244 ,-ObjSV2_w6fYwIDSFjZP,boy,1학년,자살 계획,0,자살 및 위기 문제,34
학생244 ,-ObjSV2_w6fYwIDSFjZP,boy,1학년,심각한 자살사고,0,자살 및 위기 문제,34
학생244 ,-ObjSV2_w6fYwIDSFjZP,boy,1학년,절망감,0,자살 및 위기 문제,34
학생244 ,-ObjSV2_w6fYwIDSFjZP,boy,1학년,자살 시도,0,자살 및 위기 문제,34
학생244 ,-ObjSV2_w6fYwIDSFjZP,boy,1학년,빈번한 거짓말,1,외현화 문제,34
학생244 ,-ObjSV2_w6fYwIDSFjZP,boy,1학년,또래 갈등,2,외현화 문제,34
학생244 ,-ObjSV2_w6fYwIDSFjZP,boy,1학년,반항 행동,0,외현화 문제,34
학생244 ,-ObjSV2_w6fYwIDSFjZP,boy,1학년,괴롭힘 가해,0,외현화 문제,34
학생244 ,-ObjSV2_w6fYwIDSFjZP,boy,1학년,외상 침습증상,1,심리외상 문제,34
학생244 ,-ObjSV2_w6fYwIDSFjZP,boy,1학년,외상 관련 악몽,0,심리외상 문제,34
학생244 ,-ObjSV2_w6fYwIDSFjZP,boy,1학년,외상 후 고립,2,심리외상 문제,34
학생244 ,-ObjSV2_w6fYwIDSFjZP,boy,1학년,외상 후 과각성,2,심리외상 문제,34
학생244 ,-ObjSV2_w6fYwIDSFjZP,boy,1학년,외상 회피행동,3,심리외상 문제,34
학생244 ,-ObjSV2_w6fYwIDSFjZP,boy,1학년,흡연 문제,0,외현화 문제,34
학생244 ,-ObjSV2_w6fYwIDSFjZP,boy,1학년,음주 문제,1,외현화 문제,34
학생244 ,-ObjSV2_w6fYwIDSFjZP,boy,1학년,적응력 저하,1,학교생활적응 문제,34
학생244 ,-ObjSV2_w6fYwIDSFjZP,boy,1학년,분리 불안,0,학교생활적응 문제,34
학생244 ,-ObjSV2_w6fYwIDSFjZP,boy,1학년,학습 어려움,1,학교생활적응 문제,34
학생244 ,-ObjSV2_w6fYwIDSFjZP,boy,1학년,재산 관련 비행,0,외현화 문제,34
학생244 ,-ObjSV2_w6fYwIDSFjZP,boy,1학년,게임 과몰입,2,외현화 문제,34
학생244 ,-ObjSV2_w6fYwIDSFjZP,boy,1학년,관계 형성 곤란,2,학교생활적응 문제,34
학생244 ,-ObjSV2_w6fYwIDSFjZP,boy,1학년,등교 거부,0,학교생활적응 문제,34
학생244 ,-ObjSV2_w6fYwIDSFjZP,boy,1학년,괴롭힘 피해,0,심리외상 문제,34
학생244 ,-ObjSV2_w6fYwIDSFjZP,boy,1학년,따돌림 피해,0,심리외상 문제,34
학생245 ,-ObjSVLDr7SpDFbNONEc,girl,2학년,사회적 긴장,0,불안 및 우울 문제,3
학생245 ,-ObjSVLDr7SpDFbNONEc,girl,2학년,감정 기복,0,불안 및 우울 문제,3
학생245 ,-ObjSVLDr7SpDFbNONEc,girl,2학년,과도한 죄책감,0,불안 및 우울 문제,3
학생245 ,-ObjSVLDr7SpDFbNONEc,girl,2학년,과민성/짜증,1,불안 및 우울 문제,3
학생245 ,-ObjSVLDr7SpDFbNONEc,girl,2학년,낮은 자존감,0,학교생활적응 문제,3
학생245 ,-ObjSVLDr7SpDFbNONEc,girl,2학년,무기력/피로,0,불안 및 우울 문제,3
학생245 ,-ObjSVLDr7SpDFbNONEc,girl,2학년,예기 불안,0,불안 및 우울 문제,3
학생245 ,-ObjSVLDr7SpDFbNONEc,girl,2학년,과도한 불안,0,불안 및 우울 문제,3
학생245 ,-ObjSVLDr7SpDFbNONEc,girl,2학년,우울 증상,0,불안 및 우울 문제,3
학생245 ,-ObjSVLDr7SpDFbNONEc,girl,2학년,수면 문제,1,학교생활적응 문제,3
학생245 ,-ObjSVLDr7SpDFbNONEc,girl,2학년,자살 사고,0,자살 및 위기 문제,3
학생245 ,-ObjSVLDr7SpDFbNONEc,girl,2학년,자해 행동,0,자살 및 위기 문제,3
학생245 ,-ObjSVLDr7SpDFbNONEc,girl,2학년,자살 계획,0,자살 및 위기 문제,3
학생245 ,-ObjSVLDr7SpDFbNONEc,girl,2학년,심각한 자살사고,0,자살 및 위기 문제,3
학생245 ,-ObjSVLDr7SpDFbNONEc,girl,2학년,절망감,0,자살 및 위기 문제,3
학생245 ,-ObjSVLDr7SpDFbNONEc,girl,2학년,자살 시도,0,자살 및 위기 문제,3
학생245 ,-ObjSVLDr7SpDFbNONEc,girl,2학년,빈번한 거짓말,1,외현화 문제,3
학생245 ,-ObjSVLDr7SpDFbNONEc,girl,2학년,또래 갈등,0,외현화 문제,3
학생245 ,-ObjSVLDr7SpDFbNONEc,girl,2학년,반항 행동,0,외현화 문제,3
학생245 ,-ObjSVLDr7SpDFbNONEc,girl,2학년,괴롭힘 가해,0,외현화 문제,3
학생245 ,-ObjSVLDr7SpDFbNONEc,girl,2학년,외상 침습증상,0,심리외상 문제,3
학생245 ,-ObjSVLDr7SpDFbNONEc,girl,2학년,외상 관련 악몽,0,심리외상 문제,3
학생245 ,-ObjSVLDr7SpDFbNONEc,girl,2학년,외상 후 고립,0,심리외상 문제,3
학생245 ,-ObjSVLDr7SpDFbNONEc,girl,2학년,외상 후 과각성,0,심리외상 문제,3
학생245 ,-ObjSVLDr7SpDFbNONEc,girl,2학년,외상 회피행동,0,심리외상 문제,3
학생245 ,-ObjSVLDr7SpDFbNONEc,girl,2학년,흡연 문제,0,외현화 문제,3
학생245 ,-ObjSVLDr7SpDFbNONEc,girl,2학년,음주 문제,0,외현화 문제,3
학생245 ,-ObjSVLDr7SpDFbNONEc,girl,2학년,적응력 저하,0,학교생활적응 문제,3
학생245 ,-ObjSVLDr7SpDFbNONEc,girl,2학년,분리 불안,0,학교생활적응 문제,3
학생245 ,-ObjSVLDr7SpDFbNONEc,girl,2학년,학습 어려움,0,학교생활적응 문제,3
학생245 ,-ObjSVLDr7SpDFbNONEc,girl,2학년,재산 관련 비행,0,외현화 문제,3
학생245 ,-ObjSVLDr7SpDFbNONEc,girl,2학년,게임 과몰입,0,외현화 문제,3
학생245 ,-ObjSVLDr7SpDFbNONEc,girl,2학년,관계 형성 곤란,0,학교생활적응 문제,3
학생245 ,-ObjSVLDr7SpDFbNONEc,girl,2학년,등교 거부,0,학교생활적응 문제,3
학생245 ,-ObjSVLDr7SpDFbNONEc,girl,2학년,괴롭힘 피해,0,심리외상 문제,3
학생245 ,-ObjSVLDr7SpDFbNONEc,girl,2학년,따돌림 피해,0,심리외상 문제,3
학생246 ,-ObjSWZhJ8tZlOPifUyT,girl,2학년,사회적 긴장,1,불안 및 우울 문제,34
학생246 ,-ObjSWZhJ8tZlOPifUyT,girl,2학년,감정 기복,3,불안 및 우울 문제,34
학생246 ,-ObjSWZhJ8tZlOPifUyT,girl,2학년,과도한 죄책감,3,불안 및 우울 문제,34
학생246 ,-ObjSWZhJ8tZlOPifUyT,girl,2학년,과민성/짜증,3,불안 및 우울 문제,34
학생246 ,-ObjSWZhJ8tZlOPifUyT,girl,2학년,낮은 자존감,3,학교생활적응 문제,34
학생246 ,-ObjSWZhJ8tZlOPifUyT,girl,2학년,무기력/피로,3,불안 및 우울 문제,34
학생246 ,-ObjSWZhJ8tZlOPifUyT,girl,2학년,예기 불안,3,불안 및 우울 문제,34
학생246 ,-ObjSWZhJ8tZlOPifUyT,girl,2학년,과도한 불안,3,불안 및 우울 문제,34
학생246 ,-ObjSWZhJ8tZlOPifUyT,girl,2학년,우울 증상,3,불안 및 우울 문제,34
학생246 ,-ObjSWZhJ8tZlOPifUyT,girl,2학년,수면 문제,2,학교생활적응 문제,34
학생246 ,-ObjSWZhJ8tZlOPifUyT,girl,2학년,자살 사고,0,자살 및 위기 문제,34
학생246 ,-ObjSWZhJ8tZlOPifUyT,girl,2학년,자해 행동,0,자살 및 위기 문제,34
학생246 ,-ObjSWZhJ8tZlOPifUyT,girl,2학년,자살 계획,0,자살 및 위기 문제,34
학생246 ,-ObjSWZhJ8tZlOPifUyT,girl,2학년,심각한 자살사고,0,자살 및 위기 문제,34
학생246 ,-ObjSWZhJ8tZlOPifUyT,girl,2학년,절망감,0,자살 및 위기 문제,34
학생246 ,-ObjSWZhJ8tZlOPifUyT,girl,2학년,자살 시도,0,자살 및 위기 문제,34
학생246 ,-ObjSWZhJ8tZlOPifUyT,girl,2학년,빈번한 거짓말,2,외현화 문제,34
학생246 ,-ObjSWZhJ8tZlOPifUyT,girl,2학년,또래 갈등,0,외현화 문제,34
학생246 ,-ObjSWZhJ8tZlOPifUyT,girl,2학년,반항 행동,0,외현화 문제,34
학생246 ,-ObjSWZhJ8tZlOPifUyT,girl,2학년,괴롭힘 가해,0,외현화 문제,34
학생246 ,-ObjSWZhJ8tZlOPifUyT,girl,2학년,외상 침습증상,1,심리외상 문제,34
학생246 ,-ObjSWZhJ8tZlOPifUyT,girl,2학년,외상 관련 악몽,1,심리외상 문제,34
학생246 ,-ObjSWZhJ8tZlOPifUyT,girl,2학년,외상 후 고립,1,심리외상 문제,34
학생246 ,-ObjSWZhJ8tZlOPifUyT,girl,2학년,외상 후 과각성,0,심리외상 문제,34
학생246 ,-ObjSWZhJ8tZlOPifUyT,girl,2학년,외상 회피행동,0,심리외상 문제,34
학생246 ,-ObjSWZhJ8tZlOPifUyT,girl,2학년,흡연 문제,0,외현화 문제,34
학생246 ,-ObjSWZhJ8tZlOPifUyT,girl,2학년,음주 문제,0,외현화 문제,34
학생246 ,-ObjSWZhJ8tZlOPifUyT,girl,2학년,적응력 저하,0,학교생활적응 문제,34
학생246 ,-ObjSWZhJ8tZlOPifUyT,girl,2학년,분리 불안,0,학교생활적응 문제,34
학생246 ,-ObjSWZhJ8tZlOPifUyT,girl,2학년,학습 어려움,0,학교생활적응 문제,34
학생246 ,-ObjSWZhJ8tZlOPifUyT,girl,2학년,재산 관련 비행,0,외현화 문제,34
학생246 ,-ObjSWZhJ8tZlOPifUyT,girl,2학년,게임 과몰입,0,외현화 문제,34
학생246 ,-ObjSWZhJ8tZlOPifUyT,girl,2학년,관계 형성 곤란,2,학교생활적응 문제,34
학생246 ,-ObjSWZhJ8tZlOPifUyT,girl,2학년,등교 거부,0,학교생활적응 문제,34
학생246 ,-ObjSWZhJ8tZlOPifUyT,girl,2학년,괴롭힘 피해,0,심리외상 문제,34
학생246 ,-ObjSWZhJ8tZlOPifUyT,girl,2학년,따돌림 피해,0,심리외상 문제,34
학생247 ,-ObjSaF3LIwz7fSW-R80,boy,2학년,사회적 긴장,0,불안 및 우울 문제,7
학생247 ,-ObjSaF3LIwz7fSW-R80,boy,2학년,감정 기복,0,불안 및 우울 문제,7
학생247 ,-ObjSaF3LIwz7fSW-R80,boy,2학년,과도한 죄책감,0,불안 및 우울 문제,7
학생247 ,-ObjSaF3LIwz7fSW-R80,boy,2학년,과민성/짜증,0,불안 및 우울 문제,7
학생247 ,-ObjSaF3LIwz7fSW-R80,boy,2학년,낮은 자존감,0,학교생활적응 문제,7
학생247 ,-ObjSaF3LIwz7fSW-R80,boy,2학년,무기력/피로,0,불안 및 우울 문제,7
학생247 ,-ObjSaF3LIwz7fSW-R80,boy,2학년,예기 불안,0,불안 및 우울 문제,7
학생247 ,-ObjSaF3LIwz7fSW-R80,boy,2학년,과도한 불안,0,불안 및 우울 문제,7
학생247 ,-ObjSaF3LIwz7fSW-R80,boy,2학년,우울 증상,0,불안 및 우울 문제,7
학생247 ,-ObjSaF3LIwz7fSW-R80,boy,2학년,수면 문제,2,학교생활적응 문제,7
학생247 ,-ObjSaF3LIwz7fSW-R80,boy,2학년,자살 사고,0,자살 및 위기 문제,7
학생247 ,-ObjSaF3LIwz7fSW-R80,boy,2학년,자해 행동,0,자살 및 위기 문제,7
학생247 ,-ObjSaF3LIwz7fSW-R80,boy,2학년,자살 계획,0,자살 및 위기 문제,7
학생247 ,-ObjSaF3LIwz7fSW-R80,boy,2학년,심각한 자살사고,2,자살 및 위기 문제,7
학생247 ,-ObjSaF3LIwz7fSW-R80,boy,2학년,절망감,0,자살 및 위기 문제,7
학생247 ,-ObjSaF3LIwz7fSW-R80,boy,2학년,자살 시도,0,자살 및 위기 문제,7
학생247 ,-ObjSaF3LIwz7fSW-R80,boy,2학년,빈번한 거짓말,0,외현화 문제,7
학생247 ,-ObjSaF3LIwz7fSW-R80,boy,2학년,또래 갈등,0,외현화 문제,7
학생247 ,-ObjSaF3LIwz7fSW-R80,boy,2학년,반항 행동,0,외현화 문제,7
학생247 ,-ObjSaF3LIwz7fSW-R80,boy,2학년,괴롭힘 가해,0,외현화 문제,7
학생247 ,-ObjSaF3LIwz7fSW-R80,boy,2학년,외상 침습증상,0,심리외상 문제,7
학생247 ,-ObjSaF3LIwz7fSW-R80,boy,2학년,외상 관련 악몽,0,심리외상 문제,7
학생247 ,-ObjSaF3LIwz7fSW-R80,boy,2학년,외상 후 고립,0,심리외상 문제,7
학생247 ,-ObjSaF3LIwz7fSW-R80,boy,2학년,외상 후 과각성,0,심리외상 문제,7
학생247 ,-ObjSaF3LIwz7fSW-R80,boy,2학년,외상 회피행동,0,심리외상 문제,7
학생247 ,-ObjSaF3LIwz7fSW-R80,boy,2학년,흡연 문제,0,외현화 문제,7
학생247 ,-ObjSaF3LIwz7fSW-R80,boy,2학년,음주 문제,0,외현화 문제,7
학생247 ,-ObjSaF3LIwz7fSW-R80,boy,2학년,적응력 저하,0,학교생활적응 문제,7
학생247 ,-ObjSaF3LIwz7fSW-R80,boy,2학년,분리 불안,0,학교생활적응 문제,7
학생247 ,-ObjSaF3LIwz7fSW-R80,boy,2학년,학습 어려움,1,학교생활적응 문제,7
학생247 ,-ObjSaF3LIwz7fSW-R80,boy,2학년,재산 관련 비행,0,외현화 문제,7
학생247 ,-ObjSaF3LIwz7fSW-R80,boy,2학년,게임 과몰입,2,외현화 문제,7
학생247 ,-ObjSaF3LIwz7fSW-R80,boy,2학년,관계 형성 곤란,0,학교생활적응 문제,7
학생247 ,-ObjSaF3LIwz7fSW-R80,boy,2학년,등교 거부,0,학교생활적응 문제,7
학생247 ,-ObjSaF3LIwz7fSW-R80,boy,2학년,괴롭힘 피해,0,심리외상 문제,7
학생247 ,-ObjSaF3LIwz7fSW-R80,boy,2학년,따돌림 피해,0,심리외상 문제,7
학생248 ,-ObjSe7dODojdzdJ80C2,boy,2학년,사회적 긴장,1,불안 및 우울 문제,22
학생248 ,-ObjSe7dODojdzdJ80C2,boy,2학년,감정 기복,1,불안 및 우울 문제,22
학생248 ,-ObjSe7dODojdzdJ80C2,boy,2학년,과도한 죄책감,1,불안 및 우울 문제,22
학생248 ,-ObjSe7dODojdzdJ80C2,boy,2학년,과민성/짜증,1,불안 및 우울 문제,22
학생248 ,-ObjSe7dODojdzdJ80C2,boy,2학년,낮은 자존감,1,학교생활적응 문제,22
학생248 ,-ObjSe7dODojdzdJ80C2,boy,2학년,무기력/피로,1,불안 및 우울 문제,22
학생248 ,-ObjSe7dODojdzdJ80C2,boy,2학년,예기 불안,1,불안 및 우울 문제,22
학생248 ,-ObjSe7dODojdzdJ80C2,boy,2학년,과도한 불안,1,불안 및 우울 문제,22
학생248 ,-ObjSe7dODojdzdJ80C2,boy,2학년,우울 증상,1,불안 및 우울 문제,22
학생248 ,-ObjSe7dODojdzdJ80C2,boy,2학년,수면 문제,3,학교생활적응 문제,22
학생248 ,-ObjSe7dODojdzdJ80C2,boy,2학년,자살 사고,0,자살 및 위기 문제,22
학생248 ,-ObjSe7dODojdzdJ80C2,boy,2학년,자해 행동,0,자살 및 위기 문제,22
학생248 ,-ObjSe7dODojdzdJ80C2,boy,2학년,자살 계획,0,자살 및 위기 문제,22
학생248 ,-ObjSe7dODojdzdJ80C2,boy,2학년,심각한 자살사고,0,자살 및 위기 문제,22
학생248 ,-ObjSe7dODojdzdJ80C2,boy,2학년,절망감,0,자살 및 위기 문제,22
학생248 ,-ObjSe7dODojdzdJ80C2,boy,2학년,자살 시도,0,자살 및 위기 문제,22
학생248 ,-ObjSe7dODojdzdJ80C2,boy,2학년,빈번한 거짓말,1,외현화 문제,22
학생248 ,-ObjSe7dODojdzdJ80C2,boy,2학년,또래 갈등,0,외현화 문제,22
학생248 ,-ObjSe7dODojdzdJ80C2,boy,2학년,반항 행동,0,외현화 문제,22
학생248 ,-ObjSe7dODojdzdJ80C2,boy,2학년,괴롭힘 가해,0,외현화 문제,22
학생248 ,-ObjSe7dODojdzdJ80C2,boy,2학년,외상 침습증상,0,심리외상 문제,22
학생248 ,-ObjSe7dODojdzdJ80C2,boy,2학년,외상 관련 악몽,0,심리외상 문제,22
학생248 ,-ObjSe7dODojdzdJ80C2,boy,2학년,외상 후 고립,0,심리외상 문제,22
학생248 ,-ObjSe7dODojdzdJ80C2,boy,2학년,외상 후 과각성,0,심리외상 문제,22
학생248 ,-ObjSe7dODojdzdJ80C2,boy,2학년,외상 회피행동,0,심리외상 문제,22
학생248 ,-ObjSe7dODojdzdJ80C2,boy,2학년,흡연 문제,3,외현화 문제,22
학생248 ,-ObjSe7dODojdzdJ80C2,boy,2학년,음주 문제,3,외현화 문제,22
학생248 ,-ObjSe7dODojdzdJ80C2,boy,2학년,적응력 저하,0,학교생활적응 문제,22
학생248 ,-ObjSe7dODojdzdJ80C2,boy,2학년,분리 불안,0,학교생활적응 문제,22
학생248 ,-ObjSe7dODojdzdJ80C2,boy,2학년,학습 어려움,3,학교생활적응 문제,22
학생248 ,-ObjSe7dODojdzdJ80C2,boy,2학년,재산 관련 비행,0,외현화 문제,22
학생248 ,-ObjSe7dODojdzdJ80C2,boy,2학년,게임 과몰입,0,외현화 문제,22
학생248 ,-ObjSe7dODojdzdJ80C2,boy,2학년,관계 형성 곤란,0,학교생활적응 문제,22
학생248 ,-ObjSe7dODojdzdJ80C2,boy,2학년,등교 거부,0,학교생활적응 문제,22
학생248 ,-ObjSe7dODojdzdJ80C2,boy,2학년,괴롭힘 피해,0,심리외상 문제,22
학생248 ,-ObjSe7dODojdzdJ80C2,boy,2학년,따돌림 피해,0,심리외상 문제,22
학생249 ,-ObjSggcRPLJ_ttuxh-T,girl,1학년,사회적 긴장,2,불안 및 우울 문제,48
학생249 ,-ObjSggcRPLJ_ttuxh-T,girl,1학년,감정 기복,1,불안 및 우울 문제,48
학생249 ,-ObjSggcRPLJ_ttuxh-T,girl,1학년,과도한 죄책감,2,불안 및 우울 문제,48
학생249 ,-ObjSggcRPLJ_ttuxh-T,girl,1학년,과민성/짜증,1,불안 및 우울 문제,48
학생249 ,-ObjSggcRPLJ_ttuxh-T,girl,1학년,낮은 자존감,2,학교생활적응 문제,48
학생249 ,-ObjSggcRPLJ_ttuxh-T,girl,1학년,무기력/피로,2,불안 및 우울 문제,48
학생249 ,-ObjSggcRPLJ_ttuxh-T,girl,1학년,예기 불안,3,불안 및 우울 문제,48
학생249 ,-ObjSggcRPLJ_ttuxh-T,girl,1학년,과도한 불안,3,불안 및 우울 문제,48
학생249 ,-ObjSggcRPLJ_ttuxh-T,girl,1학년,우울 증상,2,불안 및 우울 문제,48
학생249 ,-ObjSggcRPLJ_ttuxh-T,girl,1학년,수면 문제,2,학교생활적응 문제,48
학생249 ,-ObjSggcRPLJ_ttuxh-T,girl,1학년,자살 사고,2,자살 및 위기 문제,48
학생249 ,-ObjSggcRPLJ_ttuxh-T,girl,1학년,자해 행동,1,자살 및 위기 문제,48
학생249 ,-ObjSggcRPLJ_ttuxh-T,girl,1학년,자살 계획,1,자살 및 위기 문제,48
학생249 ,-ObjSggcRPLJ_ttuxh-T,girl,1학년,심각한 자살사고,1,자살 및 위기 문제,48
학생249 ,-ObjSggcRPLJ_ttuxh-T,girl,1학년,절망감,2,자살 및 위기 문제,48
학생249 ,-ObjSggcRPLJ_ttuxh-T,girl,1학년,자살 시도,0,자살 및 위기 문제,48
학생249 ,-ObjSggcRPLJ_ttuxh-T,girl,1학년,빈번한 거짓말,1,외현화 문제,48
학생249 ,-ObjSggcRPLJ_ttuxh-T,girl,1학년,또래 갈등,2,외현화 문제,48
학생249 ,-ObjSggcRPLJ_ttuxh-T,girl,1학년,반항 행동,1,외현화 문제,48
학생249 ,-ObjSggcRPLJ_ttuxh-T,girl,1학년,괴롭힘 가해,0,외현화 문제,48
학생249 ,-ObjSggcRPLJ_ttuxh-T,girl,1학년,외상 침습증상,2,심리외상 문제,48
학생249 ,-ObjSggcRPLJ_ttuxh-T,girl,1학년,외상 관련 악몽,1,심리외상 문제,48
학생249 ,-ObjSggcRPLJ_ttuxh-T,girl,1학년,외상 후 고립,2,심리외상 문제,48
학생249 ,-ObjSggcRPLJ_ttuxh-T,girl,1학년,외상 후 과각성,1,심리외상 문제,48
학생249 ,-ObjSggcRPLJ_ttuxh-T,girl,1학년,외상 회피행동,1,심리외상 문제,48
학생249 ,-ObjSggcRPLJ_ttuxh-T,girl,1학년,흡연 문제,0,외현화 문제,48
학생249 ,-ObjSggcRPLJ_ttuxh-T,girl,1학년,음주 문제,0,외현화 문제,48
학생249 ,-ObjSggcRPLJ_ttuxh-T,girl,1학년,적응력 저하,1,학교생활적응 문제,48
학생249 ,-ObjSggcRPLJ_ttuxh-T,girl,1학년,분리 불안,0,학교생활적응 문제,48
학생249 ,-ObjSggcRPLJ_ttuxh-T,girl,1학년,학습 어려움,2,학교생활적응 문제,48
학생249 ,-ObjSggcRPLJ_ttuxh-T,girl,1학년,재산 관련 비행,0,외현화 문제,48
학생249 ,-ObjSggcRPLJ_ttuxh-T,girl,1학년,게임 과몰입,0,외현화 문제,48
학생249 ,-ObjSggcRPLJ_ttuxh-T,girl,1학년,관계 형성 곤란,3,학교생활적응 문제,48
학생249 ,-ObjSggcRPLJ_ttuxh-T,girl,1학년,등교 거부,1,학교생활적응 문제,48
학생249 ,-ObjSggcRPLJ_ttuxh-T,girl,1학년,괴롭힘 피해,1,심리외상 문제,48
학생249 ,-ObjSggcRPLJ_ttuxh-T,girl,1학년,따돌림 피해,2,심리외상 문제,48
학생25 ,-ObjRPZn3oEgLnXEmKq6,girl,1학년,사회적 긴장,1,불안 및 우울 문제,9
학생25 ,-ObjRPZn3oEgLnXEmKq6,girl,1학년,감정 기복,1,불안 및 우울 문제,9
학생25 ,-ObjRPZn3oEgLnXEmKq6,girl,1학년,과도한 죄책감,0,불안 및 우울 문제,9
학생25 ,-ObjRPZn3oEgLnXEmKq6,girl,1학년,과민성/짜증,2,불안 및 우울 문제,9
학생25 ,-ObjRPZn3oEgLnXEmKq6,girl,1학년,낮은 자존감,0,학교생활적응 문제,9
학생25 ,-ObjRPZn3oEgLnXEmKq6,girl,1학년,무기력/피로,2,불안 및 우울 문제,9
학생25 ,-ObjRPZn3oEgLnXEmKq6,girl,1학년,예기 불안,0,불안 및 우울 문제,9
학생25 ,-ObjRPZn3oEgLnXEmKq6,girl,1학년,과도한 불안,0,불안 및 우울 문제,9
학생25 ,-ObjRPZn3oEgLnXEmKq6,girl,1학년,우울 증상,1,불안 및 우울 문제,9
학생25 ,-ObjRPZn3oEgLnXEmKq6,girl,1학년,수면 문제,1,학교생활적응 문제,9
학생25 ,-ObjRPZn3oEgLnXEmKq6,girl,1학년,자살 사고,0,자살 및 위기 문제,9
학생25 ,-ObjRPZn3oEgLnXEmKq6,girl,1학년,자해 행동,0,자살 및 위기 문제,9
학생25 ,-ObjRPZn3oEgLnXEmKq6,girl,1학년,자살 계획,0,자살 및 위기 문제,9
학생25 ,-ObjRPZn3oEgLnXEmKq6,girl,1학년,심각한 자살사고,0,자살 및 위기 문제,9
학생25 ,-ObjRPZn3oEgLnXEmKq6,girl,1학년,절망감,0,자살 및 위기 문제,9
학생25 ,-ObjRPZn3oEgLnXEmKq6,girl,1학년,자살 시도,0,자살 및 위기 문제,9
학생25 ,-ObjRPZn3oEgLnXEmKq6,girl,1학년,빈번한 거짓말,1,외현화 문제,9
학생25 ,-ObjRPZn3oEgLnXEmKq6,girl,1학년,또래 갈등,0,외현화 문제,9
학생25 ,-ObjRPZn3oEgLnXEmKq6,girl,1학년,반항 행동,0,외현화 문제,9
학생25 ,-ObjRPZn3oEgLnXEmKq6,girl,1학년,괴롭힘 가해,0,외현화 문제,9
학생25 ,-ObjRPZn3oEgLnXEmKq6,girl,1학년,외상 침습증상,0,심리외상 문제,9
학생25 ,-ObjRPZn3oEgLnXEmKq6,girl,1학년,외상 관련 악몽,0,심리외상 문제,9
학생25 ,-ObjRPZn3oEgLnXEmKq6,girl,1학년,외상 후 고립,0,심리외상 문제,9
학생25 ,-ObjRPZn3oEgLnXEmKq6,girl,1학년,외상 후 과각성,0,심리외상 문제,9
학생25 ,-ObjRPZn3oEgLnXEmKq6,girl,1학년,외상 회피행동,0,심리외상 문제,9
학생25 ,-ObjRPZn3oEgLnXEmKq6,girl,1학년,흡연 문제,0,외현화 문제,9
학생25 ,-ObjRPZn3oEgLnXEmKq6,girl,1학년,음주 문제,0,외현화 문제,9
학생25 ,-ObjRPZn3oEgLnXEmKq6,girl,1학년,적응력 저하,0,학교생활적응 문제,9
학생25 ,-ObjRPZn3oEgLnXEmKq6,girl,1학년,분리 불안,0,학교생활적응 문제,9
학생25 ,-ObjRPZn3oEgLnXEmKq6,girl,1학년,학습 어려움,0,학교생활적응 문제,9
학생25 ,-ObjRPZn3oEgLnXEmKq6,girl,1학년,재산 관련 비행,0,외현화 문제,9
학생25 ,-ObjRPZn3oEgLnXEmKq6,girl,1학년,게임 과몰입,0,외현화 문제,9
학생25 ,-ObjRPZn3oEgLnXEmKq6,girl,1학년,관계 형성 곤란,0,학교생활적응 문제,9
학생25 ,-ObjRPZn3oEgLnXEmKq6,girl,1학년,등교 거부,0,학교생활적응 문제,9
학생25 ,-ObjRPZn3oEgLnXEmKq6,girl,1학년,괴롭힘 피해,0,심리외상 문제,9
학생25 ,-ObjRPZn3oEgLnXEmKq6,girl,1학년,따돌림 피해,0,심리외상 문제,9
학생250 ,-ObjShCpraD-XpfjnFaI,boy,3학년,사회적 긴장,0,불안 및 우울 문제,3
학생250 ,-ObjShCpraD-XpfjnFaI,boy,3학년,감정 기복,0,불안 및 우울 문제,3
학생250 ,-ObjShCpraD-XpfjnFaI,boy,3학년,과도한 죄책감,0,불안 및 우울 문제,3
학생250 ,-ObjShCpraD-XpfjnFaI,boy,3학년,과민성/짜증,0,불안 및 우울 문제,3
학생250 ,-ObjShCpraD-XpfjnFaI,boy,3학년,낮은 자존감,0,학교생활적응 문제,3
학생250 ,-ObjShCpraD-XpfjnFaI,boy,3학년,무기력/피로,1,불안 및 우울 문제,3
학생250 ,-ObjShCpraD-XpfjnFaI,boy,3학년,예기 불안,1,불안 및 우울 문제,3
학생250 ,-ObjShCpraD-XpfjnFaI,boy,3학년,과도한 불안,0,불안 및 우울 문제,3
학생250 ,-ObjShCpraD-XpfjnFaI,boy,3학년,우울 증상,0,불안 및 우울 문제,3
학생250 ,-ObjShCpraD-XpfjnFaI,boy,3학년,수면 문제,1,학교생활적응 문제,3
학생250 ,-ObjShCpraD-XpfjnFaI,boy,3학년,자살 사고,0,자살 및 위기 문제,3
학생250 ,-ObjShCpraD-XpfjnFaI,boy,3학년,자해 행동,0,자살 및 위기 문제,3
학생250 ,-ObjShCpraD-XpfjnFaI,boy,3학년,자살 계획,0,자살 및 위기 문제,3
학생250 ,-ObjShCpraD-XpfjnFaI,boy,3학년,심각한 자살사고,0,자살 및 위기 문제,3
학생250 ,-ObjShCpraD-XpfjnFaI,boy,3학년,절망감,0,자살 및 위기 문제,3
학생250 ,-ObjShCpraD-XpfjnFaI,boy,3학년,자살 시도,0,자살 및 위기 문제,3
학생250 ,-ObjShCpraD-XpfjnFaI,boy,3학년,빈번한 거짓말,0,외현화 문제,3
학생250 ,-ObjShCpraD-XpfjnFaI,boy,3학년,또래 갈등,0,외현화 문제,3
학생250 ,-ObjShCpraD-XpfjnFaI,boy,3학년,반항 행동,0,외현화 문제,3
학생250 ,-ObjShCpraD-XpfjnFaI,boy,3학년,괴롭힘 가해,0,외현화 문제,3
학생250 ,-ObjShCpraD-XpfjnFaI,boy,3학년,외상 침습증상,0,심리외상 문제,3
학생250 ,-ObjShCpraD-XpfjnFaI,boy,3학년,외상 관련 악몽,0,심리외상 문제,3
학생250 ,-ObjShCpraD-XpfjnFaI,boy,3학년,외상 후 고립,0,심리외상 문제,3
학생250 ,-ObjShCpraD-XpfjnFaI,boy,3학년,외상 후 과각성,0,심리외상 문제,3
학생250 ,-ObjShCpraD-XpfjnFaI,boy,3학년,외상 회피행동,0,심리외상 문제,3
학생250 ,-ObjShCpraD-XpfjnFaI,boy,3학년,흡연 문제,0,외현화 문제,3
학생250 ,-ObjShCpraD-XpfjnFaI,boy,3학년,음주 문제,0,외현화 문제,3
학생250 ,-ObjShCpraD-XpfjnFaI,boy,3학년,적응력 저하,0,학교생활적응 문제,3
학생250 ,-ObjShCpraD-XpfjnFaI,boy,3학년,분리 불안,0,학교생활적응 문제,3
학생250 ,-ObjShCpraD-XpfjnFaI,boy,3학년,학습 어려움,0,학교생활적응 문제,3
학생250 ,-ObjShCpraD-XpfjnFaI,boy,3학년,재산 관련 비행,0,외현화 문제,3
학생250 ,-ObjShCpraD-XpfjnFaI,boy,3학년,게임 과몰입,0,외현화 문제,3
학생250 ,-ObjShCpraD-XpfjnFaI,boy,3학년,관계 형성 곤란,0,학교생활적응 문제,3
학생250 ,-ObjShCpraD-XpfjnFaI,boy,3학년,등교 거부,0,학교생활적응 문제,3
학생250 ,-ObjShCpraD-XpfjnFaI,boy,3학년,괴롭힘 피해,0,심리외상 문제,3
학생250 ,-ObjShCpraD-XpfjnFaI,boy,3학년,따돌림 피해,0,심리외상 문제,3
학생251 ,-ObjShsMWGA3UwloitMW,boy,2학년,사회적 긴장,2,불안 및 우울 문제,34
학생251 ,-ObjShsMWGA3UwloitMW,boy,2학년,감정 기복,1,불안 및 우울 문제,34
학생251 ,-ObjShsMWGA3UwloitMW,boy,2학년,과도한 죄책감,1,불안 및 우울 문제,34
학생251 ,-ObjShsMWGA3UwloitMW,boy,2학년,과민성/짜증,2,불안 및 우울 문제,34
학생251 ,-ObjShsMWGA3UwloitMW,boy,2학년,낮은 자존감,2,학교생활적응 문제,34
학생251 ,-ObjShsMWGA3UwloitMW,boy,2학년,무기력/피로,2,불안 및 우울 문제,34
학생251 ,-ObjShsMWGA3UwloitMW,boy,2학년,예기 불안,2,불안 및 우울 문제,34
학생251 ,-ObjShsMWGA3UwloitMW,boy,2학년,과도한 불안,1,불안 및 우울 문제,34
학생251 ,-ObjShsMWGA3UwloitMW,boy,2학년,우울 증상,2,불안 및 우울 문제,34
학생251 ,-ObjShsMWGA3UwloitMW,boy,2학년,수면 문제,3,학교생활적응 문제,34
학생251 ,-ObjShsMWGA3UwloitMW,boy,2학년,자살 사고,1,자살 및 위기 문제,34
학생251 ,-ObjShsMWGA3UwloitMW,boy,2학년,자해 행동,0,자살 및 위기 문제,34
학생251 ,-ObjShsMWGA3UwloitMW,boy,2학년,자살 계획,0,자살 및 위기 문제,34
학생251 ,-ObjShsMWGA3UwloitMW,boy,2학년,심각한 자살사고,0,자살 및 위기 문제,34
학생251 ,-ObjShsMWGA3UwloitMW,boy,2학년,절망감,1,자살 및 위기 문제,34
학생251 ,-ObjShsMWGA3UwloitMW,boy,2학년,자살 시도,0,자살 및 위기 문제,34
학생251 ,-ObjShsMWGA3UwloitMW,boy,2학년,빈번한 거짓말,1,외현화 문제,34
학생251 ,-ObjShsMWGA3UwloitMW,boy,2학년,또래 갈등,0,외현화 문제,34
학생251 ,-ObjShsMWGA3UwloitMW,boy,2학년,반항 행동,1,외현화 문제,34
학생251 ,-ObjShsMWGA3UwloitMW,boy,2학년,괴롭힘 가해,0,외현화 문제,34
학생251 ,-ObjShsMWGA3UwloitMW,boy,2학년,외상 침습증상,1,심리외상 문제,34
학생251 ,-ObjShsMWGA3UwloitMW,boy,2학년,외상 관련 악몽,0,심리외상 문제,34
학생251 ,-ObjShsMWGA3UwloitMW,boy,2학년,외상 후 고립,1,심리외상 문제,34
학생251 ,-ObjShsMWGA3UwloitMW,boy,2학년,외상 후 과각성,0,심리외상 문제,34
학생251 ,-ObjShsMWGA3UwloitMW,boy,2학년,외상 회피행동,1,심리외상 문제,34
학생251 ,-ObjShsMWGA3UwloitMW,boy,2학년,흡연 문제,0,외현화 문제,34
학생251 ,-ObjShsMWGA3UwloitMW,boy,2학년,음주 문제,0,외현화 문제,34
학생251 ,-ObjShsMWGA3UwloitMW,boy,2학년,적응력 저하,2,학교생활적응 문제,34
학생251 ,-ObjShsMWGA3UwloitMW,boy,2학년,분리 불안,0,학교생활적응 문제,34
학생251 ,-ObjShsMWGA3UwloitMW,boy,2학년,학습 어려움,3,학교생활적응 문제,34
학생251 ,-ObjShsMWGA3UwloitMW,boy,2학년,재산 관련 비행,1,외현화 문제,34
학생251 ,-ObjShsMWGA3UwloitMW,boy,2학년,게임 과몰입,0,외현화 문제,34
학생251 ,-ObjShsMWGA3UwloitMW,boy,2학년,관계 형성 곤란,1,학교생활적응 문제,34
학생251 ,-ObjShsMWGA3UwloitMW,boy,2학년,등교 거부,1,학교생활적응 문제,34
학생251 ,-ObjShsMWGA3UwloitMW,boy,2학년,괴롭힘 피해,1,심리외상 문제,34
학생251 ,-ObjShsMWGA3UwloitMW,boy,2학년,따돌림 피해,0,심리외상 문제,34
학생252 ,-ObjSl7pKPvj8ZOFc7VZ,boy,2학년,사회적 긴장,2,불안 및 우울 문제,6
학생252 ,-ObjSl7pKPvj8ZOFc7VZ,boy,2학년,감정 기복,0,불안 및 우울 문제,6
학생252 ,-ObjSl7pKPvj8ZOFc7VZ,boy,2학년,과도한 죄책감,0,불안 및 우울 문제,6
학생252 ,-ObjSl7pKPvj8ZOFc7VZ,boy,2학년,과민성/짜증,1,불안 및 우울 문제,6
학생252 ,-ObjSl7pKPvj8ZOFc7VZ,boy,2학년,낮은 자존감,0,학교생활적응 문제,6
학생252 ,-ObjSl7pKPvj8ZOFc7VZ,boy,2학년,무기력/피로,1,불안 및 우울 문제,6
학생252 ,-ObjSl7pKPvj8ZOFc7VZ,boy,2학년,예기 불안,0,불안 및 우울 문제,6
학생252 ,-ObjSl7pKPvj8ZOFc7VZ,boy,2학년,과도한 불안,0,불안 및 우울 문제,6
학생252 ,-ObjSl7pKPvj8ZOFc7VZ,boy,2학년,우울 증상,0,불안 및 우울 문제,6
학생252 ,-ObjSl7pKPvj8ZOFc7VZ,boy,2학년,수면 문제,2,학교생활적응 문제,6
학생252 ,-ObjSl7pKPvj8ZOFc7VZ,boy,2학년,자살 사고,0,자살 및 위기 문제,6
학생252 ,-ObjSl7pKPvj8ZOFc7VZ,boy,2학년,자해 행동,0,자살 및 위기 문제,6
학생252 ,-ObjSl7pKPvj8ZOFc7VZ,boy,2학년,자살 계획,0,자살 및 위기 문제,6
학생252 ,-ObjSl7pKPvj8ZOFc7VZ,boy,2학년,심각한 자살사고,0,자살 및 위기 문제,6
학생252 ,-ObjSl7pKPvj8ZOFc7VZ,boy,2학년,절망감,0,자살 및 위기 문제,6
학생252 ,-ObjSl7pKPvj8ZOFc7VZ,boy,2학년,자살 시도,0,자살 및 위기 문제,6
학생252 ,-ObjSl7pKPvj8ZOFc7VZ,boy,2학년,빈번한 거짓말,0,외현화 문제,6
학생252 ,-ObjSl7pKPvj8ZOFc7VZ,boy,2학년,또래 갈등,0,외현화 문제,6
학생252 ,-ObjSl7pKPvj8ZOFc7VZ,boy,2학년,반항 행동,0,외현화 문제,6
학생252 ,-ObjSl7pKPvj8ZOFc7VZ,boy,2학년,괴롭힘 가해,0,외현화 문제,6
학생252 ,-ObjSl7pKPvj8ZOFc7VZ,boy,2학년,외상 침습증상,0,심리외상 문제,6
학생252 ,-ObjSl7pKPvj8ZOFc7VZ,boy,2학년,외상 관련 악몽,0,심리외상 문제,6
학생252 ,-ObjSl7pKPvj8ZOFc7VZ,boy,2학년,외상 후 고립,0,심리외상 문제,6
학생252 ,-ObjSl7pKPvj8ZOFc7VZ,boy,2학년,외상 후 과각성,0,심리외상 문제,6
학생252 ,-ObjSl7pKPvj8ZOFc7VZ,boy,2학년,외상 회피행동,0,심리외상 문제,6
학생252 ,-ObjSl7pKPvj8ZOFc7VZ,boy,2학년,흡연 문제,0,외현화 문제,6
학생252 ,-ObjSl7pKPvj8ZOFc7VZ,boy,2학년,음주 문제,0,외현화 문제,6
학생252 ,-ObjSl7pKPvj8ZOFc7VZ,boy,2학년,적응력 저하,0,학교생활적응 문제,6
학생252 ,-ObjSl7pKPvj8ZOFc7VZ,boy,2학년,분리 불안,0,학교생활적응 문제,6
학생252 ,-ObjSl7pKPvj8ZOFc7VZ,boy,2학년,학습 어려움,0,학교생활적응 문제,6
학생252 ,-ObjSl7pKPvj8ZOFc7VZ,boy,2학년,재산 관련 비행,0,외현화 문제,6
학생252 ,-ObjSl7pKPvj8ZOFc7VZ,boy,2학년,게임 과몰입,0,외현화 문제,6
학생252 ,-ObjSl7pKPvj8ZOFc7VZ,boy,2학년,관계 형성 곤란,0,학교생활적응 문제,6
학생252 ,-ObjSl7pKPvj8ZOFc7VZ,boy,2학년,등교 거부,0,학교생활적응 문제,6
학생252 ,-ObjSl7pKPvj8ZOFc7VZ,boy,2학년,괴롭힘 피해,0,심리외상 문제,6
학생252 ,-ObjSl7pKPvj8ZOFc7VZ,boy,2학년,따돌림 피해,0,심리외상 문제,6
학생253 ,-ObjSmETPMcnKBxvVUgU,girl,2학년,사회적 긴장,1,불안 및 우울 문제,17
학생253 ,-ObjSmETPMcnKBxvVUgU,girl,2학년,감정 기복,1,불안 및 우울 문제,17
학생253 ,-ObjSmETPMcnKBxvVUgU,girl,2학년,과도한 죄책감,1,불안 및 우울 문제,17
학생253 ,-ObjSmETPMcnKBxvVUgU,girl,2학년,과민성/짜증,1,불안 및 우울 문제,17
학생253 ,-ObjSmETPMcnKBxvVUgU,girl,2학년,낮은 자존감,2,학교생활적응 문제,17
학생253 ,-ObjSmETPMcnKBxvVUgU,girl,2학년,무기력/피로,1,불안 및 우울 문제,17
학생253 ,-ObjSmETPMcnKBxvVUgU,girl,2학년,예기 불안,1,불안 및 우울 문제,17
학생253 ,-ObjSmETPMcnKBxvVUgU,girl,2학년,과도한 불안,2,불안 및 우울 문제,17
학생253 ,-ObjSmETPMcnKBxvVUgU,girl,2학년,우울 증상,1,불안 및 우울 문제,17
학생253 ,-ObjSmETPMcnKBxvVUgU,girl,2학년,수면 문제,2,학교생활적응 문제,17
학생253 ,-ObjSmETPMcnKBxvVUgU,girl,2학년,자살 사고,0,자살 및 위기 문제,17
학생253 ,-ObjSmETPMcnKBxvVUgU,girl,2학년,자해 행동,0,자살 및 위기 문제,17
학생253 ,-ObjSmETPMcnKBxvVUgU,girl,2학년,자살 계획,0,자살 및 위기 문제,17
학생253 ,-ObjSmETPMcnKBxvVUgU,girl,2학년,심각한 자살사고,0,자살 및 위기 문제,17
학생253 ,-ObjSmETPMcnKBxvVUgU,girl,2학년,절망감,1,자살 및 위기 문제,17
학생253 ,-ObjSmETPMcnKBxvVUgU,girl,2학년,자살 시도,0,자살 및 위기 문제,17
학생253 ,-ObjSmETPMcnKBxvVUgU,girl,2학년,빈번한 거짓말,1,외현화 문제,17
학생253 ,-ObjSmETPMcnKBxvVUgU,girl,2학년,또래 갈등,0,외현화 문제,17
학생253 ,-ObjSmETPMcnKBxvVUgU,girl,2학년,반항 행동,0,외현화 문제,17
학생253 ,-ObjSmETPMcnKBxvVUgU,girl,2학년,괴롭힘 가해,0,외현화 문제,17
학생253 ,-ObjSmETPMcnKBxvVUgU,girl,2학년,외상 침습증상,0,심리외상 문제,17
학생253 ,-ObjSmETPMcnKBxvVUgU,girl,2학년,외상 관련 악몽,0,심리외상 문제,17
학생253 ,-ObjSmETPMcnKBxvVUgU,girl,2학년,외상 후 고립,0,심리외상 문제,17
학생253 ,-ObjSmETPMcnKBxvVUgU,girl,2학년,외상 후 과각성,0,심리외상 문제,17
학생253 ,-ObjSmETPMcnKBxvVUgU,girl,2학년,외상 회피행동,0,심리외상 문제,17
학생253 ,-ObjSmETPMcnKBxvVUgU,girl,2학년,흡연 문제,0,외현화 문제,17
학생253 ,-ObjSmETPMcnKBxvVUgU,girl,2학년,음주 문제,0,외현화 문제,17
학생253 ,-ObjSmETPMcnKBxvVUgU,girl,2학년,적응력 저하,1,학교생활적응 문제,17
학생253 ,-ObjSmETPMcnKBxvVUgU,girl,2학년,분리 불안,0,학교생활적응 문제,17
학생253 ,-ObjSmETPMcnKBxvVUgU,girl,2학년,학습 어려움,0,학교생활적응 문제,17
학생253 ,-ObjSmETPMcnKBxvVUgU,girl,2학년,재산 관련 비행,0,외현화 문제,17
학생253 ,-ObjSmETPMcnKBxvVUgU,girl,2학년,게임 과몰입,0,외현화 문제,17
학생253 ,-ObjSmETPMcnKBxvVUgU,girl,2학년,관계 형성 곤란,1,학교생활적응 문제,17
학생253 ,-ObjSmETPMcnKBxvVUgU,girl,2학년,등교 거부,0,학교생활적응 문제,17
학생253 ,-ObjSmETPMcnKBxvVUgU,girl,2학년,괴롭힘 피해,0,심리외상 문제,17
학생253 ,-ObjSmETPMcnKBxvVUgU,girl,2학년,따돌림 피해,0,심리외상 문제,17
학생254 ,-ObjSnCPdscmjIJAJy3c,girl,2학년,사회적 긴장,0,불안 및 우울 문제,6
학생254 ,-ObjSnCPdscmjIJAJy3c,girl,2학년,감정 기복,1,불안 및 우울 문제,6
학생254 ,-ObjSnCPdscmjIJAJy3c,girl,2학년,과도한 죄책감,0,불안 및 우울 문제,6
학생254 ,-ObjSnCPdscmjIJAJy3c,girl,2학년,과민성/짜증,1,불안 및 우울 문제,6
학생254 ,-ObjSnCPdscmjIJAJy3c,girl,2학년,낮은 자존감,0,학교생활적응 문제,6
학생254 ,-ObjSnCPdscmjIJAJy3c,girl,2학년,무기력/피로,0,불안 및 우울 문제,6
학생254 ,-ObjSnCPdscmjIJAJy3c,girl,2학년,예기 불안,1,불안 및 우울 문제,6
학생254 ,-ObjSnCPdscmjIJAJy3c,girl,2학년,과도한 불안,1,불안 및 우울 문제,6
학생254 ,-ObjSnCPdscmjIJAJy3c,girl,2학년,우울 증상,0,불안 및 우울 문제,6
학생254 ,-ObjSnCPdscmjIJAJy3c,girl,2학년,수면 문제,2,학교생활적응 문제,6
학생254 ,-ObjSnCPdscmjIJAJy3c,girl,2학년,자살 사고,0,자살 및 위기 문제,6
학생254 ,-ObjSnCPdscmjIJAJy3c,girl,2학년,자해 행동,0,자살 및 위기 문제,6
학생254 ,-ObjSnCPdscmjIJAJy3c,girl,2학년,자살 계획,0,자살 및 위기 문제,6
학생254 ,-ObjSnCPdscmjIJAJy3c,girl,2학년,심각한 자살사고,0,자살 및 위기 문제,6
학생254 ,-ObjSnCPdscmjIJAJy3c,girl,2학년,절망감,0,자살 및 위기 문제,6
학생254 ,-ObjSnCPdscmjIJAJy3c,girl,2학년,자살 시도,0,자살 및 위기 문제,6
학생254 ,-ObjSnCPdscmjIJAJy3c,girl,2학년,빈번한 거짓말,0,외현화 문제,6
학생254 ,-ObjSnCPdscmjIJAJy3c,girl,2학년,또래 갈등,0,외현화 문제,6
학생254 ,-ObjSnCPdscmjIJAJy3c,girl,2학년,반항 행동,0,외현화 문제,6
학생254 ,-ObjSnCPdscmjIJAJy3c,girl,2학년,괴롭힘 가해,0,외현화 문제,6
학생254 ,-ObjSnCPdscmjIJAJy3c,girl,2학년,외상 침습증상,0,심리외상 문제,6
학생254 ,-ObjSnCPdscmjIJAJy3c,girl,2학년,외상 관련 악몽,0,심리외상 문제,6
학생254 ,-ObjSnCPdscmjIJAJy3c,girl,2학년,외상 후 고립,0,심리외상 문제,6
학생254 ,-ObjSnCPdscmjIJAJy3c,girl,2학년,외상 후 과각성,0,심리외상 문제,6
학생254 ,-ObjSnCPdscmjIJAJy3c,girl,2학년,외상 회피행동,0,심리외상 문제,6
학생254 ,-ObjSnCPdscmjIJAJy3c,girl,2학년,흡연 문제,0,외현화 문제,6
학생254 ,-ObjSnCPdscmjIJAJy3c,girl,2학년,음주 문제,0,외현화 문제,6
학생254 ,-ObjSnCPdscmjIJAJy3c,girl,2학년,적응력 저하,0,학교생활적응 문제,6
학생254 ,-ObjSnCPdscmjIJAJy3c,girl,2학년,분리 불안,0,학교생활적응 문제,6
학생254 ,-ObjSnCPdscmjIJAJy3c,girl,2학년,학습 어려움,0,학교생활적응 문제,6
학생254 ,-ObjSnCPdscmjIJAJy3c,girl,2학년,재산 관련 비행,0,외현화 문제,6
학생254 ,-ObjSnCPdscmjIJAJy3c,girl,2학년,게임 과몰입,0,외현화 문제,6
학생254 ,-ObjSnCPdscmjIJAJy3c,girl,2학년,관계 형성 곤란,0,학교생활적응 문제,6
학생254 ,-ObjSnCPdscmjIJAJy3c,girl,2학년,등교 거부,0,학교생활적응 문제,6
학생254 ,-ObjSnCPdscmjIJAJy3c,girl,2학년,괴롭힘 피해,0,심리외상 문제,6
학생254 ,-ObjSnCPdscmjIJAJy3c,girl,2학년,따돌림 피해,0,심리외상 문제,6
학생255 ,-ObjSna00B2dePNB8MvX,boy,3학년,사회적 긴장,0,불안 및 우울 문제,8
학생255 ,-ObjSna00B2dePNB8MvX,boy,3학년,감정 기복,0,불안 및 우울 문제,8
학생255 ,-ObjSna00B2dePNB8MvX,boy,3학년,과도한 죄책감,2,불안 및 우울 문제,8
학생255 ,-ObjSna00B2dePNB8MvX,boy,3학년,과민성/짜증,3,불안 및 우울 문제,8
학생255 ,-ObjSna00B2dePNB8MvX,boy,3학년,낮은 자존감,0,학교생활적응 문제,8
학생255 ,-ObjSna00B2dePNB8MvX,boy,3학년,무기력/피로,0,불안 및 우울 문제,8
학생255 ,-ObjSna00B2dePNB8MvX,boy,3학년,예기 불안,2,불안 및 우울 문제,8
학생255 ,-ObjSna00B2dePNB8MvX,boy,3학년,과도한 불안,0,불안 및 우울 문제,8
학생255 ,-ObjSna00B2dePNB8MvX,boy,3학년,우울 증상,0,불안 및 우울 문제,8
학생255 ,-ObjSna00B2dePNB8MvX,boy,3학년,수면 문제,1,학교생활적응 문제,8
학생255 ,-ObjSna00B2dePNB8MvX,boy,3학년,자살 사고,0,자살 및 위기 문제,8
학생255 ,-ObjSna00B2dePNB8MvX,boy,3학년,자해 행동,0,자살 및 위기 문제,8
학생255 ,-ObjSna00B2dePNB8MvX,boy,3학년,자살 계획,0,자살 및 위기 문제,8
학생255 ,-ObjSna00B2dePNB8MvX,boy,3학년,심각한 자살사고,0,자살 및 위기 문제,8
학생255 ,-ObjSna00B2dePNB8MvX,boy,3학년,절망감,0,자살 및 위기 문제,8
학생255 ,-ObjSna00B2dePNB8MvX,boy,3학년,자살 시도,0,자살 및 위기 문제,8
학생255 ,-ObjSna00B2dePNB8MvX,boy,3학년,빈번한 거짓말,0,외현화 문제,8
학생255 ,-ObjSna00B2dePNB8MvX,boy,3학년,또래 갈등,0,외현화 문제,8
학생255 ,-ObjSna00B2dePNB8MvX,boy,3학년,반항 행동,0,외현화 문제,8
학생255 ,-ObjSna00B2dePNB8MvX,boy,3학년,괴롭힘 가해,0,외현화 문제,8
학생255 ,-ObjSna00B2dePNB8MvX,boy,3학년,외상 침습증상,0,심리외상 문제,8
학생255 ,-ObjSna00B2dePNB8MvX,boy,3학년,외상 관련 악몽,0,심리외상 문제,8
학생255 ,-ObjSna00B2dePNB8MvX,boy,3학년,외상 후 고립,0,심리외상 문제,8
학생255 ,-ObjSna00B2dePNB8MvX,boy,3학년,외상 후 과각성,0,심리외상 문제,8
학생255 ,-ObjSna00B2dePNB8MvX,boy,3학년,외상 회피행동,0,심리외상 문제,8
학생255 ,-ObjSna00B2dePNB8MvX,boy,3학년,흡연 문제,0,외현화 문제,8
학생255 ,-ObjSna00B2dePNB8MvX,boy,3학년,음주 문제,0,외현화 문제,8
학생255 ,-ObjSna00B2dePNB8MvX,boy,3학년,적응력 저하,0,학교생활적응 문제,8
학생255 ,-ObjSna00B2dePNB8MvX,boy,3학년,분리 불안,0,학교생활적응 문제,8
학생255 ,-ObjSna00B2dePNB8MvX,boy,3학년,학습 어려움,0,학교생활적응 문제,8
학생255 ,-ObjSna00B2dePNB8MvX,boy,3학년,재산 관련 비행,0,외현화 문제,8
학생255 ,-ObjSna00B2dePNB8MvX,boy,3학년,게임 과몰입,0,외현화 문제,8
학생255 ,-ObjSna00B2dePNB8MvX,boy,3학년,관계 형성 곤란,0,학교생활적응 문제,8
학생255 ,-ObjSna00B2dePNB8MvX,boy,3학년,등교 거부,0,학교생활적응 문제,8
학생255 ,-ObjSna00B2dePNB8MvX,boy,3학년,괴롭힘 피해,0,심리외상 문제,8
학생255 ,-ObjSna00B2dePNB8MvX,boy,3학년,따돌림 피해,0,심리외상 문제,8
학생256 ,-ObjSoPi-M5cWCpYUcoc,girl,2학년,사회적 긴장,1,불안 및 우울 문제,11
학생256 ,-ObjSoPi-M5cWCpYUcoc,girl,2학년,감정 기복,1,불안 및 우울 문제,11
학생256 ,-ObjSoPi-M5cWCpYUcoc,girl,2학년,과도한 죄책감,1,불안 및 우울 문제,11
학생256 ,-ObjSoPi-M5cWCpYUcoc,girl,2학년,과민성/짜증,0,불안 및 우울 문제,11
학생256 ,-ObjSoPi-M5cWCpYUcoc,girl,2학년,낮은 자존감,2,학교생활적응 문제,11
학생256 ,-ObjSoPi-M5cWCpYUcoc,girl,2학년,무기력/피로,0,불안 및 우울 문제,11
학생256 ,-ObjSoPi-M5cWCpYUcoc,girl,2학년,예기 불안,3,불안 및 우울 문제,11
학생256 ,-ObjSoPi-M5cWCpYUcoc,girl,2학년,과도한 불안,1,불안 및 우울 문제,11
학생256 ,-ObjSoPi-M5cWCpYUcoc,girl,2학년,우울 증상,1,불안 및 우울 문제,11
학생256 ,-ObjSoPi-M5cWCpYUcoc,girl,2학년,수면 문제,0,학교생활적응 문제,11
학생256 ,-ObjSoPi-M5cWCpYUcoc,girl,2학년,자살 사고,0,자살 및 위기 문제,11
학생256 ,-ObjSoPi-M5cWCpYUcoc,girl,2학년,자해 행동,0,자살 및 위기 문제,11
학생256 ,-ObjSoPi-M5cWCpYUcoc,girl,2학년,자살 계획,0,자살 및 위기 문제,11
학생256 ,-ObjSoPi-M5cWCpYUcoc,girl,2학년,심각한 자살사고,0,자살 및 위기 문제,11
학생256 ,-ObjSoPi-M5cWCpYUcoc,girl,2학년,절망감,0,자살 및 위기 문제,11
학생256 ,-ObjSoPi-M5cWCpYUcoc,girl,2학년,자살 시도,0,자살 및 위기 문제,11
학생256 ,-ObjSoPi-M5cWCpYUcoc,girl,2학년,빈번한 거짓말,0,외현화 문제,11
학생256 ,-ObjSoPi-M5cWCpYUcoc,girl,2학년,또래 갈등,0,외현화 문제,11
학생256 ,-ObjSoPi-M5cWCpYUcoc,girl,2학년,반항 행동,0,외현화 문제,11
학생256 ,-ObjSoPi-M5cWCpYUcoc,girl,2학년,괴롭힘 가해,0,외현화 문제,11
학생256 ,-ObjSoPi-M5cWCpYUcoc,girl,2학년,외상 침습증상,0,심리외상 문제,11
학생256 ,-ObjSoPi-M5cWCpYUcoc,girl,2학년,외상 관련 악몽,0,심리외상 문제,11
학생256 ,-ObjSoPi-M5cWCpYUcoc,girl,2학년,외상 후 고립,0,심리외상 문제,11
학생256 ,-ObjSoPi-M5cWCpYUcoc,girl,2학년,외상 후 과각성,0,심리외상 문제,11
학생256 ,-ObjSoPi-M5cWCpYUcoc,girl,2학년,외상 회피행동,0,심리외상 문제,11
학생256 ,-ObjSoPi-M5cWCpYUcoc,girl,2학년,흡연 문제,0,외현화 문제,11
학생256 ,-ObjSoPi-M5cWCpYUcoc,girl,2학년,음주 문제,0,외현화 문제,11
학생256 ,-ObjSoPi-M5cWCpYUcoc,girl,2학년,적응력 저하,0,학교생활적응 문제,11
학생256 ,-ObjSoPi-M5cWCpYUcoc,girl,2학년,분리 불안,0,학교생활적응 문제,11
학생256 ,-ObjSoPi-M5cWCpYUcoc,girl,2학년,학습 어려움,0,학교생활적응 문제,11
학생256 ,-ObjSoPi-M5cWCpYUcoc,girl,2학년,재산 관련 비행,0,외현화 문제,11
학생256 ,-ObjSoPi-M5cWCpYUcoc,girl,2학년,게임 과몰입,0,외현화 문제,11
학생256 ,-ObjSoPi-M5cWCpYUcoc,girl,2학년,관계 형성 곤란,1,학교생활적응 문제,11
학생256 ,-ObjSoPi-M5cWCpYUcoc,girl,2학년,등교 거부,0,학교생활적응 문제,11
학생256 ,-ObjSoPi-M5cWCpYUcoc,girl,2학년,괴롭힘 피해,0,심리외상 문제,11
학생256 ,-ObjSoPi-M5cWCpYUcoc,girl,2학년,따돌림 피해,0,심리외상 문제,11
학생257 ,-ObjSoQWZTxqjNr90vAX,boy,3학년,사회적 긴장,1,불안 및 우울 문제,18
학생257 ,-ObjSoQWZTxqjNr90vAX,boy,3학년,감정 기복,2,불안 및 우울 문제,18
학생257 ,-ObjSoQWZTxqjNr90vAX,boy,3학년,과도한 죄책감,3,불안 및 우울 문제,18
학생257 ,-ObjSoQWZTxqjNr90vAX,boy,3학년,과민성/짜증,1,불안 및 우울 문제,18
학생257 ,-ObjSoQWZTxqjNr90vAX,boy,3학년,낮은 자존감,1,학교생활적응 문제,18
학생257 ,-ObjSoQWZTxqjNr90vAX,boy,3학년,무기력/피로,1,불안 및 우울 문제,18
학생257 ,-ObjSoQWZTxqjNr90vAX,boy,3학년,예기 불안,2,불안 및 우울 문제,18
학생257 ,-ObjSoQWZTxqjNr90vAX,boy,3학년,과도한 불안,2,불안 및 우울 문제,18
학생257 ,-ObjSoQWZTxqjNr90vAX,boy,3학년,우울 증상,2,불안 및 우울 문제,18
학생257 ,-ObjSoQWZTxqjNr90vAX,boy,3학년,수면 문제,0,학교생활적응 문제,18
학생257 ,-ObjSoQWZTxqjNr90vAX,boy,3학년,자살 사고,0,자살 및 위기 문제,18
학생257 ,-ObjSoQWZTxqjNr90vAX,boy,3학년,자해 행동,0,자살 및 위기 문제,18
학생257 ,-ObjSoQWZTxqjNr90vAX,boy,3학년,자살 계획,0,자살 및 위기 문제,18
학생257 ,-ObjSoQWZTxqjNr90vAX,boy,3학년,심각한 자살사고,0,자살 및 위기 문제,18
학생257 ,-ObjSoQWZTxqjNr90vAX,boy,3학년,절망감,1,자살 및 위기 문제,18
학생257 ,-ObjSoQWZTxqjNr90vAX,boy,3학년,자살 시도,0,자살 및 위기 문제,18
학생257 ,-ObjSoQWZTxqjNr90vAX,boy,3학년,빈번한 거짓말,1,외현화 문제,18
학생257 ,-ObjSoQWZTxqjNr90vAX,boy,3학년,또래 갈등,0,외현화 문제,18
학생257 ,-ObjSoQWZTxqjNr90vAX,boy,3학년,반항 행동,0,외현화 문제,18
학생257 ,-ObjSoQWZTxqjNr90vAX,boy,3학년,괴롭힘 가해,0,외현화 문제,18
학생257 ,-ObjSoQWZTxqjNr90vAX,boy,3학년,외상 침습증상,0,심리외상 문제,18
학생257 ,-ObjSoQWZTxqjNr90vAX,boy,3학년,외상 관련 악몽,0,심리외상 문제,18
학생257 ,-ObjSoQWZTxqjNr90vAX,boy,3학년,외상 후 고립,0,심리외상 문제,18
학생257 ,-ObjSoQWZTxqjNr90vAX,boy,3학년,외상 후 과각성,0,심리외상 문제,18
학생257 ,-ObjSoQWZTxqjNr90vAX,boy,3학년,외상 회피행동,0,심리외상 문제,18
학생257 ,-ObjSoQWZTxqjNr90vAX,boy,3학년,흡연 문제,0,외현화 문제,18
학생257 ,-ObjSoQWZTxqjNr90vAX,boy,3학년,음주 문제,0,외현화 문제,18
학생257 ,-ObjSoQWZTxqjNr90vAX,boy,3학년,적응력 저하,0,학교생활적응 문제,18
학생257 ,-ObjSoQWZTxqjNr90vAX,boy,3학년,분리 불안,0,학교생활적응 문제,18
학생257 ,-ObjSoQWZTxqjNr90vAX,boy,3학년,학습 어려움,0,학교생활적응 문제,18
학생257 ,-ObjSoQWZTxqjNr90vAX,boy,3학년,재산 관련 비행,0,외현화 문제,18
학생257 ,-ObjSoQWZTxqjNr90vAX,boy,3학년,게임 과몰입,1,외현화 문제,18
학생257 ,-ObjSoQWZTxqjNr90vAX,boy,3학년,관계 형성 곤란,0,학교생활적응 문제,18
학생257 ,-ObjSoQWZTxqjNr90vAX,boy,3학년,등교 거부,0,학교생활적응 문제,18
학생257 ,-ObjSoQWZTxqjNr90vAX,boy,3학년,괴롭힘 피해,0,심리외상 문제,18
학생257 ,-ObjSoQWZTxqjNr90vAX,boy,3학년,따돌림 피해,0,심리외상 문제,18
학생258 ,-ObjSpV2v03USMJ_FMID,girl,2학년,사회적 긴장,1,불안 및 우울 문제,18
학생258 ,-ObjSpV2v03USMJ_FMID,girl,2학년,감정 기복,1,불안 및 우울 문제,18
학생258 ,-ObjSpV2v03USMJ_FMID,girl,2학년,과도한 죄책감,1,불안 및 우울 문제,18
학생258 ,-ObjSpV2v03USMJ_FMID,girl,2학년,과민성/짜증,1,불안 및 우울 문제,18
학생258 ,-ObjSpV2v03USMJ_FMID,girl,2학년,낮은 자존감,2,학교생활적응 문제,18
학생258 ,-ObjSpV2v03USMJ_FMID,girl,2학년,무기력/피로,1,불안 및 우울 문제,18
학생258 ,-ObjSpV2v03USMJ_FMID,girl,2학년,예기 불안,1,불안 및 우울 문제,18
학생258 ,-ObjSpV2v03USMJ_FMID,girl,2학년,과도한 불안,1,불안 및 우울 문제,18
학생258 ,-ObjSpV2v03USMJ_FMID,girl,2학년,우울 증상,1,불안 및 우울 문제,18
학생258 ,-ObjSpV2v03USMJ_FMID,girl,2학년,수면 문제,1,학교생활적응 문제,18
학생258 ,-ObjSpV2v03USMJ_FMID,girl,2학년,자살 사고,0,자살 및 위기 문제,18
학생258 ,-ObjSpV2v03USMJ_FMID,girl,2학년,자해 행동,0,자살 및 위기 문제,18
학생258 ,-ObjSpV2v03USMJ_FMID,girl,2학년,자살 계획,0,자살 및 위기 문제,18
학생258 ,-ObjSpV2v03USMJ_FMID,girl,2학년,심각한 자살사고,1,자살 및 위기 문제,18
학생258 ,-ObjSpV2v03USMJ_FMID,girl,2학년,절망감,1,자살 및 위기 문제,18
학생258 ,-ObjSpV2v03USMJ_FMID,girl,2학년,자살 시도,0,자살 및 위기 문제,18
학생258 ,-ObjSpV2v03USMJ_FMID,girl,2학년,빈번한 거짓말,1,외현화 문제,18
학생258 ,-ObjSpV2v03USMJ_FMID,girl,2학년,또래 갈등,1,외현화 문제,18
학생258 ,-ObjSpV2v03USMJ_FMID,girl,2학년,반항 행동,1,외현화 문제,18
학생258 ,-ObjSpV2v03USMJ_FMID,girl,2학년,괴롭힘 가해,0,외현화 문제,18
학생258 ,-ObjSpV2v03USMJ_FMID,girl,2학년,외상 침습증상,0,심리외상 문제,18
학생258 ,-ObjSpV2v03USMJ_FMID,girl,2학년,외상 관련 악몽,0,심리외상 문제,18
학생258 ,-ObjSpV2v03USMJ_FMID,girl,2학년,외상 후 고립,0,심리외상 문제,18
학생258 ,-ObjSpV2v03USMJ_FMID,girl,2학년,외상 후 과각성,0,심리외상 문제,18
학생258 ,-ObjSpV2v03USMJ_FMID,girl,2학년,외상 회피행동,0,심리외상 문제,18
학생258 ,-ObjSpV2v03USMJ_FMID,girl,2학년,흡연 문제,0,외현화 문제,18
학생258 ,-ObjSpV2v03USMJ_FMID,girl,2학년,음주 문제,0,외현화 문제,18
학생258 ,-ObjSpV2v03USMJ_FMID,girl,2학년,적응력 저하,0,학교생활적응 문제,18
학생258 ,-ObjSpV2v03USMJ_FMID,girl,2학년,분리 불안,0,학교생활적응 문제,18
학생258 ,-ObjSpV2v03USMJ_FMID,girl,2학년,학습 어려움,2,학교생활적응 문제,18
학생258 ,-ObjSpV2v03USMJ_FMID,girl,2학년,재산 관련 비행,0,외현화 문제,18
학생258 ,-ObjSpV2v03USMJ_FMID,girl,2학년,게임 과몰입,0,외현화 문제,18
학생258 ,-ObjSpV2v03USMJ_FMID,girl,2학년,관계 형성 곤란,0,학교생활적응 문제,18
학생258 ,-ObjSpV2v03USMJ_FMID,girl,2학년,등교 거부,0,학교생활적응 문제,18
학생258 ,-ObjSpV2v03USMJ_FMID,girl,2학년,괴롭힘 피해,0,심리외상 문제,18
학생258 ,-ObjSpV2v03USMJ_FMID,girl,2학년,따돌림 피해,0,심리외상 문제,18
학생259 ,-ObjSqPPkjJemxVzv3Dn,girl,3학년,사회적 긴장,0,불안 및 우울 문제,3
학생259 ,-ObjSqPPkjJemxVzv3Dn,girl,3학년,감정 기복,0,불안 및 우울 문제,3
학생259 ,-ObjSqPPkjJemxVzv3Dn,girl,3학년,과도한 죄책감,0,불안 및 우울 문제,3
학생259 ,-ObjSqPPkjJemxVzv3Dn,girl,3학년,과민성/짜증,1,불안 및 우울 문제,3
학생259 ,-ObjSqPPkjJemxVzv3Dn,girl,3학년,낮은 자존감,0,학교생활적응 문제,3
학생259 ,-ObjSqPPkjJemxVzv3Dn,girl,3학년,무기력/피로,0,불안 및 우울 문제,3
학생259 ,-ObjSqPPkjJemxVzv3Dn,girl,3학년,예기 불안,1,불안 및 우울 문제,3
학생259 ,-ObjSqPPkjJemxVzv3Dn,girl,3학년,과도한 불안,0,불안 및 우울 문제,3
학생259 ,-ObjSqPPkjJemxVzv3Dn,girl,3학년,우울 증상,0,불안 및 우울 문제,3
학생259 ,-ObjSqPPkjJemxVzv3Dn,girl,3학년,수면 문제,1,학교생활적응 문제,3
학생259 ,-ObjSqPPkjJemxVzv3Dn,girl,3학년,자살 사고,0,자살 및 위기 문제,3
학생259 ,-ObjSqPPkjJemxVzv3Dn,girl,3학년,자해 행동,0,자살 및 위기 문제,3
학생259 ,-ObjSqPPkjJemxVzv3Dn,girl,3학년,자살 계획,0,자살 및 위기 문제,3
학생259 ,-ObjSqPPkjJemxVzv3Dn,girl,3학년,심각한 자살사고,0,자살 및 위기 문제,3
학생259 ,-ObjSqPPkjJemxVzv3Dn,girl,3학년,절망감,0,자살 및 위기 문제,3
학생259 ,-ObjSqPPkjJemxVzv3Dn,girl,3학년,자살 시도,0,자살 및 위기 문제,3
학생259 ,-ObjSqPPkjJemxVzv3Dn,girl,3학년,빈번한 거짓말,0,외현화 문제,3
학생259 ,-ObjSqPPkjJemxVzv3Dn,girl,3학년,또래 갈등,0,외현화 문제,3
학생259 ,-ObjSqPPkjJemxVzv3Dn,girl,3학년,반항 행동,0,외현화 문제,3
학생259 ,-ObjSqPPkjJemxVzv3Dn,girl,3학년,괴롭힘 가해,0,외현화 문제,3
학생259 ,-ObjSqPPkjJemxVzv3Dn,girl,3학년,외상 침습증상,0,심리외상 문제,3
학생259 ,-ObjSqPPkjJemxVzv3Dn,girl,3학년,외상 관련 악몽,0,심리외상 문제,3
학생259 ,-ObjSqPPkjJemxVzv3Dn,girl,3학년,외상 후 고립,0,심리외상 문제,3
학생259 ,-ObjSqPPkjJemxVzv3Dn,girl,3학년,외상 후 과각성,0,심리외상 문제,3
학생259 ,-ObjSqPPkjJemxVzv3Dn,girl,3학년,외상 회피행동,0,심리외상 문제,3
학생259 ,-ObjSqPPkjJemxVzv3Dn,girl,3학년,흡연 문제,0,외현화 문제,3
학생259 ,-ObjSqPPkjJemxVzv3Dn,girl,3학년,음주 문제,0,외현화 문제,3
학생259 ,-ObjSqPPkjJemxVzv3Dn,girl,3학년,적응력 저하,0,학교생활적응 문제,3
학생259 ,-ObjSqPPkjJemxVzv3Dn,girl,3학년,분리 불안,0,학교생활적응 문제,3
학생259 ,-ObjSqPPkjJemxVzv3Dn,girl,3학년,학습 어려움,0,학교생활적응 문제,3
학생259 ,-ObjSqPPkjJemxVzv3Dn,girl,3학년,재산 관련 비행,0,외현화 문제,3
학생259 ,-ObjSqPPkjJemxVzv3Dn,girl,3학년,게임 과몰입,0,외현화 문제,3
학생259 ,-ObjSqPPkjJemxVzv3Dn,girl,3학년,관계 형성 곤란,0,학교생활적응 문제,3
학생259 ,-ObjSqPPkjJemxVzv3Dn,girl,3학년,등교 거부,0,학교생활적응 문제,3
학생259 ,-ObjSqPPkjJemxVzv3Dn,girl,3학년,괴롭힘 피해,0,심리외상 문제,3
학생259 ,-ObjSqPPkjJemxVzv3Dn,girl,3학년,따돌림 피해,0,심리외상 문제,3
학생26 ,-ObjRPlVwfy18B7JF92v,boy,1학년,사회적 긴장,2,불안 및 우울 문제,16
학생26 ,-ObjRPlVwfy18B7JF92v,boy,1학년,감정 기복,2,불안 및 우울 문제,16
학생26 ,-ObjRPlVwfy18B7JF92v,boy,1학년,과도한 죄책감,1,불안 및 우울 문제,16
학생26 ,-ObjRPlVwfy18B7JF92v,boy,1학년,과민성/짜증,0,불안 및 우울 문제,16
학생26 ,-ObjRPlVwfy18B7JF92v,boy,1학년,낮은 자존감,2,학교생활적응 문제,16
학생26 ,-ObjRPlVwfy18B7JF92v,boy,1학년,무기력/피로,2,불안 및 우울 문제,16
학생26 ,-ObjRPlVwfy18B7JF92v,boy,1학년,예기 불안,1,불안 및 우울 문제,16
학생26 ,-ObjRPlVwfy18B7JF92v,boy,1학년,과도한 불안,0,불안 및 우울 문제,16
학생26 ,-ObjRPlVwfy18B7JF92v,boy,1학년,우울 증상,2,불안 및 우울 문제,16
학생26 ,-ObjRPlVwfy18B7JF92v,boy,1학년,수면 문제,3,학교생활적응 문제,16
학생26 ,-ObjRPlVwfy18B7JF92v,boy,1학년,자살 사고,0,자살 및 위기 문제,16
학생26 ,-ObjRPlVwfy18B7JF92v,boy,1학년,자해 행동,0,자살 및 위기 문제,16
학생26 ,-ObjRPlVwfy18B7JF92v,boy,1학년,자살 계획,0,자살 및 위기 문제,16
학생26 ,-ObjRPlVwfy18B7JF92v,boy,1학년,심각한 자살사고,0,자살 및 위기 문제,16
학생26 ,-ObjRPlVwfy18B7JF92v,boy,1학년,절망감,0,자살 및 위기 문제,16
학생26 ,-ObjRPlVwfy18B7JF92v,boy,1학년,자살 시도,0,자살 및 위기 문제,16
학생26 ,-ObjRPlVwfy18B7JF92v,boy,1학년,빈번한 거짓말,0,외현화 문제,16
학생26 ,-ObjRPlVwfy18B7JF92v,boy,1학년,또래 갈등,0,외현화 문제,16
학생26 ,-ObjRPlVwfy18B7JF92v,boy,1학년,반항 행동,0,외현화 문제,16
학생26 ,-ObjRPlVwfy18B7JF92v,boy,1학년,괴롭힘 가해,0,외현화 문제,16
학생26 ,-ObjRPlVwfy18B7JF92v,boy,1학년,외상 침습증상,0,심리외상 문제,16
학생26 ,-ObjRPlVwfy18B7JF92v,boy,1학년,외상 관련 악몽,0,심리외상 문제,16
학생26 ,-ObjRPlVwfy18B7JF92v,boy,1학년,외상 후 고립,0,심리외상 문제,16
학생26 ,-ObjRPlVwfy18B7JF92v,boy,1학년,외상 후 과각성,0,심리외상 문제,16
학생26 ,-ObjRPlVwfy18B7JF92v,boy,1학년,외상 회피행동,0,심리외상 문제,16
학생26 ,-ObjRPlVwfy18B7JF92v,boy,1학년,흡연 문제,0,외현화 문제,16
학생26 ,-ObjRPlVwfy18B7JF92v,boy,1학년,음주 문제,0,외현화 문제,16
학생26 ,-ObjRPlVwfy18B7JF92v,boy,1학년,적응력 저하,0,학교생활적응 문제,16
학생26 ,-ObjRPlVwfy18B7JF92v,boy,1학년,분리 불안,0,학교생활적응 문제,16
학생26 ,-ObjRPlVwfy18B7JF92v,boy,1학년,학습 어려움,0,학교생활적응 문제,16
학생26 ,-ObjRPlVwfy18B7JF92v,boy,1학년,재산 관련 비행,0,외현화 문제,16
학생26 ,-ObjRPlVwfy18B7JF92v,boy,1학년,게임 과몰입,0,외현화 문제,16
학생26 ,-ObjRPlVwfy18B7JF92v,boy,1학년,관계 형성 곤란,1,학교생활적응 문제,16
학생26 ,-ObjRPlVwfy18B7JF92v,boy,1학년,등교 거부,0,학교생활적응 문제,16
학생26 ,-ObjRPlVwfy18B7JF92v,boy,1학년,괴롭힘 피해,0,심리외상 문제,16
학생26 ,-ObjRPlVwfy18B7JF92v,boy,1학년,따돌림 피해,0,심리외상 문제,16
학생260 ,-ObjSqRwOb3AYWGTHspb,boy,1학년,사회적 긴장,0,불안 및 우울 문제,7
학생260 ,-ObjSqRwOb3AYWGTHspb,boy,1학년,감정 기복,0,불안 및 우울 문제,7
학생260 ,-ObjSqRwOb3AYWGTHspb,boy,1학년,과도한 죄책감,0,불안 및 우울 문제,7
학생260 ,-ObjSqRwOb3AYWGTHspb,boy,1학년,과민성/짜증,0,불안 및 우울 문제,7
학생260 ,-ObjSqRwOb3AYWGTHspb,boy,1학년,낮은 자존감,1,학교생활적응 문제,7
학생260 ,-ObjSqRwOb3AYWGTHspb,boy,1학년,무기력/피로,1,불안 및 우울 문제,7
학생260 ,-ObjSqRwOb3AYWGTHspb,boy,1학년,예기 불안,0,불안 및 우울 문제,7
학생260 ,-ObjSqRwOb3AYWGTHspb,boy,1학년,과도한 불안,1,불안 및 우울 문제,7
학생260 ,-ObjSqRwOb3AYWGTHspb,boy,1학년,우울 증상,0,불안 및 우울 문제,7
학생260 ,-ObjSqRwOb3AYWGTHspb,boy,1학년,수면 문제,2,학교생활적응 문제,7
학생260 ,-ObjSqRwOb3AYWGTHspb,boy,1학년,자살 사고,0,자살 및 위기 문제,7
학생260 ,-ObjSqRwOb3AYWGTHspb,boy,1학년,자해 행동,0,자살 및 위기 문제,7
학생260 ,-ObjSqRwOb3AYWGTHspb,boy,1학년,자살 계획,0,자살 및 위기 문제,7
학생260 ,-ObjSqRwOb3AYWGTHspb,boy,1학년,심각한 자살사고,0,자살 및 위기 문제,7
학생260 ,-ObjSqRwOb3AYWGTHspb,boy,1학년,절망감,0,자살 및 위기 문제,7
학생260 ,-ObjSqRwOb3AYWGTHspb,boy,1학년,자살 시도,0,자살 및 위기 문제,7
학생260 ,-ObjSqRwOb3AYWGTHspb,boy,1학년,빈번한 거짓말,1,외현화 문제,7
학생260 ,-ObjSqRwOb3AYWGTHspb,boy,1학년,또래 갈등,0,외현화 문제,7
학생260 ,-ObjSqRwOb3AYWGTHspb,boy,1학년,반항 행동,0,외현화 문제,7
학생260 ,-ObjSqRwOb3AYWGTHspb,boy,1학년,괴롭힘 가해,0,외현화 문제,7
학생260 ,-ObjSqRwOb3AYWGTHspb,boy,1학년,외상 침습증상,0,심리외상 문제,7
학생260 ,-ObjSqRwOb3AYWGTHspb,boy,1학년,외상 관련 악몽,0,심리외상 문제,7
학생260 ,-ObjSqRwOb3AYWGTHspb,boy,1학년,외상 후 고립,0,심리외상 문제,7
학생260 ,-ObjSqRwOb3AYWGTHspb,boy,1학년,외상 후 과각성,0,심리외상 문제,7
학생260 ,-ObjSqRwOb3AYWGTHspb,boy,1학년,외상 회피행동,0,심리외상 문제,7
학생260 ,-ObjSqRwOb3AYWGTHspb,boy,1학년,흡연 문제,0,외현화 문제,7
학생260 ,-ObjSqRwOb3AYWGTHspb,boy,1학년,음주 문제,0,외현화 문제,7
학생260 ,-ObjSqRwOb3AYWGTHspb,boy,1학년,적응력 저하,0,학교생활적응 문제,7
학생260 ,-ObjSqRwOb3AYWGTHspb,boy,1학년,분리 불안,0,학교생활적응 문제,7
학생260 ,-ObjSqRwOb3AYWGTHspb,boy,1학년,학습 어려움,0,학교생활적응 문제,7
학생260 ,-ObjSqRwOb3AYWGTHspb,boy,1학년,재산 관련 비행,0,외현화 문제,7
학생260 ,-ObjSqRwOb3AYWGTHspb,boy,1학년,게임 과몰입,1,외현화 문제,7
학생260 ,-ObjSqRwOb3AYWGTHspb,boy,1학년,관계 형성 곤란,0,학교생활적응 문제,7
학생260 ,-ObjSqRwOb3AYWGTHspb,boy,1학년,등교 거부,0,학교생활적응 문제,7
학생260 ,-ObjSqRwOb3AYWGTHspb,boy,1학년,괴롭힘 피해,0,심리외상 문제,7
학생260 ,-ObjSqRwOb3AYWGTHspb,boy,1학년,따돌림 피해,0,심리외상 문제,7
학생261 ,-ObjSrCZerWCCckmrCAD,girl,2학년,사회적 긴장,0,불안 및 우울 문제,5
학생261 ,-ObjSrCZerWCCckmrCAD,girl,2학년,감정 기복,1,불안 및 우울 문제,5
학생261 ,-ObjSrCZerWCCckmrCAD,girl,2학년,과도한 죄책감,0,불안 및 우울 문제,5
학생261 ,-ObjSrCZerWCCckmrCAD,girl,2학년,과민성/짜증,1,불안 및 우울 문제,5
학생261 ,-ObjSrCZerWCCckmrCAD,girl,2학년,낮은 자존감,1,학교생활적응 문제,5
학생261 ,-ObjSrCZerWCCckmrCAD,girl,2학년,무기력/피로,0,불안 및 우울 문제,5
학생261 ,-ObjSrCZerWCCckmrCAD,girl,2학년,예기 불안,1,불안 및 우울 문제,5
학생261 ,-ObjSrCZerWCCckmrCAD,girl,2학년,과도한 불안,0,불안 및 우울 문제,5
학생261 ,-ObjSrCZerWCCckmrCAD,girl,2학년,우울 증상,1,불안 및 우울 문제,5
학생261 ,-ObjSrCZerWCCckmrCAD,girl,2학년,수면 문제,0,학교생활적응 문제,5
학생261 ,-ObjSrCZerWCCckmrCAD,girl,2학년,자살 사고,0,자살 및 위기 문제,5
학생261 ,-ObjSrCZerWCCckmrCAD,girl,2학년,자해 행동,0,자살 및 위기 문제,5
학생261 ,-ObjSrCZerWCCckmrCAD,girl,2학년,자살 계획,0,자살 및 위기 문제,5
학생261 ,-ObjSrCZerWCCckmrCAD,girl,2학년,심각한 자살사고,0,자살 및 위기 문제,5
학생261 ,-ObjSrCZerWCCckmrCAD,girl,2학년,절망감,0,자살 및 위기 문제,5
학생261 ,-ObjSrCZerWCCckmrCAD,girl,2학년,자살 시도,0,자살 및 위기 문제,5
학생261 ,-ObjSrCZerWCCckmrCAD,girl,2학년,빈번한 거짓말,0,외현화 문제,5
학생261 ,-ObjSrCZerWCCckmrCAD,girl,2학년,또래 갈등,0,외현화 문제,5
학생261 ,-ObjSrCZerWCCckmrCAD,girl,2학년,반항 행동,0,외현화 문제,5
학생261 ,-ObjSrCZerWCCckmrCAD,girl,2학년,괴롭힘 가해,0,외현화 문제,5
학생261 ,-ObjSrCZerWCCckmrCAD,girl,2학년,외상 침습증상,0,심리외상 문제,5
학생261 ,-ObjSrCZerWCCckmrCAD,girl,2학년,외상 관련 악몽,0,심리외상 문제,5
학생261 ,-ObjSrCZerWCCckmrCAD,girl,2학년,외상 후 고립,0,심리외상 문제,5
학생261 ,-ObjSrCZerWCCckmrCAD,girl,2학년,외상 후 과각성,0,심리외상 문제,5
학생261 ,-ObjSrCZerWCCckmrCAD,girl,2학년,외상 회피행동,0,심리외상 문제,5
학생261 ,-ObjSrCZerWCCckmrCAD,girl,2학년,흡연 문제,0,외현화 문제,5
학생261 ,-ObjSrCZerWCCckmrCAD,girl,2학년,음주 문제,0,외현화 문제,5
학생261 ,-ObjSrCZerWCCckmrCAD,girl,2학년,적응력 저하,0,학교생활적응 문제,5
학생261 ,-ObjSrCZerWCCckmrCAD,girl,2학년,분리 불안,0,학교생활적응 문제,5
학생261 ,-ObjSrCZerWCCckmrCAD,girl,2학년,학습 어려움,0,학교생활적응 문제,5
학생261 ,-ObjSrCZerWCCckmrCAD,girl,2학년,재산 관련 비행,0,외현화 문제,5
학생261 ,-ObjSrCZerWCCckmrCAD,girl,2학년,게임 과몰입,0,외현화 문제,5
학생261 ,-ObjSrCZerWCCckmrCAD,girl,2학년,관계 형성 곤란,0,학교생활적응 문제,5
학생261 ,-ObjSrCZerWCCckmrCAD,girl,2학년,등교 거부,0,학교생활적응 문제,5
학생261 ,-ObjSrCZerWCCckmrCAD,girl,2학년,괴롭힘 피해,0,심리외상 문제,5
학생261 ,-ObjSrCZerWCCckmrCAD,girl,2학년,따돌림 피해,0,심리외상 문제,5
학생262 ,-ObjSrVbRHH9CRklspzR,boy,2학년,사회적 긴장,1,불안 및 우울 문제,13
학생262 ,-ObjSrVbRHH9CRklspzR,boy,2학년,감정 기복,0,불안 및 우울 문제,13
학생262 ,-ObjSrVbRHH9CRklspzR,boy,2학년,과도한 죄책감,0,불안 및 우울 문제,13
학생262 ,-ObjSrVbRHH9CRklspzR,boy,2학년,과민성/짜증,0,불안 및 우울 문제,13
학생262 ,-ObjSrVbRHH9CRklspzR,boy,2학년,낮은 자존감,1,학교생활적응 문제,13
학생262 ,-ObjSrVbRHH9CRklspzR,boy,2학년,무기력/피로,1,불안 및 우울 문제,13
학생262 ,-ObjSrVbRHH9CRklspzR,boy,2학년,예기 불안,1,불안 및 우울 문제,13
학생262 ,-ObjSrVbRHH9CRklspzR,boy,2학년,과도한 불안,1,불안 및 우울 문제,13
학생262 ,-ObjSrVbRHH9CRklspzR,boy,2학년,우울 증상,1,불안 및 우울 문제,13
학생262 ,-ObjSrVbRHH9CRklspzR,boy,2학년,수면 문제,3,학교생활적응 문제,13
학생262 ,-ObjSrVbRHH9CRklspzR,boy,2학년,자살 사고,0,자살 및 위기 문제,13
학생262 ,-ObjSrVbRHH9CRklspzR,boy,2학년,자해 행동,0,자살 및 위기 문제,13
학생262 ,-ObjSrVbRHH9CRklspzR,boy,2학년,자살 계획,0,자살 및 위기 문제,13
학생262 ,-ObjSrVbRHH9CRklspzR,boy,2학년,심각한 자살사고,0,자살 및 위기 문제,13
학생262 ,-ObjSrVbRHH9CRklspzR,boy,2학년,절망감,0,자살 및 위기 문제,13
학생262 ,-ObjSrVbRHH9CRklspzR,boy,2학년,자살 시도,0,자살 및 위기 문제,13
학생262 ,-ObjSrVbRHH9CRklspzR,boy,2학년,빈번한 거짓말,1,외현화 문제,13
학생262 ,-ObjSrVbRHH9CRklspzR,boy,2학년,또래 갈등,0,외현화 문제,13
학생262 ,-ObjSrVbRHH9CRklspzR,boy,2학년,반항 행동,0,외현화 문제,13
학생262 ,-ObjSrVbRHH9CRklspzR,boy,2학년,괴롭힘 가해,0,외현화 문제,13
학생262 ,-ObjSrVbRHH9CRklspzR,boy,2학년,외상 침습증상,0,심리외상 문제,13
학생262 ,-ObjSrVbRHH9CRklspzR,boy,2학년,외상 관련 악몽,0,심리외상 문제,13
학생262 ,-ObjSrVbRHH9CRklspzR,boy,2학년,외상 후 고립,0,심리외상 문제,13
학생262 ,-ObjSrVbRHH9CRklspzR,boy,2학년,외상 후 과각성,0,심리외상 문제,13
학생262 ,-ObjSrVbRHH9CRklspzR,boy,2학년,외상 회피행동,0,심리외상 문제,13
학생262 ,-ObjSrVbRHH9CRklspzR,boy,2학년,흡연 문제,0,외현화 문제,13
학생262 ,-ObjSrVbRHH9CRklspzR,boy,2학년,음주 문제,0,외현화 문제,13
학생262 ,-ObjSrVbRHH9CRklspzR,boy,2학년,적응력 저하,1,학교생활적응 문제,13
학생262 ,-ObjSrVbRHH9CRklspzR,boy,2학년,분리 불안,0,학교생활적응 문제,13
학생262 ,-ObjSrVbRHH9CRklspzR,boy,2학년,학습 어려움,1,학교생활적응 문제,13
학생262 ,-ObjSrVbRHH9CRklspzR,boy,2학년,재산 관련 비행,0,외현화 문제,13
학생262 ,-ObjSrVbRHH9CRklspzR,boy,2학년,게임 과몰입,1,외현화 문제,13
학생262 ,-ObjSrVbRHH9CRklspzR,boy,2학년,관계 형성 곤란,0,학교생활적응 문제,13
학생262 ,-ObjSrVbRHH9CRklspzR,boy,2학년,등교 거부,0,학교생활적응 문제,13
학생262 ,-ObjSrVbRHH9CRklspzR,boy,2학년,괴롭힘 피해,0,심리외상 문제,13
학생262 ,-ObjSrVbRHH9CRklspzR,boy,2학년,따돌림 피해,0,심리외상 문제,13
학생263 ,-ObjSt7w4_bKMdavJAht,boy,3학년,사회적 긴장,0,불안 및 우울 문제,6
학생263 ,-ObjSt7w4_bKMdavJAht,boy,3학년,감정 기복,0,불안 및 우울 문제,6
학생263 ,-ObjSt7w4_bKMdavJAht,boy,3학년,과도한 죄책감,0,불안 및 우울 문제,6
학생263 ,-ObjSt7w4_bKMdavJAht,boy,3학년,과민성/짜증,1,불안 및 우울 문제,6
학생263 ,-ObjSt7w4_bKMdavJAht,boy,3학년,낮은 자존감,0,학교생활적응 문제,6
학생263 ,-ObjSt7w4_bKMdavJAht,boy,3학년,무기력/피로,2,불안 및 우울 문제,6
학생263 ,-ObjSt7w4_bKMdavJAht,boy,3학년,예기 불안,1,불안 및 우울 문제,6
학생263 ,-ObjSt7w4_bKMdavJAht,boy,3학년,과도한 불안,0,불안 및 우울 문제,6
학생263 ,-ObjSt7w4_bKMdavJAht,boy,3학년,우울 증상,0,불안 및 우울 문제,6
학생263 ,-ObjSt7w4_bKMdavJAht,boy,3학년,수면 문제,1,학교생활적응 문제,6
학생263 ,-ObjSt7w4_bKMdavJAht,boy,3학년,자살 사고,0,자살 및 위기 문제,6
학생263 ,-ObjSt7w4_bKMdavJAht,boy,3학년,자해 행동,0,자살 및 위기 문제,6
학생263 ,-ObjSt7w4_bKMdavJAht,boy,3학년,자살 계획,0,자살 및 위기 문제,6
학생263 ,-ObjSt7w4_bKMdavJAht,boy,3학년,심각한 자살사고,0,자살 및 위기 문제,6
학생263 ,-ObjSt7w4_bKMdavJAht,boy,3학년,절망감,0,자살 및 위기 문제,6
학생263 ,-ObjSt7w4_bKMdavJAht,boy,3학년,자살 시도,0,자살 및 위기 문제,6
학생263 ,-ObjSt7w4_bKMdavJAht,boy,3학년,빈번한 거짓말,1,외현화 문제,6
학생263 ,-ObjSt7w4_bKMdavJAht,boy,3학년,또래 갈등,0,외현화 문제,6
학생263 ,-ObjSt7w4_bKMdavJAht,boy,3학년,반항 행동,0,외현화 문제,6
학생263 ,-ObjSt7w4_bKMdavJAht,boy,3학년,괴롭힘 가해,0,외현화 문제,6
학생263 ,-ObjSt7w4_bKMdavJAht,boy,3학년,외상 침습증상,0,심리외상 문제,6
학생263 ,-ObjSt7w4_bKMdavJAht,boy,3학년,외상 관련 악몽,0,심리외상 문제,6
학생263 ,-ObjSt7w4_bKMdavJAht,boy,3학년,외상 후 고립,0,심리외상 문제,6
학생263 ,-ObjSt7w4_bKMdavJAht,boy,3학년,외상 후 과각성,0,심리외상 문제,6
학생263 ,-ObjSt7w4_bKMdavJAht,boy,3학년,외상 회피행동,0,심리외상 문제,6
학생263 ,-ObjSt7w4_bKMdavJAht,boy,3학년,흡연 문제,0,외현화 문제,6
학생263 ,-ObjSt7w4_bKMdavJAht,boy,3학년,음주 문제,0,외현화 문제,6
학생263 ,-ObjSt7w4_bKMdavJAht,boy,3학년,적응력 저하,0,학교생활적응 문제,6
학생263 ,-ObjSt7w4_bKMdavJAht,boy,3학년,분리 불안,0,학교생활적응 문제,6
학생263 ,-ObjSt7w4_bKMdavJAht,boy,3학년,학습 어려움,0,학교생활적응 문제,6
학생263 ,-ObjSt7w4_bKMdavJAht,boy,3학년,재산 관련 비행,0,외현화 문제,6
학생263 ,-ObjSt7w4_bKMdavJAht,boy,3학년,게임 과몰입,0,외현화 문제,6
학생263 ,-ObjSt7w4_bKMdavJAht,boy,3학년,관계 형성 곤란,0,학교생활적응 문제,6
학생263 ,-ObjSt7w4_bKMdavJAht,boy,3학년,등교 거부,0,학교생활적응 문제,6
학생263 ,-ObjSt7w4_bKMdavJAht,boy,3학년,괴롭힘 피해,0,심리외상 문제,6
학생263 ,-ObjSt7w4_bKMdavJAht,boy,3학년,따돌림 피해,0,심리외상 문제,6
학생264 ,-ObjSuBpBLQWJfVvHLo5,girl,2학년,사회적 긴장,1,불안 및 우울 문제,13
학생264 ,-ObjSuBpBLQWJfVvHLo5,girl,2학년,감정 기복,0,불안 및 우울 문제,13
학생264 ,-ObjSuBpBLQWJfVvHLo5,girl,2학년,과도한 죄책감,0,불안 및 우울 문제,13
학생264 ,-ObjSuBpBLQWJfVvHLo5,girl,2학년,과민성/짜증,0,불안 및 우울 문제,13
학생264 ,-ObjSuBpBLQWJfVvHLo5,girl,2학년,낮은 자존감,0,학교생활적응 문제,13
학생264 ,-ObjSuBpBLQWJfVvHLo5,girl,2학년,무기력/피로,1,불안 및 우울 문제,13
학생264 ,-ObjSuBpBLQWJfVvHLo5,girl,2학년,예기 불안,1,불안 및 우울 문제,13
학생264 ,-ObjSuBpBLQWJfVvHLo5,girl,2학년,과도한 불안,0,불안 및 우울 문제,13
학생264 ,-ObjSuBpBLQWJfVvHLo5,girl,2학년,우울 증상,0,불안 및 우울 문제,13
학생264 ,-ObjSuBpBLQWJfVvHLo5,girl,2학년,수면 문제,2,학교생활적응 문제,13
학생264 ,-ObjSuBpBLQWJfVvHLo5,girl,2학년,자살 사고,0,자살 및 위기 문제,13
학생264 ,-ObjSuBpBLQWJfVvHLo5,girl,2학년,자해 행동,0,자살 및 위기 문제,13
학생264 ,-ObjSuBpBLQWJfVvHLo5,girl,2학년,자살 계획,0,자살 및 위기 문제,13
학생264 ,-ObjSuBpBLQWJfVvHLo5,girl,2학년,심각한 자살사고,0,자살 및 위기 문제,13
학생264 ,-ObjSuBpBLQWJfVvHLo5,girl,2학년,절망감,0,자살 및 위기 문제,13
학생264 ,-ObjSuBpBLQWJfVvHLo5,girl,2학년,자살 시도,0,자살 및 위기 문제,13
학생264 ,-ObjSuBpBLQWJfVvHLo5,girl,2학년,빈번한 거짓말,0,외현화 문제,13
학생264 ,-ObjSuBpBLQWJfVvHLo5,girl,2학년,또래 갈등,0,외현화 문제,13
학생264 ,-ObjSuBpBLQWJfVvHLo5,girl,2학년,반항 행동,0,외현화 문제,13
학생264 ,-ObjSuBpBLQWJfVvHLo5,girl,2학년,괴롭힘 가해,0,외현화 문제,13
학생264 ,-ObjSuBpBLQWJfVvHLo5,girl,2학년,외상 침습증상,2,심리외상 문제,13
학생264 ,-ObjSuBpBLQWJfVvHLo5,girl,2학년,외상 관련 악몽,1,심리외상 문제,13
학생264 ,-ObjSuBpBLQWJfVvHLo5,girl,2학년,외상 후 고립,0,심리외상 문제,13
학생264 ,-ObjSuBpBLQWJfVvHLo5,girl,2학년,외상 후 과각성,0,심리외상 문제,13
학생264 ,-ObjSuBpBLQWJfVvHLo5,girl,2학년,외상 회피행동,1,심리외상 문제,13
학생264 ,-ObjSuBpBLQWJfVvHLo5,girl,2학년,흡연 문제,0,외현화 문제,13
학생264 ,-ObjSuBpBLQWJfVvHLo5,girl,2학년,음주 문제,0,외현화 문제,13
학생264 ,-ObjSuBpBLQWJfVvHLo5,girl,2학년,적응력 저하,0,학교생활적응 문제,13
학생264 ,-ObjSuBpBLQWJfVvHLo5,girl,2학년,분리 불안,0,학교생활적응 문제,13
학생264 ,-ObjSuBpBLQWJfVvHLo5,girl,2학년,학습 어려움,0,학교생활적응 문제,13
학생264 ,-ObjSuBpBLQWJfVvHLo5,girl,2학년,재산 관련 비행,0,외현화 문제,13
학생264 ,-ObjSuBpBLQWJfVvHLo5,girl,2학년,게임 과몰입,0,외현화 문제,13
학생264 ,-ObjSuBpBLQWJfVvHLo5,girl,2학년,관계 형성 곤란,1,학교생활적응 문제,13
학생264 ,-ObjSuBpBLQWJfVvHLo5,girl,2학년,등교 거부,1,학교생활적응 문제,13
학생264 ,-ObjSuBpBLQWJfVvHLo5,girl,2학년,괴롭힘 피해,1,심리외상 문제,13
학생264 ,-ObjSuBpBLQWJfVvHLo5,girl,2학년,따돌림 피해,1,심리외상 문제,13
학생265 ,-ObjSuG6SkSVgACmgk4p,girl,1학년,사회적 긴장,1,불안 및 우울 문제,31
학생265 ,-ObjSuG6SkSVgACmgk4p,girl,1학년,감정 기복,2,불안 및 우울 문제,31
학생265 ,-ObjSuG6SkSVgACmgk4p,girl,1학년,과도한 죄책감,1,불안 및 우울 문제,31
학생265 ,-ObjSuG6SkSVgACmgk4p,girl,1학년,과민성/짜증,2,불안 및 우울 문제,31
학생265 ,-ObjSuG6SkSVgACmgk4p,girl,1학년,낮은 자존감,2,학교생활적응 문제,31
학생265 ,-ObjSuG6SkSVgACmgk4p,girl,1학년,무기력/피로,2,불안 및 우울 문제,31
학생265 ,-ObjSuG6SkSVgACmgk4p,girl,1학년,예기 불안,1,불안 및 우울 문제,31
학생265 ,-ObjSuG6SkSVgACmgk4p,girl,1학년,과도한 불안,1,불안 및 우울 문제,31
학생265 ,-ObjSuG6SkSVgACmgk4p,girl,1학년,우울 증상,2,불안 및 우울 문제,31
학생265 ,-ObjSuG6SkSVgACmgk4p,girl,1학년,수면 문제,2,학교생활적응 문제,31
학생265 ,-ObjSuG6SkSVgACmgk4p,girl,1학년,자살 사고,2,자살 및 위기 문제,31
학생265 ,-ObjSuG6SkSVgACmgk4p,girl,1학년,자해 행동,1,자살 및 위기 문제,31
학생265 ,-ObjSuG6SkSVgACmgk4p,girl,1학년,자살 계획,0,자살 및 위기 문제,31
학생265 ,-ObjSuG6SkSVgACmgk4p,girl,1학년,심각한 자살사고,1,자살 및 위기 문제,31
학생265 ,-ObjSuG6SkSVgACmgk4p,girl,1학년,절망감,1,자살 및 위기 문제,31
학생265 ,-ObjSuG6SkSVgACmgk4p,girl,1학년,자살 시도,1,자살 및 위기 문제,31
학생265 ,-ObjSuG6SkSVgACmgk4p,girl,1학년,빈번한 거짓말,1,외현화 문제,31
학생265 ,-ObjSuG6SkSVgACmgk4p,girl,1학년,또래 갈등,0,외현화 문제,31
학생265 ,-ObjSuG6SkSVgACmgk4p,girl,1학년,반항 행동,0,외현화 문제,31
학생265 ,-ObjSuG6SkSVgACmgk4p,girl,1학년,괴롭힘 가해,0,외현화 문제,31
학생265 ,-ObjSuG6SkSVgACmgk4p,girl,1학년,외상 침습증상,1,심리외상 문제,31
학생265 ,-ObjSuG6SkSVgACmgk4p,girl,1학년,외상 관련 악몽,1,심리외상 문제,31
학생265 ,-ObjSuG6SkSVgACmgk4p,girl,1학년,외상 후 고립,1,심리외상 문제,31
학생265 ,-ObjSuG6SkSVgACmgk4p,girl,1학년,외상 후 과각성,0,심리외상 문제,31
학생265 ,-ObjSuG6SkSVgACmgk4p,girl,1학년,외상 회피행동,1,심리외상 문제,31
학생265 ,-ObjSuG6SkSVgACmgk4p,girl,1학년,흡연 문제,0,외현화 문제,31
학생265 ,-ObjSuG6SkSVgACmgk4p,girl,1학년,음주 문제,0,외현화 문제,31
학생265 ,-ObjSuG6SkSVgACmgk4p,girl,1학년,적응력 저하,1,학교생활적응 문제,31
학생265 ,-ObjSuG6SkSVgACmgk4p,girl,1학년,분리 불안,0,학교생활적응 문제,31
학생265 ,-ObjSuG6SkSVgACmgk4p,girl,1학년,학습 어려움,2,학교생활적응 문제,31
학생265 ,-ObjSuG6SkSVgACmgk4p,girl,1학년,재산 관련 비행,0,외현화 문제,31
학생265 ,-ObjSuG6SkSVgACmgk4p,girl,1학년,게임 과몰입,0,외현화 문제,31
학생265 ,-ObjSuG6SkSVgACmgk4p,girl,1학년,관계 형성 곤란,1,학교생활적응 문제,31
학생265 ,-ObjSuG6SkSVgACmgk4p,girl,1학년,등교 거부,0,학교생활적응 문제,31
학생265 ,-ObjSuG6SkSVgACmgk4p,girl,1학년,괴롭힘 피해,0,심리외상 문제,31
학생265 ,-ObjSuG6SkSVgACmgk4p,girl,1학년,따돌림 피해,0,심리외상 문제,31
학생266 ,-ObjSugOt0tZ-kcmH6H5,boy,3학년,사회적 긴장,1,불안 및 우울 문제,13
학생266 ,-ObjSugOt0tZ-kcmH6H5,boy,3학년,감정 기복,1,불안 및 우울 문제,13
학생266 ,-ObjSugOt0tZ-kcmH6H5,boy,3학년,과도한 죄책감,1,불안 및 우울 문제,13
학생266 ,-ObjSugOt0tZ-kcmH6H5,boy,3학년,과민성/짜증,0,불안 및 우울 문제,13
학생266 ,-ObjSugOt0tZ-kcmH6H5,boy,3학년,낮은 자존감,1,학교생활적응 문제,13
학생266 ,-ObjSugOt0tZ-kcmH6H5,boy,3학년,무기력/피로,1,불안 및 우울 문제,13
학생266 ,-ObjSugOt0tZ-kcmH6H5,boy,3학년,예기 불안,1,불안 및 우울 문제,13
학생266 ,-ObjSugOt0tZ-kcmH6H5,boy,3학년,과도한 불안,0,불안 및 우울 문제,13
학생266 ,-ObjSugOt0tZ-kcmH6H5,boy,3학년,우울 증상,0,불안 및 우울 문제,13
학생266 ,-ObjSugOt0tZ-kcmH6H5,boy,3학년,수면 문제,3,학교생활적응 문제,13
학생266 ,-ObjSugOt0tZ-kcmH6H5,boy,3학년,자살 사고,0,자살 및 위기 문제,13
학생266 ,-ObjSugOt0tZ-kcmH6H5,boy,3학년,자해 행동,0,자살 및 위기 문제,13
학생266 ,-ObjSugOt0tZ-kcmH6H5,boy,3학년,자살 계획,0,자살 및 위기 문제,13
학생266 ,-ObjSugOt0tZ-kcmH6H5,boy,3학년,심각한 자살사고,0,자살 및 위기 문제,13
학생266 ,-ObjSugOt0tZ-kcmH6H5,boy,3학년,절망감,1,자살 및 위기 문제,13
학생266 ,-ObjSugOt0tZ-kcmH6H5,boy,3학년,자살 시도,0,자살 및 위기 문제,13
학생266 ,-ObjSugOt0tZ-kcmH6H5,boy,3학년,빈번한 거짓말,0,외현화 문제,13
학생266 ,-ObjSugOt0tZ-kcmH6H5,boy,3학년,또래 갈등,0,외현화 문제,13
학생266 ,-ObjSugOt0tZ-kcmH6H5,boy,3학년,반항 행동,0,외현화 문제,13
학생266 ,-ObjSugOt0tZ-kcmH6H5,boy,3학년,괴롭힘 가해,0,외현화 문제,13
학생266 ,-ObjSugOt0tZ-kcmH6H5,boy,3학년,외상 침습증상,0,심리외상 문제,13
학생266 ,-ObjSugOt0tZ-kcmH6H5,boy,3학년,외상 관련 악몽,0,심리외상 문제,13
학생266 ,-ObjSugOt0tZ-kcmH6H5,boy,3학년,외상 후 고립,0,심리외상 문제,13
학생266 ,-ObjSugOt0tZ-kcmH6H5,boy,3학년,외상 후 과각성,0,심리외상 문제,13
학생266 ,-ObjSugOt0tZ-kcmH6H5,boy,3학년,외상 회피행동,0,심리외상 문제,13
학생266 ,-ObjSugOt0tZ-kcmH6H5,boy,3학년,흡연 문제,0,외현화 문제,13
학생266 ,-ObjSugOt0tZ-kcmH6H5,boy,3학년,음주 문제,0,외현화 문제,13
학생266 ,-ObjSugOt0tZ-kcmH6H5,boy,3학년,적응력 저하,1,학교생활적응 문제,13
학생266 ,-ObjSugOt0tZ-kcmH6H5,boy,3학년,분리 불안,0,학교생활적응 문제,13
학생266 ,-ObjSugOt0tZ-kcmH6H5,boy,3학년,학습 어려움,1,학교생활적응 문제,13
학생266 ,-ObjSugOt0tZ-kcmH6H5,boy,3학년,재산 관련 비행,0,외현화 문제,13
학생266 ,-ObjSugOt0tZ-kcmH6H5,boy,3학년,게임 과몰입,0,외현화 문제,13
학생266 ,-ObjSugOt0tZ-kcmH6H5,boy,3학년,관계 형성 곤란,1,학교생활적응 문제,13
학생266 ,-ObjSugOt0tZ-kcmH6H5,boy,3학년,등교 거부,0,학교생활적응 문제,13
학생266 ,-ObjSugOt0tZ-kcmH6H5,boy,3학년,괴롭힘 피해,0,심리외상 문제,13
학생266 ,-ObjSugOt0tZ-kcmH6H5,boy,3학년,따돌림 피해,0,심리외상 문제,13
학생267 ,-ObjSy1KsWPxlTCibk_a,girl,3학년,사회적 긴장,0,불안 및 우울 문제,7
학생267 ,-ObjSy1KsWPxlTCibk_a,girl,3학년,감정 기복,1,불안 및 우울 문제,7
학생267 ,-ObjSy1KsWPxlTCibk_a,girl,3학년,과도한 죄책감,0,불안 및 우울 문제,7
학생267 ,-ObjSy1KsWPxlTCibk_a,girl,3학년,과민성/짜증,0,불안 및 우울 문제,7
학생267 ,-ObjSy1KsWPxlTCibk_a,girl,3학년,낮은 자존감,1,학교생활적응 문제,7
학생267 ,-ObjSy1KsWPxlTCibk_a,girl,3학년,무기력/피로,1,불안 및 우울 문제,7
학생267 ,-ObjSy1KsWPxlTCibk_a,girl,3학년,예기 불안,1,불안 및 우울 문제,7
학생267 ,-ObjSy1KsWPxlTCibk_a,girl,3학년,과도한 불안,0,불안 및 우울 문제,7
학생267 ,-ObjSy1KsWPxlTCibk_a,girl,3학년,우울 증상,1,불안 및 우울 문제,7
학생267 ,-ObjSy1KsWPxlTCibk_a,girl,3학년,수면 문제,1,학교생활적응 문제,7
학생267 ,-ObjSy1KsWPxlTCibk_a,girl,3학년,자살 사고,1,자살 및 위기 문제,7
학생267 ,-ObjSy1KsWPxlTCibk_a,girl,3학년,자해 행동,0,자살 및 위기 문제,7
학생267 ,-ObjSy1KsWPxlTCibk_a,girl,3학년,자살 계획,0,자살 및 위기 문제,7
학생267 ,-ObjSy1KsWPxlTCibk_a,girl,3학년,심각한 자살사고,0,자살 및 위기 문제,7
학생267 ,-ObjSy1KsWPxlTCibk_a,girl,3학년,절망감,0,자살 및 위기 문제,7
학생267 ,-ObjSy1KsWPxlTCibk_a,girl,3학년,자살 시도,0,자살 및 위기 문제,7
학생267 ,-ObjSy1KsWPxlTCibk_a,girl,3학년,빈번한 거짓말,0,외현화 문제,7
학생267 ,-ObjSy1KsWPxlTCibk_a,girl,3학년,또래 갈등,0,외현화 문제,7
학생267 ,-ObjSy1KsWPxlTCibk_a,girl,3학년,반항 행동,0,외현화 문제,7
학생267 ,-ObjSy1KsWPxlTCibk_a,girl,3학년,괴롭힘 가해,0,외현화 문제,7
학생267 ,-ObjSy1KsWPxlTCibk_a,girl,3학년,외상 침습증상,0,심리외상 문제,7
학생267 ,-ObjSy1KsWPxlTCibk_a,girl,3학년,외상 관련 악몽,0,심리외상 문제,7
학생267 ,-ObjSy1KsWPxlTCibk_a,girl,3학년,외상 후 고립,0,심리외상 문제,7
학생267 ,-ObjSy1KsWPxlTCibk_a,girl,3학년,외상 후 과각성,0,심리외상 문제,7
학생267 ,-ObjSy1KsWPxlTCibk_a,girl,3학년,외상 회피행동,0,심리외상 문제,7
학생267 ,-ObjSy1KsWPxlTCibk_a,girl,3학년,흡연 문제,0,외현화 문제,7
학생267 ,-ObjSy1KsWPxlTCibk_a,girl,3학년,음주 문제,0,외현화 문제,7
학생267 ,-ObjSy1KsWPxlTCibk_a,girl,3학년,적응력 저하,0,학교생활적응 문제,7
학생267 ,-ObjSy1KsWPxlTCibk_a,girl,3학년,분리 불안,0,학교생활적응 문제,7
학생267 ,-ObjSy1KsWPxlTCibk_a,girl,3학년,학습 어려움,0,학교생활적응 문제,7
학생267 ,-ObjSy1KsWPxlTCibk_a,girl,3학년,재산 관련 비행,0,외현화 문제,7
학생267 ,-ObjSy1KsWPxlTCibk_a,girl,3학년,게임 과몰입,0,외현화 문제,7
학생267 ,-ObjSy1KsWPxlTCibk_a,girl,3학년,관계 형성 곤란,0,학교생활적응 문제,7
학생267 ,-ObjSy1KsWPxlTCibk_a,girl,3학년,등교 거부,0,학교생활적응 문제,7
학생267 ,-ObjSy1KsWPxlTCibk_a,girl,3학년,괴롭힘 피해,0,심리외상 문제,7
학생267 ,-ObjSy1KsWPxlTCibk_a,girl,3학년,따돌림 피해,0,심리외상 문제,7
학생268 ,-ObjT-QXElL-UgyhTLnf,boy,3학년,사회적 긴장,3,불안 및 우울 문제,21
학생268 ,-ObjT-QXElL-UgyhTLnf,boy,3학년,감정 기복,0,불안 및 우울 문제,21
학생268 ,-ObjT-QXElL-UgyhTLnf,boy,3학년,과도한 죄책감,2,불안 및 우울 문제,21
학생268 ,-ObjT-QXElL-UgyhTLnf,boy,3학년,과민성/짜증,0,불안 및 우울 문제,21
학생268 ,-ObjT-QXElL-UgyhTLnf,boy,3학년,낮은 자존감,3,학교생활적응 문제,21
학생268 ,-ObjT-QXElL-UgyhTLnf,boy,3학년,무기력/피로,2,불안 및 우울 문제,21
학생268 ,-ObjT-QXElL-UgyhTLnf,boy,3학년,예기 불안,3,불안 및 우울 문제,21
학생268 ,-ObjT-QXElL-UgyhTLnf,boy,3학년,과도한 불안,3,불안 및 우울 문제,21
학생268 ,-ObjT-QXElL-UgyhTLnf,boy,3학년,우울 증상,3,불안 및 우울 문제,21
학생268 ,-ObjT-QXElL-UgyhTLnf,boy,3학년,수면 문제,2,학교생활적응 문제,21
학생268 ,-ObjT-QXElL-UgyhTLnf,boy,3학년,자살 사고,0,자살 및 위기 문제,21
학생268 ,-ObjT-QXElL-UgyhTLnf,boy,3학년,자해 행동,0,자살 및 위기 문제,21
학생268 ,-ObjT-QXElL-UgyhTLnf,boy,3학년,자살 계획,0,자살 및 위기 문제,21
학생268 ,-ObjT-QXElL-UgyhTLnf,boy,3학년,심각한 자살사고,0,자살 및 위기 문제,21
학생268 ,-ObjT-QXElL-UgyhTLnf,boy,3학년,절망감,0,자살 및 위기 문제,21
학생268 ,-ObjT-QXElL-UgyhTLnf,boy,3학년,자살 시도,0,자살 및 위기 문제,21
학생268 ,-ObjT-QXElL-UgyhTLnf,boy,3학년,빈번한 거짓말,0,외현화 문제,21
학생268 ,-ObjT-QXElL-UgyhTLnf,boy,3학년,또래 갈등,0,외현화 문제,21
학생268 ,-ObjT-QXElL-UgyhTLnf,boy,3학년,반항 행동,0,외현화 문제,21
학생268 ,-ObjT-QXElL-UgyhTLnf,boy,3학년,괴롭힘 가해,0,외현화 문제,21
학생268 ,-ObjT-QXElL-UgyhTLnf,boy,3학년,외상 침습증상,0,심리외상 문제,21
학생268 ,-ObjT-QXElL-UgyhTLnf,boy,3학년,외상 관련 악몽,0,심리외상 문제,21
학생268 ,-ObjT-QXElL-UgyhTLnf,boy,3학년,외상 후 고립,0,심리외상 문제,21
학생268 ,-ObjT-QXElL-UgyhTLnf,boy,3학년,외상 후 과각성,0,심리외상 문제,21
학생268 ,-ObjT-QXElL-UgyhTLnf,boy,3학년,외상 회피행동,0,심리외상 문제,21
학생268 ,-ObjT-QXElL-UgyhTLnf,boy,3학년,흡연 문제,0,외현화 문제,21
학생268 ,-ObjT-QXElL-UgyhTLnf,boy,3학년,음주 문제,0,외현화 문제,21
학생268 ,-ObjT-QXElL-UgyhTLnf,boy,3학년,적응력 저하,0,학교생활적응 문제,21
학생268 ,-ObjT-QXElL-UgyhTLnf,boy,3학년,분리 불안,0,학교생활적응 문제,21
학생268 ,-ObjT-QXElL-UgyhTLnf,boy,3학년,학습 어려움,0,학교생활적응 문제,21
학생268 ,-ObjT-QXElL-UgyhTLnf,boy,3학년,재산 관련 비행,0,외현화 문제,21
학생268 ,-ObjT-QXElL-UgyhTLnf,boy,3학년,게임 과몰입,0,외현화 문제,21
학생268 ,-ObjT-QXElL-UgyhTLnf,boy,3학년,관계 형성 곤란,0,학교생활적응 문제,21
학생268 ,-ObjT-QXElL-UgyhTLnf,boy,3학년,등교 거부,0,학교생활적응 문제,21
학생268 ,-ObjT-QXElL-UgyhTLnf,boy,3학년,괴롭힘 피해,0,심리외상 문제,21
학생268 ,-ObjT-QXElL-UgyhTLnf,boy,3학년,따돌림 피해,0,심리외상 문제,21
학생269 ,-ObjT1_FzDFlGbywKqKB,girl,1학년,사회적 긴장,1,불안 및 우울 문제,16
학생269 ,-ObjT1_FzDFlGbywKqKB,girl,1학년,감정 기복,1,불안 및 우울 문제,16
학생269 ,-ObjT1_FzDFlGbywKqKB,girl,1학년,과도한 죄책감,2,불안 및 우울 문제,16
학생269 ,-ObjT1_FzDFlGbywKqKB,girl,1학년,과민성/짜증,1,불안 및 우울 문제,16
학생269 ,-ObjT1_FzDFlGbywKqKB,girl,1학년,낮은 자존감,2,학교생활적응 문제,16
학생269 ,-ObjT1_FzDFlGbywKqKB,girl,1학년,무기력/피로,1,불안 및 우울 문제,16
학생269 ,-ObjT1_FzDFlGbywKqKB,girl,1학년,예기 불안,3,불안 및 우울 문제,16
학생269 ,-ObjT1_FzDFlGbywKqKB,girl,1학년,과도한 불안,1,불안 및 우울 문제,16
학생269 ,-ObjT1_FzDFlGbywKqKB,girl,1학년,우울 증상,1,불안 및 우울 문제,16
학생269 ,-ObjT1_FzDFlGbywKqKB,girl,1학년,수면 문제,2,학교생활적응 문제,16
학생269 ,-ObjT1_FzDFlGbywKqKB,girl,1학년,자살 사고,0,자살 및 위기 문제,16
학생269 ,-ObjT1_FzDFlGbywKqKB,girl,1학년,자해 행동,0,자살 및 위기 문제,16
학생269 ,-ObjT1_FzDFlGbywKqKB,girl,1학년,자살 계획,0,자살 및 위기 문제,16
학생269 ,-ObjT1_FzDFlGbywKqKB,girl,1학년,심각한 자살사고,0,자살 및 위기 문제,16
학생269 ,-ObjT1_FzDFlGbywKqKB,girl,1학년,절망감,0,자살 및 위기 문제,16
학생269 ,-ObjT1_FzDFlGbywKqKB,girl,1학년,자살 시도,0,자살 및 위기 문제,16
학생269 ,-ObjT1_FzDFlGbywKqKB,girl,1학년,빈번한 거짓말,0,외현화 문제,16
학생269 ,-ObjT1_FzDFlGbywKqKB,girl,1학년,또래 갈등,0,외현화 문제,16
학생269 ,-ObjT1_FzDFlGbywKqKB,girl,1학년,반항 행동,1,외현화 문제,16
학생269 ,-ObjT1_FzDFlGbywKqKB,girl,1학년,괴롭힘 가해,0,외현화 문제,16
학생269 ,-ObjT1_FzDFlGbywKqKB,girl,1학년,외상 침습증상,0,심리외상 문제,16
학생269 ,-ObjT1_FzDFlGbywKqKB,girl,1학년,외상 관련 악몽,0,심리외상 문제,16
학생269 ,-ObjT1_FzDFlGbywKqKB,girl,1학년,외상 후 고립,0,심리외상 문제,16
학생269 ,-ObjT1_FzDFlGbywKqKB,girl,1학년,외상 후 과각성,0,심리외상 문제,16
학생269 ,-ObjT1_FzDFlGbywKqKB,girl,1학년,외상 회피행동,0,심리외상 문제,16
학생269 ,-ObjT1_FzDFlGbywKqKB,girl,1학년,흡연 문제,0,외현화 문제,16
학생269 ,-ObjT1_FzDFlGbywKqKB,girl,1학년,음주 문제,0,외현화 문제,16
학생269 ,-ObjT1_FzDFlGbywKqKB,girl,1학년,적응력 저하,0,학교생활적응 문제,16
학생269 ,-ObjT1_FzDFlGbywKqKB,girl,1학년,분리 불안,0,학교생활적응 문제,16
학생269 ,-ObjT1_FzDFlGbywKqKB,girl,1학년,학습 어려움,0,학교생활적응 문제,16
학생269 ,-ObjT1_FzDFlGbywKqKB,girl,1학년,재산 관련 비행,0,외현화 문제,16
학생269 ,-ObjT1_FzDFlGbywKqKB,girl,1학년,게임 과몰입,0,외현화 문제,16
학생269 ,-ObjT1_FzDFlGbywKqKB,girl,1학년,관계 형성 곤란,0,학교생활적응 문제,16
학생269 ,-ObjT1_FzDFlGbywKqKB,girl,1학년,등교 거부,0,학교생활적응 문제,16
학생269 ,-ObjT1_FzDFlGbywKqKB,girl,1학년,괴롭힘 피해,0,심리외상 문제,16
학생269 ,-ObjT1_FzDFlGbywKqKB,girl,1학년,따돌림 피해,0,심리외상 문제,16
학생27 ,-ObjRQH34y-qlLtw-DOz,girl,2학년,사회적 긴장,1,불안 및 우울 문제,35
학생27 ,-ObjRQH34y-qlLtw-DOz,girl,2학년,감정 기복,3,불안 및 우울 문제,35
학생27 ,-ObjRQH34y-qlLtw-DOz,girl,2학년,과도한 죄책감,2,불안 및 우울 문제,35
학생27 ,-ObjRQH34y-qlLtw-DOz,girl,2학년,과민성/짜증,2,불안 및 우울 문제,35
학생27 ,-ObjRQH34y-qlLtw-DOz,girl,2학년,낮은 자존감,3,학교생활적응 문제,35
학생27 ,-ObjRQH34y-qlLtw-DOz,girl,2학년,무기력/피로,3,불안 및 우울 문제,35
학생27 ,-ObjRQH34y-qlLtw-DOz,girl,2학년,예기 불안,3,불안 및 우울 문제,35
학생27 ,-ObjRQH34y-qlLtw-DOz,girl,2학년,과도한 불안,1,불안 및 우울 문제,35
학생27 ,-ObjRQH34y-qlLtw-DOz,girl,2학년,우울 증상,2,불안 및 우울 문제,35
학생27 ,-ObjRQH34y-qlLtw-DOz,girl,2학년,수면 문제,3,학교생활적응 문제,35
학생27 ,-ObjRQH34y-qlLtw-DOz,girl,2학년,자살 사고,1,자살 및 위기 문제,35
학생27 ,-ObjRQH34y-qlLtw-DOz,girl,2학년,자해 행동,1,자살 및 위기 문제,35
학생27 ,-ObjRQH34y-qlLtw-DOz,girl,2학년,자살 계획,0,자살 및 위기 문제,35
학생27 ,-ObjRQH34y-qlLtw-DOz,girl,2학년,심각한 자살사고,0,자살 및 위기 문제,35
학생27 ,-ObjRQH34y-qlLtw-DOz,girl,2학년,절망감,1,자살 및 위기 문제,35
학생27 ,-ObjRQH34y-qlLtw-DOz,girl,2학년,자살 시도,0,자살 및 위기 문제,35
학생27 ,-ObjRQH34y-qlLtw-DOz,girl,2학년,빈번한 거짓말,2,외현화 문제,35
학생27 ,-ObjRQH34y-qlLtw-DOz,girl,2학년,또래 갈등,1,외현화 문제,35
학생27 ,-ObjRQH34y-qlLtw-DOz,girl,2학년,반항 행동,0,외현화 문제,35
학생27 ,-ObjRQH34y-qlLtw-DOz,girl,2학년,괴롭힘 가해,0,외현화 문제,35
학생27 ,-ObjRQH34y-qlLtw-DOz,girl,2학년,외상 침습증상,1,심리외상 문제,35
학생27 ,-ObjRQH34y-qlLtw-DOz,girl,2학년,외상 관련 악몽,0,심리외상 문제,35
학생27 ,-ObjRQH34y-qlLtw-DOz,girl,2학년,외상 후 고립,0,심리외상 문제,35
학생27 ,-ObjRQH34y-qlLtw-DOz,girl,2학년,외상 후 과각성,0,심리외상 문제,35
학생27 ,-ObjRQH34y-qlLtw-DOz,girl,2학년,외상 회피행동,0,심리외상 문제,35
학생27 ,-ObjRQH34y-qlLtw-DOz,girl,2학년,흡연 문제,0,외현화 문제,35
학생27 ,-ObjRQH34y-qlLtw-DOz,girl,2학년,음주 문제,0,외현화 문제,35
학생27 ,-ObjRQH34y-qlLtw-DOz,girl,2학년,적응력 저하,1,학교생활적응 문제,35
학생27 ,-ObjRQH34y-qlLtw-DOz,girl,2학년,분리 불안,0,학교생활적응 문제,35
학생27 ,-ObjRQH34y-qlLtw-DOz,girl,2학년,학습 어려움,2,학교생활적응 문제,35
학생27 ,-ObjRQH34y-qlLtw-DOz,girl,2학년,재산 관련 비행,0,외현화 문제,35
학생27 ,-ObjRQH34y-qlLtw-DOz,girl,2학년,게임 과몰입,0,외현화 문제,35
학생27 ,-ObjRQH34y-qlLtw-DOz,girl,2학년,관계 형성 곤란,1,학교생활적응 문제,35
학생27 ,-ObjRQH34y-qlLtw-DOz,girl,2학년,등교 거부,1,학교생활적응 문제,35
학생27 ,-ObjRQH34y-qlLtw-DOz,girl,2학년,괴롭힘 피해,0,심리외상 문제,35
학생27 ,-ObjRQH34y-qlLtw-DOz,girl,2학년,따돌림 피해,0,심리외상 문제,35
학생270 ,-ObjT2chmFohgFb8AqlA,girl,2학년,사회적 긴장,0,불안 및 우울 문제,9
학생270 ,-ObjT2chmFohgFb8AqlA,girl,2학년,감정 기복,1,불안 및 우울 문제,9
학생270 ,-ObjT2chmFohgFb8AqlA,girl,2학년,과도한 죄책감,0,불안 및 우울 문제,9
학생270 ,-ObjT2chmFohgFb8AqlA,girl,2학년,과민성/짜증,0,불안 및 우울 문제,9
학생270 ,-ObjT2chmFohgFb8AqlA,girl,2학년,낮은 자존감,1,학교생활적응 문제,9
학생270 ,-ObjT2chmFohgFb8AqlA,girl,2학년,무기력/피로,0,불안 및 우울 문제,9
학생270 ,-ObjT2chmFohgFb8AqlA,girl,2학년,예기 불안,0,불안 및 우울 문제,9
학생270 ,-ObjT2chmFohgFb8AqlA,girl,2학년,과도한 불안,0,불안 및 우울 문제,9
학생270 ,-ObjT2chmFohgFb8AqlA,girl,2학년,우울 증상,1,불안 및 우울 문제,9
학생270 ,-ObjT2chmFohgFb8AqlA,girl,2학년,수면 문제,2,학교생활적응 문제,9
학생270 ,-ObjT2chmFohgFb8AqlA,girl,2학년,자살 사고,0,자살 및 위기 문제,9
학생270 ,-ObjT2chmFohgFb8AqlA,girl,2학년,자해 행동,0,자살 및 위기 문제,9
학생270 ,-ObjT2chmFohgFb8AqlA,girl,2학년,자살 계획,0,자살 및 위기 문제,9
학생270 ,-ObjT2chmFohgFb8AqlA,girl,2학년,심각한 자살사고,0,자살 및 위기 문제,9
학생270 ,-ObjT2chmFohgFb8AqlA,girl,2학년,절망감,0,자살 및 위기 문제,9
학생270 ,-ObjT2chmFohgFb8AqlA,girl,2학년,자살 시도,0,자살 및 위기 문제,9
학생270 ,-ObjT2chmFohgFb8AqlA,girl,2학년,빈번한 거짓말,1,외현화 문제,9
학생270 ,-ObjT2chmFohgFb8AqlA,girl,2학년,또래 갈등,0,외현화 문제,9
학생270 ,-ObjT2chmFohgFb8AqlA,girl,2학년,반항 행동,0,외현화 문제,9
학생270 ,-ObjT2chmFohgFb8AqlA,girl,2학년,괴롭힘 가해,2,외현화 문제,9
학생270 ,-ObjT2chmFohgFb8AqlA,girl,2학년,외상 침습증상,0,심리외상 문제,9
학생270 ,-ObjT2chmFohgFb8AqlA,girl,2학년,외상 관련 악몽,0,심리외상 문제,9
학생270 ,-ObjT2chmFohgFb8AqlA,girl,2학년,외상 후 고립,0,심리외상 문제,9
학생270 ,-ObjT2chmFohgFb8AqlA,girl,2학년,외상 후 과각성,0,심리외상 문제,9
학생270 ,-ObjT2chmFohgFb8AqlA,girl,2학년,외상 회피행동,0,심리외상 문제,9
학생270 ,-ObjT2chmFohgFb8AqlA,girl,2학년,흡연 문제,0,외현화 문제,9
학생270 ,-ObjT2chmFohgFb8AqlA,girl,2학년,음주 문제,0,외현화 문제,9
학생270 ,-ObjT2chmFohgFb8AqlA,girl,2학년,적응력 저하,0,학교생활적응 문제,9
학생270 ,-ObjT2chmFohgFb8AqlA,girl,2학년,분리 불안,1,학교생활적응 문제,9
학생270 ,-ObjT2chmFohgFb8AqlA,girl,2학년,학습 어려움,0,학교생활적응 문제,9
학생270 ,-ObjT2chmFohgFb8AqlA,girl,2학년,재산 관련 비행,0,외현화 문제,9
학생270 ,-ObjT2chmFohgFb8AqlA,girl,2학년,게임 과몰입,0,외현화 문제,9
학생270 ,-ObjT2chmFohgFb8AqlA,girl,2학년,관계 형성 곤란,0,학교생활적응 문제,9
학생270 ,-ObjT2chmFohgFb8AqlA,girl,2학년,등교 거부,0,학교생활적응 문제,9
학생270 ,-ObjT2chmFohgFb8AqlA,girl,2학년,괴롭힘 피해,0,심리외상 문제,9
학생270 ,-ObjT2chmFohgFb8AqlA,girl,2학년,따돌림 피해,0,심리외상 문제,9
학생271 ,-ObjT4B1GGBSAEEU3lxG,girl,2학년,사회적 긴장,1,불안 및 우울 문제,5
학생271 ,-ObjT4B1GGBSAEEU3lxG,girl,2학년,감정 기복,0,불안 및 우울 문제,5
학생271 ,-ObjT4B1GGBSAEEU3lxG,girl,2학년,과도한 죄책감,0,불안 및 우울 문제,5
학생271 ,-ObjT4B1GGBSAEEU3lxG,girl,2학년,과민성/짜증,0,불안 및 우울 문제,5
학생271 ,-ObjT4B1GGBSAEEU3lxG,girl,2학년,낮은 자존감,0,학교생활적응 문제,5
학생271 ,-ObjT4B1GGBSAEEU3lxG,girl,2학년,무기력/피로,0,불안 및 우울 문제,5
학생271 ,-ObjT4B1GGBSAEEU3lxG,girl,2학년,예기 불안,1,불안 및 우울 문제,5
학생271 ,-ObjT4B1GGBSAEEU3lxG,girl,2학년,과도한 불안,1,불안 및 우울 문제,5
학생271 ,-ObjT4B1GGBSAEEU3lxG,girl,2학년,우울 증상,0,불안 및 우울 문제,5
학생271 ,-ObjT4B1GGBSAEEU3lxG,girl,2학년,수면 문제,1,학교생활적응 문제,5
학생271 ,-ObjT4B1GGBSAEEU3lxG,girl,2학년,자살 사고,0,자살 및 위기 문제,5
학생271 ,-ObjT4B1GGBSAEEU3lxG,girl,2학년,자해 행동,0,자살 및 위기 문제,5
학생271 ,-ObjT4B1GGBSAEEU3lxG,girl,2학년,자살 계획,0,자살 및 위기 문제,5
학생271 ,-ObjT4B1GGBSAEEU3lxG,girl,2학년,심각한 자살사고,0,자살 및 위기 문제,5
학생271 ,-ObjT4B1GGBSAEEU3lxG,girl,2학년,절망감,0,자살 및 위기 문제,5
학생271 ,-ObjT4B1GGBSAEEU3lxG,girl,2학년,자살 시도,0,자살 및 위기 문제,5
학생271 ,-ObjT4B1GGBSAEEU3lxG,girl,2학년,빈번한 거짓말,0,외현화 문제,5
학생271 ,-ObjT4B1GGBSAEEU3lxG,girl,2학년,또래 갈등,0,외현화 문제,5
학생271 ,-ObjT4B1GGBSAEEU3lxG,girl,2학년,반항 행동,0,외현화 문제,5
학생271 ,-ObjT4B1GGBSAEEU3lxG,girl,2학년,괴롭힘 가해,0,외현화 문제,5
학생271 ,-ObjT4B1GGBSAEEU3lxG,girl,2학년,외상 침습증상,1,심리외상 문제,5
학생271 ,-ObjT4B1GGBSAEEU3lxG,girl,2학년,외상 관련 악몽,0,심리외상 문제,5
학생271 ,-ObjT4B1GGBSAEEU3lxG,girl,2학년,외상 후 고립,0,심리외상 문제,5
학생271 ,-ObjT4B1GGBSAEEU3lxG,girl,2학년,외상 후 과각성,0,심리외상 문제,5
학생271 ,-ObjT4B1GGBSAEEU3lxG,girl,2학년,외상 회피행동,0,심리외상 문제,5
학생271 ,-ObjT4B1GGBSAEEU3lxG,girl,2학년,흡연 문제,0,외현화 문제,5
학생271 ,-ObjT4B1GGBSAEEU3lxG,girl,2학년,음주 문제,0,외현화 문제,5
학생271 ,-ObjT4B1GGBSAEEU3lxG,girl,2학년,적응력 저하,0,학교생활적응 문제,5
학생271 ,-ObjT4B1GGBSAEEU3lxG,girl,2학년,분리 불안,0,학교생활적응 문제,5
학생271 ,-ObjT4B1GGBSAEEU3lxG,girl,2학년,학습 어려움,0,학교생활적응 문제,5
학생271 ,-ObjT4B1GGBSAEEU3lxG,girl,2학년,재산 관련 비행,0,외현화 문제,5
학생271 ,-ObjT4B1GGBSAEEU3lxG,girl,2학년,게임 과몰입,0,외현화 문제,5
학생271 ,-ObjT4B1GGBSAEEU3lxG,girl,2학년,관계 형성 곤란,0,학교생활적응 문제,5
학생271 ,-ObjT4B1GGBSAEEU3lxG,girl,2학년,등교 거부,0,학교생활적응 문제,5
학생271 ,-ObjT4B1GGBSAEEU3lxG,girl,2학년,괴롭힘 피해,0,심리외상 문제,5
학생271 ,-ObjT4B1GGBSAEEU3lxG,girl,2학년,따돌림 피해,0,심리외상 문제,5
학생272 ,-ObjT9yG4OI3zPTE1DA-,girl,3학년,사회적 긴장,1,불안 및 우울 문제,11
학생272 ,-ObjT9yG4OI3zPTE1DA-,girl,3학년,감정 기복,1,불안 및 우울 문제,11
학생272 ,-ObjT9yG4OI3zPTE1DA-,girl,3학년,과도한 죄책감,1,불안 및 우울 문제,11
학생272 ,-ObjT9yG4OI3zPTE1DA-,girl,3학년,과민성/짜증,1,불안 및 우울 문제,11
학생272 ,-ObjT9yG4OI3zPTE1DA-,girl,3학년,낮은 자존감,1,학교생활적응 문제,11
학생272 ,-ObjT9yG4OI3zPTE1DA-,girl,3학년,무기력/피로,2,불안 및 우울 문제,11
학생272 ,-ObjT9yG4OI3zPTE1DA-,girl,3학년,예기 불안,1,불안 및 우울 문제,11
학생272 ,-ObjT9yG4OI3zPTE1DA-,girl,3학년,과도한 불안,1,불안 및 우울 문제,11
학생272 ,-ObjT9yG4OI3zPTE1DA-,girl,3학년,우울 증상,1,불안 및 우울 문제,11
학생272 ,-ObjT9yG4OI3zPTE1DA-,girl,3학년,수면 문제,1,학교생활적응 문제,11
학생272 ,-ObjT9yG4OI3zPTE1DA-,girl,3학년,자살 사고,0,자살 및 위기 문제,11
학생272 ,-ObjT9yG4OI3zPTE1DA-,girl,3학년,자해 행동,0,자살 및 위기 문제,11
학생272 ,-ObjT9yG4OI3zPTE1DA-,girl,3학년,자살 계획,0,자살 및 위기 문제,11
학생272 ,-ObjT9yG4OI3zPTE1DA-,girl,3학년,심각한 자살사고,0,자살 및 위기 문제,11
학생272 ,-ObjT9yG4OI3zPTE1DA-,girl,3학년,절망감,0,자살 및 위기 문제,11
학생272 ,-ObjT9yG4OI3zPTE1DA-,girl,3학년,자살 시도,0,자살 및 위기 문제,11
학생272 ,-ObjT9yG4OI3zPTE1DA-,girl,3학년,빈번한 거짓말,0,외현화 문제,11
학생272 ,-ObjT9yG4OI3zPTE1DA-,girl,3학년,또래 갈등,0,외현화 문제,11
학생272 ,-ObjT9yG4OI3zPTE1DA-,girl,3학년,반항 행동,0,외현화 문제,11
학생272 ,-ObjT9yG4OI3zPTE1DA-,girl,3학년,괴롭힘 가해,0,외현화 문제,11
학생272 ,-ObjT9yG4OI3zPTE1DA-,girl,3학년,외상 침습증상,0,심리외상 문제,11
학생272 ,-ObjT9yG4OI3zPTE1DA-,girl,3학년,외상 관련 악몽,0,심리외상 문제,11
학생272 ,-ObjT9yG4OI3zPTE1DA-,girl,3학년,외상 후 고립,0,심리외상 문제,11
학생272 ,-ObjT9yG4OI3zPTE1DA-,girl,3학년,외상 후 과각성,0,심리외상 문제,11
학생272 ,-ObjT9yG4OI3zPTE1DA-,girl,3학년,외상 회피행동,0,심리외상 문제,11
학생272 ,-ObjT9yG4OI3zPTE1DA-,girl,3학년,흡연 문제,0,외현화 문제,11
학생272 ,-ObjT9yG4OI3zPTE1DA-,girl,3학년,음주 문제,0,외현화 문제,11
학생272 ,-ObjT9yG4OI3zPTE1DA-,girl,3학년,적응력 저하,0,학교생활적응 문제,11
학생272 ,-ObjT9yG4OI3zPTE1DA-,girl,3학년,분리 불안,0,학교생활적응 문제,11
학생272 ,-ObjT9yG4OI3zPTE1DA-,girl,3학년,학습 어려움,0,학교생활적응 문제,11
학생272 ,-ObjT9yG4OI3zPTE1DA-,girl,3학년,재산 관련 비행,0,외현화 문제,11
학생272 ,-ObjT9yG4OI3zPTE1DA-,girl,3학년,게임 과몰입,0,외현화 문제,11
학생272 ,-ObjT9yG4OI3zPTE1DA-,girl,3학년,관계 형성 곤란,0,학교생활적응 문제,11
학생272 ,-ObjT9yG4OI3zPTE1DA-,girl,3학년,등교 거부,0,학교생활적응 문제,11
학생272 ,-ObjT9yG4OI3zPTE1DA-,girl,3학년,괴롭힘 피해,0,심리외상 문제,11
학생272 ,-ObjT9yG4OI3zPTE1DA-,girl,3학년,따돌림 피해,0,심리외상 문제,11
학생273 ,-ObjTCnWxlWn-Pkgo-hF,boy,2학년,사회적 긴장,1,불안 및 우울 문제,25
학생273 ,-ObjTCnWxlWn-Pkgo-hF,boy,2학년,감정 기복,2,불안 및 우울 문제,25
학생273 ,-ObjTCnWxlWn-Pkgo-hF,boy,2학년,과도한 죄책감,1,불안 및 우울 문제,25
학생273 ,-ObjTCnWxlWn-Pkgo-hF,boy,2학년,과민성/짜증,1,불안 및 우울 문제,25
학생273 ,-ObjTCnWxlWn-Pkgo-hF,boy,2학년,낮은 자존감,0,학교생활적응 문제,25
학생273 ,-ObjTCnWxlWn-Pkgo-hF,boy,2학년,무기력/피로,1,불안 및 우울 문제,25
학생273 ,-ObjTCnWxlWn-Pkgo-hF,boy,2학년,예기 불안,2,불안 및 우울 문제,25
학생273 ,-ObjTCnWxlWn-Pkgo-hF,boy,2학년,과도한 불안,2,불안 및 우울 문제,25
학생273 ,-ObjTCnWxlWn-Pkgo-hF,boy,2학년,우울 증상,2,불안 및 우울 문제,25
학생273 ,-ObjTCnWxlWn-Pkgo-hF,boy,2학년,수면 문제,2,학교생활적응 문제,25
학생273 ,-ObjTCnWxlWn-Pkgo-hF,boy,2학년,자살 사고,0,자살 및 위기 문제,25
학생273 ,-ObjTCnWxlWn-Pkgo-hF,boy,2학년,자해 행동,0,자살 및 위기 문제,25
학생273 ,-ObjTCnWxlWn-Pkgo-hF,boy,2학년,자살 계획,0,자살 및 위기 문제,25
학생273 ,-ObjTCnWxlWn-Pkgo-hF,boy,2학년,심각한 자살사고,0,자살 및 위기 문제,25
학생273 ,-ObjTCnWxlWn-Pkgo-hF,boy,2학년,절망감,0,자살 및 위기 문제,25
학생273 ,-ObjTCnWxlWn-Pkgo-hF,boy,2학년,자살 시도,0,자살 및 위기 문제,25
학생273 ,-ObjTCnWxlWn-Pkgo-hF,boy,2학년,빈번한 거짓말,1,외현화 문제,25
학생273 ,-ObjTCnWxlWn-Pkgo-hF,boy,2학년,또래 갈등,0,외현화 문제,25
학생273 ,-ObjTCnWxlWn-Pkgo-hF,boy,2학년,반항 행동,0,외현화 문제,25
학생273 ,-ObjTCnWxlWn-Pkgo-hF,boy,2학년,괴롭힘 가해,0,외현화 문제,25
학생273 ,-ObjTCnWxlWn-Pkgo-hF,boy,2학년,외상 침습증상,2,심리외상 문제,25
학생273 ,-ObjTCnWxlWn-Pkgo-hF,boy,2학년,외상 관련 악몽,2,심리외상 문제,25
학생273 ,-ObjTCnWxlWn-Pkgo-hF,boy,2학년,외상 후 고립,1,심리외상 문제,25
학생273 ,-ObjTCnWxlWn-Pkgo-hF,boy,2학년,외상 후 과각성,1,심리외상 문제,25
학생273 ,-ObjTCnWxlWn-Pkgo-hF,boy,2학년,외상 회피행동,1,심리외상 문제,25
학생273 ,-ObjTCnWxlWn-Pkgo-hF,boy,2학년,흡연 문제,0,외현화 문제,25
학생273 ,-ObjTCnWxlWn-Pkgo-hF,boy,2학년,음주 문제,0,외현화 문제,25
학생273 ,-ObjTCnWxlWn-Pkgo-hF,boy,2학년,적응력 저하,0,학교생활적응 문제,25
학생273 ,-ObjTCnWxlWn-Pkgo-hF,boy,2학년,분리 불안,0,학교생활적응 문제,25
학생273 ,-ObjTCnWxlWn-Pkgo-hF,boy,2학년,학습 어려움,2,학교생활적응 문제,25
학생273 ,-ObjTCnWxlWn-Pkgo-hF,boy,2학년,재산 관련 비행,1,외현화 문제,25
학생273 ,-ObjTCnWxlWn-Pkgo-hF,boy,2학년,게임 과몰입,0,외현화 문제,25
학생273 ,-ObjTCnWxlWn-Pkgo-hF,boy,2학년,관계 형성 곤란,0,학교생활적응 문제,25
학생273 ,-ObjTCnWxlWn-Pkgo-hF,boy,2학년,등교 거부,0,학교생활적응 문제,25
학생273 ,-ObjTCnWxlWn-Pkgo-hF,boy,2학년,괴롭힘 피해,0,심리외상 문제,25
학생273 ,-ObjTCnWxlWn-Pkgo-hF,boy,2학년,따돌림 피해,0,심리외상 문제,25
학생274 ,-ObjTERH4VSBhpmdSWSK,boy,2학년,사회적 긴장,0,불안 및 우울 문제,3
학생274 ,-ObjTERH4VSBhpmdSWSK,boy,2학년,감정 기복,0,불안 및 우울 문제,3
학생274 ,-ObjTERH4VSBhpmdSWSK,boy,2학년,과도한 죄책감,0,불안 및 우울 문제,3
학생274 ,-ObjTERH4VSBhpmdSWSK,boy,2학년,과민성/짜증,0,불안 및 우울 문제,3
학생274 ,-ObjTERH4VSBhpmdSWSK,boy,2학년,낮은 자존감,0,학교생활적응 문제,3
학생274 ,-ObjTERH4VSBhpmdSWSK,boy,2학년,무기력/피로,0,불안 및 우울 문제,3
학생274 ,-ObjTERH4VSBhpmdSWSK,boy,2학년,예기 불안,0,불안 및 우울 문제,3
학생274 ,-ObjTERH4VSBhpmdSWSK,boy,2학년,과도한 불안,0,불안 및 우울 문제,3
학생274 ,-ObjTERH4VSBhpmdSWSK,boy,2학년,우울 증상,0,불안 및 우울 문제,3
학생274 ,-ObjTERH4VSBhpmdSWSK,boy,2학년,수면 문제,2,학교생활적응 문제,3
학생274 ,-ObjTERH4VSBhpmdSWSK,boy,2학년,자살 사고,0,자살 및 위기 문제,3
학생274 ,-ObjTERH4VSBhpmdSWSK,boy,2학년,자해 행동,0,자살 및 위기 문제,3
학생274 ,-ObjTERH4VSBhpmdSWSK,boy,2학년,자살 계획,0,자살 및 위기 문제,3
학생274 ,-ObjTERH4VSBhpmdSWSK,boy,2학년,심각한 자살사고,0,자살 및 위기 문제,3
학생274 ,-ObjTERH4VSBhpmdSWSK,boy,2학년,절망감,0,자살 및 위기 문제,3
학생274 ,-ObjTERH4VSBhpmdSWSK,boy,2학년,자살 시도,0,자살 및 위기 문제,3
학생274 ,-ObjTERH4VSBhpmdSWSK,boy,2학년,빈번한 거짓말,1,외현화 문제,3
학생274 ,-ObjTERH4VSBhpmdSWSK,boy,2학년,또래 갈등,0,외현화 문제,3
학생274 ,-ObjTERH4VSBhpmdSWSK,boy,2학년,반항 행동,0,외현화 문제,3
학생274 ,-ObjTERH4VSBhpmdSWSK,boy,2학년,괴롭힘 가해,0,외현화 문제,3
학생274 ,-ObjTERH4VSBhpmdSWSK,boy,2학년,외상 침습증상,0,심리외상 문제,3
학생274 ,-ObjTERH4VSBhpmdSWSK,boy,2학년,외상 관련 악몽,0,심리외상 문제,3
학생274 ,-ObjTERH4VSBhpmdSWSK,boy,2학년,외상 후 고립,0,심리외상 문제,3
학생274 ,-ObjTERH4VSBhpmdSWSK,boy,2학년,외상 후 과각성,0,심리외상 문제,3
학생274 ,-ObjTERH4VSBhpmdSWSK,boy,2학년,외상 회피행동,0,심리외상 문제,3
학생274 ,-ObjTERH4VSBhpmdSWSK,boy,2학년,흡연 문제,0,외현화 문제,3
학생274 ,-ObjTERH4VSBhpmdSWSK,boy,2학년,음주 문제,0,외현화 문제,3
학생274 ,-ObjTERH4VSBhpmdSWSK,boy,2학년,적응력 저하,0,학교생활적응 문제,3
학생274 ,-ObjTERH4VSBhpmdSWSK,boy,2학년,분리 불안,0,학교생활적응 문제,3
학생274 ,-ObjTERH4VSBhpmdSWSK,boy,2학년,학습 어려움,0,학교생활적응 문제,3
학생274 ,-ObjTERH4VSBhpmdSWSK,boy,2학년,재산 관련 비행,0,외현화 문제,3
학생274 ,-ObjTERH4VSBhpmdSWSK,boy,2학년,게임 과몰입,0,외현화 문제,3
학생274 ,-ObjTERH4VSBhpmdSWSK,boy,2학년,관계 형성 곤란,0,학교생활적응 문제,3
학생274 ,-ObjTERH4VSBhpmdSWSK,boy,2학년,등교 거부,0,학교생활적응 문제,3
학생274 ,-ObjTERH4VSBhpmdSWSK,boy,2학년,괴롭힘 피해,0,심리외상 문제,3
학생274 ,-ObjTERH4VSBhpmdSWSK,boy,2학년,따돌림 피해,0,심리외상 문제,3
학생275 ,-ObjTGKvqw3vMToER99C,girl,2학년,사회적 긴장,0,불안 및 우울 문제,6
학생275 ,-ObjTGKvqw3vMToER99C,girl,2학년,감정 기복,0,불안 및 우울 문제,6
학생275 ,-ObjTGKvqw3vMToER99C,girl,2학년,과도한 죄책감,1,불안 및 우울 문제,6
학생275 ,-ObjTGKvqw3vMToER99C,girl,2학년,과민성/짜증,2,불안 및 우울 문제,6
학생275 ,-ObjTGKvqw3vMToER99C,girl,2학년,낮은 자존감,0,학교생활적응 문제,6
학생275 ,-ObjTGKvqw3vMToER99C,girl,2학년,무기력/피로,0,불안 및 우울 문제,6
학생275 ,-ObjTGKvqw3vMToER99C,girl,2학년,예기 불안,1,불안 및 우울 문제,6
학생275 ,-ObjTGKvqw3vMToER99C,girl,2학년,과도한 불안,1,불안 및 우울 문제,6
학생275 ,-ObjTGKvqw3vMToER99C,girl,2학년,우울 증상,0,불안 및 우울 문제,6
학생275 ,-ObjTGKvqw3vMToER99C,girl,2학년,수면 문제,1,학교생활적응 문제,6
학생275 ,-ObjTGKvqw3vMToER99C,girl,2학년,자살 사고,0,자살 및 위기 문제,6
학생275 ,-ObjTGKvqw3vMToER99C,girl,2학년,자해 행동,0,자살 및 위기 문제,6
학생275 ,-ObjTGKvqw3vMToER99C,girl,2학년,자살 계획,0,자살 및 위기 문제,6
학생275 ,-ObjTGKvqw3vMToER99C,girl,2학년,심각한 자살사고,0,자살 및 위기 문제,6
학생275 ,-ObjTGKvqw3vMToER99C,girl,2학년,절망감,0,자살 및 위기 문제,6
학생275 ,-ObjTGKvqw3vMToER99C,girl,2학년,자살 시도,0,자살 및 위기 문제,6
학생275 ,-ObjTGKvqw3vMToER99C,girl,2학년,빈번한 거짓말,0,외현화 문제,6
학생275 ,-ObjTGKvqw3vMToER99C,girl,2학년,또래 갈등,0,외현화 문제,6
학생275 ,-ObjTGKvqw3vMToER99C,girl,2학년,반항 행동,0,외현화 문제,6
학생275 ,-ObjTGKvqw3vMToER99C,girl,2학년,괴롭힘 가해,0,외현화 문제,6
학생275 ,-ObjTGKvqw3vMToER99C,girl,2학년,외상 침습증상,0,심리외상 문제,6
학생275 ,-ObjTGKvqw3vMToER99C,girl,2학년,외상 관련 악몽,0,심리외상 문제,6
학생275 ,-ObjTGKvqw3vMToER99C,girl,2학년,외상 후 고립,0,심리외상 문제,6
학생275 ,-ObjTGKvqw3vMToER99C,girl,2학년,외상 후 과각성,0,심리외상 문제,6
학생275 ,-ObjTGKvqw3vMToER99C,girl,2학년,외상 회피행동,0,심리외상 문제,6
학생275 ,-ObjTGKvqw3vMToER99C,girl,2학년,흡연 문제,0,외현화 문제,6
학생275 ,-ObjTGKvqw3vMToER99C,girl,2학년,음주 문제,0,외현화 문제,6
학생275 ,-ObjTGKvqw3vMToER99C,girl,2학년,적응력 저하,0,학교생활적응 문제,6
학생275 ,-ObjTGKvqw3vMToER99C,girl,2학년,분리 불안,0,학교생활적응 문제,6
학생275 ,-ObjTGKvqw3vMToER99C,girl,2학년,학습 어려움,0,학교생활적응 문제,6
학생275 ,-ObjTGKvqw3vMToER99C,girl,2학년,재산 관련 비행,0,외현화 문제,6
학생275 ,-ObjTGKvqw3vMToER99C,girl,2학년,게임 과몰입,0,외현화 문제,6
학생275 ,-ObjTGKvqw3vMToER99C,girl,2학년,관계 형성 곤란,0,학교생활적응 문제,6
학생275 ,-ObjTGKvqw3vMToER99C,girl,2학년,등교 거부,0,학교생활적응 문제,6
학생275 ,-ObjTGKvqw3vMToER99C,girl,2학년,괴롭힘 피해,0,심리외상 문제,6
학생275 ,-ObjTGKvqw3vMToER99C,girl,2학년,따돌림 피해,0,심리외상 문제,6
학생276 ,-ObjTKN3EHFpQRuEmYPt,boy,2학년,사회적 긴장,0,불안 및 우울 문제,2
학생276 ,-ObjTKN3EHFpQRuEmYPt,boy,2학년,감정 기복,0,불안 및 우울 문제,2
학생276 ,-ObjTKN3EHFpQRuEmYPt,boy,2학년,과도한 죄책감,0,불안 및 우울 문제,2
학생276 ,-ObjTKN3EHFpQRuEmYPt,boy,2학년,과민성/짜증,0,불안 및 우울 문제,2
학생276 ,-ObjTKN3EHFpQRuEmYPt,boy,2학년,낮은 자존감,1,학교생활적응 문제,2
학생276 ,-ObjTKN3EHFpQRuEmYPt,boy,2학년,무기력/피로,0,불안 및 우울 문제,2
학생276 ,-ObjTKN3EHFpQRuEmYPt,boy,2학년,예기 불안,1,불안 및 우울 문제,2
학생276 ,-ObjTKN3EHFpQRuEmYPt,boy,2학년,과도한 불안,0,불안 및 우울 문제,2
학생276 ,-ObjTKN3EHFpQRuEmYPt,boy,2학년,우울 증상,0,불안 및 우울 문제,2
학생276 ,-ObjTKN3EHFpQRuEmYPt,boy,2학년,수면 문제,0,학교생활적응 문제,2
학생276 ,-ObjTKN3EHFpQRuEmYPt,boy,2학년,자살 사고,0,자살 및 위기 문제,2
학생276 ,-ObjTKN3EHFpQRuEmYPt,boy,2학년,자해 행동,0,자살 및 위기 문제,2
학생276 ,-ObjTKN3EHFpQRuEmYPt,boy,2학년,자살 계획,0,자살 및 위기 문제,2
학생276 ,-ObjTKN3EHFpQRuEmYPt,boy,2학년,심각한 자살사고,0,자살 및 위기 문제,2
학생276 ,-ObjTKN3EHFpQRuEmYPt,boy,2학년,절망감,0,자살 및 위기 문제,2
학생276 ,-ObjTKN3EHFpQRuEmYPt,boy,2학년,자살 시도,0,자살 및 위기 문제,2
학생276 ,-ObjTKN3EHFpQRuEmYPt,boy,2학년,빈번한 거짓말,0,외현화 문제,2
학생276 ,-ObjTKN3EHFpQRuEmYPt,boy,2학년,또래 갈등,0,외현화 문제,2
학생276 ,-ObjTKN3EHFpQRuEmYPt,boy,2학년,반항 행동,0,외현화 문제,2
학생276 ,-ObjTKN3EHFpQRuEmYPt,boy,2학년,괴롭힘 가해,0,외현화 문제,2
학생276 ,-ObjTKN3EHFpQRuEmYPt,boy,2학년,외상 침습증상,0,심리외상 문제,2
학생276 ,-ObjTKN3EHFpQRuEmYPt,boy,2학년,외상 관련 악몽,0,심리외상 문제,2
학생276 ,-ObjTKN3EHFpQRuEmYPt,boy,2학년,외상 후 고립,0,심리외상 문제,2
학생276 ,-ObjTKN3EHFpQRuEmYPt,boy,2학년,외상 후 과각성,0,심리외상 문제,2
학생276 ,-ObjTKN3EHFpQRuEmYPt,boy,2학년,외상 회피행동,0,심리외상 문제,2
학생276 ,-ObjTKN3EHFpQRuEmYPt,boy,2학년,흡연 문제,0,외현화 문제,2
학생276 ,-ObjTKN3EHFpQRuEmYPt,boy,2학년,음주 문제,0,외현화 문제,2
학생276 ,-ObjTKN3EHFpQRuEmYPt,boy,2학년,적응력 저하,0,학교생활적응 문제,2
학생276 ,-ObjTKN3EHFpQRuEmYPt,boy,2학년,분리 불안,0,학교생활적응 문제,2
학생276 ,-ObjTKN3EHFpQRuEmYPt,boy,2학년,학습 어려움,0,학교생활적응 문제,2
학생276 ,-ObjTKN3EHFpQRuEmYPt,boy,2학년,재산 관련 비행,0,외현화 문제,2
학생276 ,-ObjTKN3EHFpQRuEmYPt,boy,2학년,게임 과몰입,0,외현화 문제,2
학생276 ,-ObjTKN3EHFpQRuEmYPt,boy,2학년,관계 형성 곤란,0,학교생활적응 문제,2
학생276 ,-ObjTKN3EHFpQRuEmYPt,boy,2학년,등교 거부,0,학교생활적응 문제,2
학생276 ,-ObjTKN3EHFpQRuEmYPt,boy,2학년,괴롭힘 피해,0,심리외상 문제,2
학생276 ,-ObjTKN3EHFpQRuEmYPt,boy,2학년,따돌림 피해,0,심리외상 문제,2
학생277 ,-ObjTPiOOH-DvNQYTqzv,boy,3학년,사회적 긴장,1,불안 및 우울 문제,12
학생277 ,-ObjTPiOOH-DvNQYTqzv,boy,3학년,감정 기복,1,불안 및 우울 문제,12
학생277 ,-ObjTPiOOH-DvNQYTqzv,boy,3학년,과도한 죄책감,0,불안 및 우울 문제,12
학생277 ,-ObjTPiOOH-DvNQYTqzv,boy,3학년,과민성/짜증,1,불안 및 우울 문제,12
학생277 ,-ObjTPiOOH-DvNQYTqzv,boy,3학년,낮은 자존감,1,학교생활적응 문제,12
학생277 ,-ObjTPiOOH-DvNQYTqzv,boy,3학년,무기력/피로,1,불안 및 우울 문제,12
학생277 ,-ObjTPiOOH-DvNQYTqzv,boy,3학년,예기 불안,3,불안 및 우울 문제,12
학생277 ,-ObjTPiOOH-DvNQYTqzv,boy,3학년,과도한 불안,1,불안 및 우울 문제,12
학생277 ,-ObjTPiOOH-DvNQYTqzv,boy,3학년,우울 증상,1,불안 및 우울 문제,12
학생277 ,-ObjTPiOOH-DvNQYTqzv,boy,3학년,수면 문제,2,학교생활적응 문제,12
학생277 ,-ObjTPiOOH-DvNQYTqzv,boy,3학년,자살 사고,0,자살 및 위기 문제,12
학생277 ,-ObjTPiOOH-DvNQYTqzv,boy,3학년,자해 행동,0,자살 및 위기 문제,12
학생277 ,-ObjTPiOOH-DvNQYTqzv,boy,3학년,자살 계획,0,자살 및 위기 문제,12
학생277 ,-ObjTPiOOH-DvNQYTqzv,boy,3학년,심각한 자살사고,0,자살 및 위기 문제,12
학생277 ,-ObjTPiOOH-DvNQYTqzv,boy,3학년,절망감,0,자살 및 위기 문제,12
학생277 ,-ObjTPiOOH-DvNQYTqzv,boy,3학년,자살 시도,0,자살 및 위기 문제,12
학생277 ,-ObjTPiOOH-DvNQYTqzv,boy,3학년,빈번한 거짓말,0,외현화 문제,12
학생277 ,-ObjTPiOOH-DvNQYTqzv,boy,3학년,또래 갈등,0,외현화 문제,12
학생277 ,-ObjTPiOOH-DvNQYTqzv,boy,3학년,반항 행동,0,외현화 문제,12
학생277 ,-ObjTPiOOH-DvNQYTqzv,boy,3학년,괴롭힘 가해,0,외현화 문제,12
학생277 ,-ObjTPiOOH-DvNQYTqzv,boy,3학년,외상 침습증상,0,심리외상 문제,12
학생277 ,-ObjTPiOOH-DvNQYTqzv,boy,3학년,외상 관련 악몽,0,심리외상 문제,12
학생277 ,-ObjTPiOOH-DvNQYTqzv,boy,3학년,외상 후 고립,0,심리외상 문제,12
학생277 ,-ObjTPiOOH-DvNQYTqzv,boy,3학년,외상 후 과각성,0,심리외상 문제,12
학생277 ,-ObjTPiOOH-DvNQYTqzv,boy,3학년,외상 회피행동,0,심리외상 문제,12
학생277 ,-ObjTPiOOH-DvNQYTqzv,boy,3학년,흡연 문제,0,외현화 문제,12
학생277 ,-ObjTPiOOH-DvNQYTqzv,boy,3학년,음주 문제,0,외현화 문제,12
학생277 ,-ObjTPiOOH-DvNQYTqzv,boy,3학년,적응력 저하,0,학교생활적응 문제,12
학생277 ,-ObjTPiOOH-DvNQYTqzv,boy,3학년,분리 불안,0,학교생활적응 문제,12
학생277 ,-ObjTPiOOH-DvNQYTqzv,boy,3학년,학습 어려움,0,학교생활적응 문제,12
학생277 ,-ObjTPiOOH-DvNQYTqzv,boy,3학년,재산 관련 비행,0,외현화 문제,12
학생277 ,-ObjTPiOOH-DvNQYTqzv,boy,3학년,게임 과몰입,0,외현화 문제,12
학생277 ,-ObjTPiOOH-DvNQYTqzv,boy,3학년,관계 형성 곤란,0,학교생활적응 문제,12
학생277 ,-ObjTPiOOH-DvNQYTqzv,boy,3학년,등교 거부,0,학교생활적응 문제,12
학생277 ,-ObjTPiOOH-DvNQYTqzv,boy,3학년,괴롭힘 피해,0,심리외상 문제,12
학생277 ,-ObjTPiOOH-DvNQYTqzv,boy,3학년,따돌림 피해,0,심리외상 문제,12
학생278 ,-ObjTRXXWi7n-WlVCbAe,boy,3학년,사회적 긴장,1,불안 및 우울 문제,12
학생278 ,-ObjTRXXWi7n-WlVCbAe,boy,3학년,감정 기복,0,불안 및 우울 문제,12
학생278 ,-ObjTRXXWi7n-WlVCbAe,boy,3학년,과도한 죄책감,0,불안 및 우울 문제,12
학생278 ,-ObjTRXXWi7n-WlVCbAe,boy,3학년,과민성/짜증,1,불안 및 우울 문제,12
학생278 ,-ObjTRXXWi7n-WlVCbAe,boy,3학년,낮은 자존감,2,학교생활적응 문제,12
학생278 ,-ObjTRXXWi7n-WlVCbAe,boy,3학년,무기력/피로,2,불안 및 우울 문제,12
학생278 ,-ObjTRXXWi7n-WlVCbAe,boy,3학년,예기 불안,1,불안 및 우울 문제,12
학생278 ,-ObjTRXXWi7n-WlVCbAe,boy,3학년,과도한 불안,1,불안 및 우울 문제,12
학생278 ,-ObjTRXXWi7n-WlVCbAe,boy,3학년,우울 증상,0,불안 및 우울 문제,12
학생278 ,-ObjTRXXWi7n-WlVCbAe,boy,3학년,수면 문제,0,학교생활적응 문제,12
학생278 ,-ObjTRXXWi7n-WlVCbAe,boy,3학년,자살 사고,0,자살 및 위기 문제,12
학생278 ,-ObjTRXXWi7n-WlVCbAe,boy,3학년,자해 행동,0,자살 및 위기 문제,12
학생278 ,-ObjTRXXWi7n-WlVCbAe,boy,3학년,자살 계획,0,자살 및 위기 문제,12
학생278 ,-ObjTRXXWi7n-WlVCbAe,boy,3학년,심각한 자살사고,0,자살 및 위기 문제,12
학생278 ,-ObjTRXXWi7n-WlVCbAe,boy,3학년,절망감,0,자살 및 위기 문제,12
학생278 ,-ObjTRXXWi7n-WlVCbAe,boy,3학년,자살 시도,0,자살 및 위기 문제,12
학생278 ,-ObjTRXXWi7n-WlVCbAe,boy,3학년,빈번한 거짓말,1,외현화 문제,12
학생278 ,-ObjTRXXWi7n-WlVCbAe,boy,3학년,또래 갈등,0,외현화 문제,12
학생278 ,-ObjTRXXWi7n-WlVCbAe,boy,3학년,반항 행동,0,외현화 문제,12
학생278 ,-ObjTRXXWi7n-WlVCbAe,boy,3학년,괴롭힘 가해,0,외현화 문제,12
학생278 ,-ObjTRXXWi7n-WlVCbAe,boy,3학년,외상 침습증상,0,심리외상 문제,12
학생278 ,-ObjTRXXWi7n-WlVCbAe,boy,3학년,외상 관련 악몽,0,심리외상 문제,12
학생278 ,-ObjTRXXWi7n-WlVCbAe,boy,3학년,외상 후 고립,0,심리외상 문제,12
학생278 ,-ObjTRXXWi7n-WlVCbAe,boy,3학년,외상 후 과각성,0,심리외상 문제,12
학생278 ,-ObjTRXXWi7n-WlVCbAe,boy,3학년,외상 회피행동,0,심리외상 문제,12
학생278 ,-ObjTRXXWi7n-WlVCbAe,boy,3학년,흡연 문제,0,외현화 문제,12
학생278 ,-ObjTRXXWi7n-WlVCbAe,boy,3학년,음주 문제,0,외현화 문제,12
학생278 ,-ObjTRXXWi7n-WlVCbAe,boy,3학년,적응력 저하,1,학교생활적응 문제,12
학생278 ,-ObjTRXXWi7n-WlVCbAe,boy,3학년,분리 불안,0,학교생활적응 문제,12
학생278 ,-ObjTRXXWi7n-WlVCbAe,boy,3학년,학습 어려움,1,학교생활적응 문제,12
학생278 ,-ObjTRXXWi7n-WlVCbAe,boy,3학년,재산 관련 비행,0,외현화 문제,12
학생278 ,-ObjTRXXWi7n-WlVCbAe,boy,3학년,게임 과몰입,1,외현화 문제,12
학생278 ,-ObjTRXXWi7n-WlVCbAe,boy,3학년,관계 형성 곤란,0,학교생활적응 문제,12
학생278 ,-ObjTRXXWi7n-WlVCbAe,boy,3학년,등교 거부,0,학교생활적응 문제,12
학생278 ,-ObjTRXXWi7n-WlVCbAe,boy,3학년,괴롭힘 피해,0,심리외상 문제,12
학생278 ,-ObjTRXXWi7n-WlVCbAe,boy,3학년,따돌림 피해,0,심리외상 문제,12
학생279 ,-ObjTTwKpYzewDobu2zp,boy,2학년,사회적 긴장,0,불안 및 우울 문제,8
학생279 ,-ObjTTwKpYzewDobu2zp,boy,2학년,감정 기복,0,불안 및 우울 문제,8
학생279 ,-ObjTTwKpYzewDobu2zp,boy,2학년,과도한 죄책감,0,불안 및 우울 문제,8
학생279 ,-ObjTTwKpYzewDobu2zp,boy,2학년,과민성/짜증,0,불안 및 우울 문제,8
학생279 ,-ObjTTwKpYzewDobu2zp,boy,2학년,낮은 자존감,1,학교생활적응 문제,8
학생279 ,-ObjTTwKpYzewDobu2zp,boy,2학년,무기력/피로,0,불안 및 우울 문제,8
학생279 ,-ObjTTwKpYzewDobu2zp,boy,2학년,예기 불안,3,불안 및 우울 문제,8
학생279 ,-ObjTTwKpYzewDobu2zp,boy,2학년,과도한 불안,0,불안 및 우울 문제,8
학생279 ,-ObjTTwKpYzewDobu2zp,boy,2학년,우울 증상,0,불안 및 우울 문제,8
학생279 ,-ObjTTwKpYzewDobu2zp,boy,2학년,수면 문제,2,학교생활적응 문제,8
학생279 ,-ObjTTwKpYzewDobu2zp,boy,2학년,자살 사고,0,자살 및 위기 문제,8
학생279 ,-ObjTTwKpYzewDobu2zp,boy,2학년,자해 행동,0,자살 및 위기 문제,8
학생279 ,-ObjTTwKpYzewDobu2zp,boy,2학년,자살 계획,0,자살 및 위기 문제,8
학생279 ,-ObjTTwKpYzewDobu2zp,boy,2학년,심각한 자살사고,0,자살 및 위기 문제,8
학생279 ,-ObjTTwKpYzewDobu2zp,boy,2학년,절망감,0,자살 및 위기 문제,8
학생279 ,-ObjTTwKpYzewDobu2zp,boy,2학년,자살 시도,0,자살 및 위기 문제,8
학생279 ,-ObjTTwKpYzewDobu2zp,boy,2학년,빈번한 거짓말,0,외현화 문제,8
학생279 ,-ObjTTwKpYzewDobu2zp,boy,2학년,또래 갈등,0,외현화 문제,8
학생279 ,-ObjTTwKpYzewDobu2zp,boy,2학년,반항 행동,0,외현화 문제,8
학생279 ,-ObjTTwKpYzewDobu2zp,boy,2학년,괴롭힘 가해,0,외현화 문제,8
학생279 ,-ObjTTwKpYzewDobu2zp,boy,2학년,외상 침습증상,0,심리외상 문제,8
학생279 ,-ObjTTwKpYzewDobu2zp,boy,2학년,외상 관련 악몽,0,심리외상 문제,8
학생279 ,-ObjTTwKpYzewDobu2zp,boy,2학년,외상 후 고립,0,심리외상 문제,8
학생279 ,-ObjTTwKpYzewDobu2zp,boy,2학년,외상 후 과각성,0,심리외상 문제,8
학생279 ,-ObjTTwKpYzewDobu2zp,boy,2학년,외상 회피행동,0,심리외상 문제,8
학생279 ,-ObjTTwKpYzewDobu2zp,boy,2학년,흡연 문제,0,외현화 문제,8
학생279 ,-ObjTTwKpYzewDobu2zp,boy,2학년,음주 문제,0,외현화 문제,8
학생279 ,-ObjTTwKpYzewDobu2zp,boy,2학년,적응력 저하,0,학교생활적응 문제,8
학생279 ,-ObjTTwKpYzewDobu2zp,boy,2학년,분리 불안,0,학교생활적응 문제,8
학생279 ,-ObjTTwKpYzewDobu2zp,boy,2학년,학습 어려움,2,학교생활적응 문제,8
학생279 ,-ObjTTwKpYzewDobu2zp,boy,2학년,재산 관련 비행,0,외현화 문제,8
학생279 ,-ObjTTwKpYzewDobu2zp,boy,2학년,게임 과몰입,0,외현화 문제,8
학생279 ,-ObjTTwKpYzewDobu2zp,boy,2학년,관계 형성 곤란,0,학교생활적응 문제,8
학생279 ,-ObjTTwKpYzewDobu2zp,boy,2학년,등교 거부,0,학교생활적응 문제,8
학생279 ,-ObjTTwKpYzewDobu2zp,boy,2학년,괴롭힘 피해,0,심리외상 문제,8
학생279 ,-ObjTTwKpYzewDobu2zp,boy,2학년,따돌림 피해,0,심리외상 문제,8
학생28 ,-ObjRQVOusJLGDWzC3NC,boy,1학년,사회적 긴장,0,불안 및 우울 문제,7
학생28 ,-ObjRQVOusJLGDWzC3NC,boy,1학년,감정 기복,1,불안 및 우울 문제,7
학생28 ,-ObjRQVOusJLGDWzC3NC,boy,1학년,과도한 죄책감,1,불안 및 우울 문제,7
학생28 ,-ObjRQVOusJLGDWzC3NC,boy,1학년,과민성/짜증,1,불안 및 우울 문제,7
학생28 ,-ObjRQVOusJLGDWzC3NC,boy,1학년,낮은 자존감,1,학교생활적응 문제,7
학생28 ,-ObjRQVOusJLGDWzC3NC,boy,1학년,무기력/피로,0,불안 및 우울 문제,7
학생28 ,-ObjRQVOusJLGDWzC3NC,boy,1학년,예기 불안,2,불안 및 우울 문제,7
학생28 ,-ObjRQVOusJLGDWzC3NC,boy,1학년,과도한 불안,1,불안 및 우울 문제,7
학생28 ,-ObjRQVOusJLGDWzC3NC,boy,1학년,우울 증상,0,불안 및 우울 문제,7
학생28 ,-ObjRQVOusJLGDWzC3NC,boy,1학년,수면 문제,0,학교생활적응 문제,7
학생28 ,-ObjRQVOusJLGDWzC3NC,boy,1학년,자살 사고,0,자살 및 위기 문제,7
학생28 ,-ObjRQVOusJLGDWzC3NC,boy,1학년,자해 행동,0,자살 및 위기 문제,7
학생28 ,-ObjRQVOusJLGDWzC3NC,boy,1학년,자살 계획,0,자살 및 위기 문제,7
학생28 ,-ObjRQVOusJLGDWzC3NC,boy,1학년,심각한 자살사고,0,자살 및 위기 문제,7
학생28 ,-ObjRQVOusJLGDWzC3NC,boy,1학년,절망감,0,자살 및 위기 문제,7
학생28 ,-ObjRQVOusJLGDWzC3NC,boy,1학년,자살 시도,0,자살 및 위기 문제,7
학생28 ,-ObjRQVOusJLGDWzC3NC,boy,1학년,빈번한 거짓말,0,외현화 문제,7
학생28 ,-ObjRQVOusJLGDWzC3NC,boy,1학년,또래 갈등,0,외현화 문제,7
학생28 ,-ObjRQVOusJLGDWzC3NC,boy,1학년,반항 행동,0,외현화 문제,7
학생28 ,-ObjRQVOusJLGDWzC3NC,boy,1학년,괴롭힘 가해,0,외현화 문제,7
학생28 ,-ObjRQVOusJLGDWzC3NC,boy,1학년,외상 침습증상,0,심리외상 문제,7
학생28 ,-ObjRQVOusJLGDWzC3NC,boy,1학년,외상 관련 악몽,0,심리외상 문제,7
학생28 ,-ObjRQVOusJLGDWzC3NC,boy,1학년,외상 후 고립,0,심리외상 문제,7
학생28 ,-ObjRQVOusJLGDWzC3NC,boy,1학년,외상 후 과각성,0,심리외상 문제,7
학생28 ,-ObjRQVOusJLGDWzC3NC,boy,1학년,외상 회피행동,0,심리외상 문제,7
학생28 ,-ObjRQVOusJLGDWzC3NC,boy,1학년,흡연 문제,0,외현화 문제,7
학생28 ,-ObjRQVOusJLGDWzC3NC,boy,1학년,음주 문제,0,외현화 문제,7
학생28 ,-ObjRQVOusJLGDWzC3NC,boy,1학년,적응력 저하,0,학교생활적응 문제,7
학생28 ,-ObjRQVOusJLGDWzC3NC,boy,1학년,분리 불안,0,학교생활적응 문제,7
학생28 ,-ObjRQVOusJLGDWzC3NC,boy,1학년,학습 어려움,0,학교생활적응 문제,7
학생28 ,-ObjRQVOusJLGDWzC3NC,boy,1학년,재산 관련 비행,0,외현화 문제,7
학생28 ,-ObjRQVOusJLGDWzC3NC,boy,1학년,게임 과몰입,0,외현화 문제,7
학생28 ,-ObjRQVOusJLGDWzC3NC,boy,1학년,관계 형성 곤란,0,학교생활적응 문제,7
학생28 ,-ObjRQVOusJLGDWzC3NC,boy,1학년,등교 거부,0,학교생활적응 문제,7
학생28 ,-ObjRQVOusJLGDWzC3NC,boy,1학년,괴롭힘 피해,0,심리외상 문제,7
학생28 ,-ObjRQVOusJLGDWzC3NC,boy,1학년,따돌림 피해,0,심리외상 문제,7
학생280 ,-ObjTc8Qhkaix84ianta,boy,1학년,사회적 긴장,1,불안 및 우울 문제,15
학생280 ,-ObjTc8Qhkaix84ianta,boy,1학년,감정 기복,1,불안 및 우울 문제,15
학생280 ,-ObjTc8Qhkaix84ianta,boy,1학년,과도한 죄책감,0,불안 및 우울 문제,15
학생280 ,-ObjTc8Qhkaix84ianta,boy,1학년,과민성/짜증,1,불안 및 우울 문제,15
학생280 ,-ObjTc8Qhkaix84ianta,boy,1학년,낮은 자존감,2,학교생활적응 문제,15
학생280 ,-ObjTc8Qhkaix84ianta,boy,1학년,무기력/피로,1,불안 및 우울 문제,15
학생280 ,-ObjTc8Qhkaix84ianta,boy,1학년,예기 불안,1,불안 및 우울 문제,15
학생280 ,-ObjTc8Qhkaix84ianta,boy,1학년,과도한 불안,1,불안 및 우울 문제,15
학생280 ,-ObjTc8Qhkaix84ianta,boy,1학년,우울 증상,1,불안 및 우울 문제,15
학생280 ,-ObjTc8Qhkaix84ianta,boy,1학년,수면 문제,2,학교생활적응 문제,15
학생280 ,-ObjTc8Qhkaix84ianta,boy,1학년,자살 사고,1,자살 및 위기 문제,15
학생280 ,-ObjTc8Qhkaix84ianta,boy,1학년,자해 행동,0,자살 및 위기 문제,15
학생280 ,-ObjTc8Qhkaix84ianta,boy,1학년,자살 계획,0,자살 및 위기 문제,15
학생280 ,-ObjTc8Qhkaix84ianta,boy,1학년,심각한 자살사고,0,자살 및 위기 문제,15
학생280 ,-ObjTc8Qhkaix84ianta,boy,1학년,절망감,0,자살 및 위기 문제,15
학생280 ,-ObjTc8Qhkaix84ianta,boy,1학년,자살 시도,0,자살 및 위기 문제,15
학생280 ,-ObjTc8Qhkaix84ianta,boy,1학년,빈번한 거짓말,0,외현화 문제,15
학생280 ,-ObjTc8Qhkaix84ianta,boy,1학년,또래 갈등,0,외현화 문제,15
학생280 ,-ObjTc8Qhkaix84ianta,boy,1학년,반항 행동,0,외현화 문제,15
학생280 ,-ObjTc8Qhkaix84ianta,boy,1학년,괴롭힘 가해,0,외현화 문제,15
학생280 ,-ObjTc8Qhkaix84ianta,boy,1학년,외상 침습증상,0,심리외상 문제,15
학생280 ,-ObjTc8Qhkaix84ianta,boy,1학년,외상 관련 악몽,0,심리외상 문제,15
학생280 ,-ObjTc8Qhkaix84ianta,boy,1학년,외상 후 고립,0,심리외상 문제,15
학생280 ,-ObjTc8Qhkaix84ianta,boy,1학년,외상 후 과각성,1,심리외상 문제,15
학생280 ,-ObjTc8Qhkaix84ianta,boy,1학년,외상 회피행동,2,심리외상 문제,15
학생280 ,-ObjTc8Qhkaix84ianta,boy,1학년,흡연 문제,0,외현화 문제,15
학생280 ,-ObjTc8Qhkaix84ianta,boy,1학년,음주 문제,0,외현화 문제,15
학생280 ,-ObjTc8Qhkaix84ianta,boy,1학년,적응력 저하,0,학교생활적응 문제,15
학생280 ,-ObjTc8Qhkaix84ianta,boy,1학년,분리 불안,0,학교생활적응 문제,15
학생280 ,-ObjTc8Qhkaix84ianta,boy,1학년,학습 어려움,0,학교생활적응 문제,15
학생280 ,-ObjTc8Qhkaix84ianta,boy,1학년,재산 관련 비행,0,외현화 문제,15
학생280 ,-ObjTc8Qhkaix84ianta,boy,1학년,게임 과몰입,0,외현화 문제,15
학생280 ,-ObjTc8Qhkaix84ianta,boy,1학년,관계 형성 곤란,0,학교생활적응 문제,15
학생280 ,-ObjTc8Qhkaix84ianta,boy,1학년,등교 거부,0,학교생활적응 문제,15
학생280 ,-ObjTc8Qhkaix84ianta,boy,1학년,괴롭힘 피해,0,심리외상 문제,15
학생280 ,-ObjTc8Qhkaix84ianta,boy,1학년,따돌림 피해,0,심리외상 문제,15
학생281 ,-ObjTd1F33Kd3waxzszH,girl,2학년,사회적 긴장,2,불안 및 우울 문제,29
학생281 ,-ObjTd1F33Kd3waxzszH,girl,2학년,감정 기복,1,불안 및 우울 문제,29
학생281 ,-ObjTd1F33Kd3waxzszH,girl,2학년,과도한 죄책감,2,불안 및 우울 문제,29
학생281 ,-ObjTd1F33Kd3waxzszH,girl,2학년,과민성/짜증,1,불안 및 우울 문제,29
학생281 ,-ObjTd1F33Kd3waxzszH,girl,2학년,낮은 자존감,2,학교생활적응 문제,29
학생281 ,-ObjTd1F33Kd3waxzszH,girl,2학년,무기력/피로,3,불안 및 우울 문제,29
학생281 ,-ObjTd1F33Kd3waxzszH,girl,2학년,예기 불안,3,불안 및 우울 문제,29
학생281 ,-ObjTd1F33Kd3waxzszH,girl,2학년,과도한 불안,1,불안 및 우울 문제,29
학생281 ,-ObjTd1F33Kd3waxzszH,girl,2학년,우울 증상,1,불안 및 우울 문제,29
학생281 ,-ObjTd1F33Kd3waxzszH,girl,2학년,수면 문제,3,학교생활적응 문제,29
학생281 ,-ObjTd1F33Kd3waxzszH,girl,2학년,자살 사고,1,자살 및 위기 문제,29
학생281 ,-ObjTd1F33Kd3waxzszH,girl,2학년,자해 행동,0,자살 및 위기 문제,29
학생281 ,-ObjTd1F33Kd3waxzszH,girl,2학년,자살 계획,0,자살 및 위기 문제,29
학생281 ,-ObjTd1F33Kd3waxzszH,girl,2학년,심각한 자살사고,0,자살 및 위기 문제,29
학생281 ,-ObjTd1F33Kd3waxzszH,girl,2학년,절망감,3,자살 및 위기 문제,29
학생281 ,-ObjTd1F33Kd3waxzszH,girl,2학년,자살 시도,0,자살 및 위기 문제,29
학생281 ,-ObjTd1F33Kd3waxzszH,girl,2학년,빈번한 거짓말,0,외현화 문제,29
학생281 ,-ObjTd1F33Kd3waxzszH,girl,2학년,또래 갈등,0,외현화 문제,29
학생281 ,-ObjTd1F33Kd3waxzszH,girl,2학년,반항 행동,1,외현화 문제,29
학생281 ,-ObjTd1F33Kd3waxzszH,girl,2학년,괴롭힘 가해,0,외현화 문제,29
학생281 ,-ObjTd1F33Kd3waxzszH,girl,2학년,외상 침습증상,1,심리외상 문제,29
학생281 ,-ObjTd1F33Kd3waxzszH,girl,2학년,외상 관련 악몽,0,심리외상 문제,29
학생281 ,-ObjTd1F33Kd3waxzszH,girl,2학년,외상 후 고립,0,심리외상 문제,29
학생281 ,-ObjTd1F33Kd3waxzszH,girl,2학년,외상 후 과각성,0,심리외상 문제,29
학생281 ,-ObjTd1F33Kd3waxzszH,girl,2학년,외상 회피행동,0,심리외상 문제,29
학생281 ,-ObjTd1F33Kd3waxzszH,girl,2학년,흡연 문제,0,외현화 문제,29
학생281 ,-ObjTd1F33Kd3waxzszH,girl,2학년,음주 문제,0,외현화 문제,29
학생281 ,-ObjTd1F33Kd3waxzszH,girl,2학년,적응력 저하,0,학교생활적응 문제,29
학생281 ,-ObjTd1F33Kd3waxzszH,girl,2학년,분리 불안,0,학교생활적응 문제,29
학생281 ,-ObjTd1F33Kd3waxzszH,girl,2학년,학습 어려움,2,학교생활적응 문제,29
학생281 ,-ObjTd1F33Kd3waxzszH,girl,2학년,재산 관련 비행,0,외현화 문제,29
학생281 ,-ObjTd1F33Kd3waxzszH,girl,2학년,게임 과몰입,2,외현화 문제,29
학생281 ,-ObjTd1F33Kd3waxzszH,girl,2학년,관계 형성 곤란,0,학교생활적응 문제,29
학생281 ,-ObjTd1F33Kd3waxzszH,girl,2학년,등교 거부,0,학교생활적응 문제,29
학생281 ,-ObjTd1F33Kd3waxzszH,girl,2학년,괴롭힘 피해,0,심리외상 문제,29
학생281 ,-ObjTd1F33Kd3waxzszH,girl,2학년,따돌림 피해,0,심리외상 문제,29
학생282 ,-ObjTqzR9H9eMVoFo2m4,boy,2학년,사회적 긴장,0,불안 및 우울 문제,11
학생282 ,-ObjTqzR9H9eMVoFo2m4,boy,2학년,감정 기복,1,불안 및 우울 문제,11
학생282 ,-ObjTqzR9H9eMVoFo2m4,boy,2학년,과도한 죄책감,0,불안 및 우울 문제,11
학생282 ,-ObjTqzR9H9eMVoFo2m4,boy,2학년,과민성/짜증,1,불안 및 우울 문제,11
학생282 ,-ObjTqzR9H9eMVoFo2m4,boy,2학년,낮은 자존감,1,학교생활적응 문제,11
학생282 ,-ObjTqzR9H9eMVoFo2m4,boy,2학년,무기력/피로,1,불안 및 우울 문제,11
학생282 ,-ObjTqzR9H9eMVoFo2m4,boy,2학년,예기 불안,0,불안 및 우울 문제,11
학생282 ,-ObjTqzR9H9eMVoFo2m4,boy,2학년,과도한 불안,0,불안 및 우울 문제,11
학생282 ,-ObjTqzR9H9eMVoFo2m4,boy,2학년,우울 증상,0,불안 및 우울 문제,11
학생282 ,-ObjTqzR9H9eMVoFo2m4,boy,2학년,수면 문제,3,학교생활적응 문제,11
학생282 ,-ObjTqzR9H9eMVoFo2m4,boy,2학년,자살 사고,0,자살 및 위기 문제,11
학생282 ,-ObjTqzR9H9eMVoFo2m4,boy,2학년,자해 행동,0,자살 및 위기 문제,11
학생282 ,-ObjTqzR9H9eMVoFo2m4,boy,2학년,자살 계획,0,자살 및 위기 문제,11
학생282 ,-ObjTqzR9H9eMVoFo2m4,boy,2학년,심각한 자살사고,0,자살 및 위기 문제,11
학생282 ,-ObjTqzR9H9eMVoFo2m4,boy,2학년,절망감,1,자살 및 위기 문제,11
학생282 ,-ObjTqzR9H9eMVoFo2m4,boy,2학년,자살 시도,0,자살 및 위기 문제,11
학생282 ,-ObjTqzR9H9eMVoFo2m4,boy,2학년,빈번한 거짓말,0,외현화 문제,11
학생282 ,-ObjTqzR9H9eMVoFo2m4,boy,2학년,또래 갈등,0,외현화 문제,11
학생282 ,-ObjTqzR9H9eMVoFo2m4,boy,2학년,반항 행동,0,외현화 문제,11
학생282 ,-ObjTqzR9H9eMVoFo2m4,boy,2학년,괴롭힘 가해,0,외현화 문제,11
학생282 ,-ObjTqzR9H9eMVoFo2m4,boy,2학년,외상 침습증상,0,심리외상 문제,11
학생282 ,-ObjTqzR9H9eMVoFo2m4,boy,2학년,외상 관련 악몽,0,심리외상 문제,11
학생282 ,-ObjTqzR9H9eMVoFo2m4,boy,2학년,외상 후 고립,0,심리외상 문제,11
학생282 ,-ObjTqzR9H9eMVoFo2m4,boy,2학년,외상 후 과각성,0,심리외상 문제,11
학생282 ,-ObjTqzR9H9eMVoFo2m4,boy,2학년,외상 회피행동,0,심리외상 문제,11
학생282 ,-ObjTqzR9H9eMVoFo2m4,boy,2학년,흡연 문제,0,외현화 문제,11
학생282 ,-ObjTqzR9H9eMVoFo2m4,boy,2학년,음주 문제,0,외현화 문제,11
학생282 ,-ObjTqzR9H9eMVoFo2m4,boy,2학년,적응력 저하,0,학교생활적응 문제,11
학생282 ,-ObjTqzR9H9eMVoFo2m4,boy,2학년,분리 불안,0,학교생활적응 문제,11
학생282 ,-ObjTqzR9H9eMVoFo2m4,boy,2학년,학습 어려움,1,학교생활적응 문제,11
학생282 ,-ObjTqzR9H9eMVoFo2m4,boy,2학년,재산 관련 비행,0,외현화 문제,11
학생282 ,-ObjTqzR9H9eMVoFo2m4,boy,2학년,게임 과몰입,2,외현화 문제,11
학생282 ,-ObjTqzR9H9eMVoFo2m4,boy,2학년,관계 형성 곤란,0,학교생활적응 문제,11
학생282 ,-ObjTqzR9H9eMVoFo2m4,boy,2학년,등교 거부,0,학교생활적응 문제,11
학생282 ,-ObjTqzR9H9eMVoFo2m4,boy,2학년,괴롭힘 피해,0,심리외상 문제,11
학생282 ,-ObjTqzR9H9eMVoFo2m4,boy,2학년,따돌림 피해,0,심리외상 문제,11
학생283 ,-ObjVVyQbA-6ZzkAufj_,girl,3학년,사회적 긴장,1,불안 및 우울 문제,5
학생283 ,-ObjVVyQbA-6ZzkAufj_,girl,3학년,감정 기복,0,불안 및 우울 문제,5
학생283 ,-ObjVVyQbA-6ZzkAufj_,girl,3학년,과도한 죄책감,0,불안 및 우울 문제,5
학생283 ,-ObjVVyQbA-6ZzkAufj_,girl,3학년,과민성/짜증,0,불안 및 우울 문제,5
학생283 ,-ObjVVyQbA-6ZzkAufj_,girl,3학년,낮은 자존감,1,학교생활적응 문제,5
학생283 ,-ObjVVyQbA-6ZzkAufj_,girl,3학년,무기력/피로,0,불안 및 우울 문제,5
학생283 ,-ObjVVyQbA-6ZzkAufj_,girl,3학년,예기 불안,2,불안 및 우울 문제,5
학생283 ,-ObjVVyQbA-6ZzkAufj_,girl,3학년,과도한 불안,1,불안 및 우울 문제,5
학생283 ,-ObjVVyQbA-6ZzkAufj_,girl,3학년,우울 증상,0,불안 및 우울 문제,5
학생283 ,-ObjVVyQbA-6ZzkAufj_,girl,3학년,수면 문제,0,학교생활적응 문제,5
학생283 ,-ObjVVyQbA-6ZzkAufj_,girl,3학년,자살 사고,0,자살 및 위기 문제,5
학생283 ,-ObjVVyQbA-6ZzkAufj_,girl,3학년,자해 행동,0,자살 및 위기 문제,5
학생283 ,-ObjVVyQbA-6ZzkAufj_,girl,3학년,자살 계획,0,자살 및 위기 문제,5
학생283 ,-ObjVVyQbA-6ZzkAufj_,girl,3학년,심각한 자살사고,0,자살 및 위기 문제,5
학생283 ,-ObjVVyQbA-6ZzkAufj_,girl,3학년,절망감,0,자살 및 위기 문제,5
학생283 ,-ObjVVyQbA-6ZzkAufj_,girl,3학년,자살 시도,0,자살 및 위기 문제,5
학생283 ,-ObjVVyQbA-6ZzkAufj_,girl,3학년,빈번한 거짓말,0,외현화 문제,5
학생283 ,-ObjVVyQbA-6ZzkAufj_,girl,3학년,또래 갈등,0,외현화 문제,5
학생283 ,-ObjVVyQbA-6ZzkAufj_,girl,3학년,반항 행동,0,외현화 문제,5
학생283 ,-ObjVVyQbA-6ZzkAufj_,girl,3학년,괴롭힘 가해,0,외현화 문제,5
학생283 ,-ObjVVyQbA-6ZzkAufj_,girl,3학년,외상 침습증상,0,심리외상 문제,5
학생283 ,-ObjVVyQbA-6ZzkAufj_,girl,3학년,외상 관련 악몽,0,심리외상 문제,5
학생283 ,-ObjVVyQbA-6ZzkAufj_,girl,3학년,외상 후 고립,0,심리외상 문제,5
학생283 ,-ObjVVyQbA-6ZzkAufj_,girl,3학년,외상 후 과각성,0,심리외상 문제,5
학생283 ,-ObjVVyQbA-6ZzkAufj_,girl,3학년,외상 회피행동,0,심리외상 문제,5
학생283 ,-ObjVVyQbA-6ZzkAufj_,girl,3학년,흡연 문제,0,외현화 문제,5
학생283 ,-ObjVVyQbA-6ZzkAufj_,girl,3학년,음주 문제,0,외현화 문제,5
학생283 ,-ObjVVyQbA-6ZzkAufj_,girl,3학년,적응력 저하,0,학교생활적응 문제,5
학생283 ,-ObjVVyQbA-6ZzkAufj_,girl,3학년,분리 불안,0,학교생활적응 문제,5
학생283 ,-ObjVVyQbA-6ZzkAufj_,girl,3학년,학습 어려움,0,학교생활적응 문제,5
학생283 ,-ObjVVyQbA-6ZzkAufj_,girl,3학년,재산 관련 비행,0,외현화 문제,5
학생283 ,-ObjVVyQbA-6ZzkAufj_,girl,3학년,게임 과몰입,0,외현화 문제,5
학생283 ,-ObjVVyQbA-6ZzkAufj_,girl,3학년,관계 형성 곤란,0,학교생활적응 문제,5
학생283 ,-ObjVVyQbA-6ZzkAufj_,girl,3학년,등교 거부,0,학교생활적응 문제,5
학생283 ,-ObjVVyQbA-6ZzkAufj_,girl,3학년,괴롭힘 피해,0,심리외상 문제,5
학생283 ,-ObjVVyQbA-6ZzkAufj_,girl,3학년,따돌림 피해,0,심리외상 문제,5
학생29 ,-ObjRQWvoV-lAG-eiS46,girl,2학년,사회적 긴장,0,불안 및 우울 문제,3
학생29 ,-ObjRQWvoV-lAG-eiS46,girl,2학년,감정 기복,0,불안 및 우울 문제,3
학생29 ,-ObjRQWvoV-lAG-eiS46,girl,2학년,과도한 죄책감,0,불안 및 우울 문제,3
학생29 ,-ObjRQWvoV-lAG-eiS46,girl,2학년,과민성/짜증,1,불안 및 우울 문제,3
학생29 ,-ObjRQWvoV-lAG-eiS46,girl,2학년,낮은 자존감,0,학교생활적응 문제,3
학생29 ,-ObjRQWvoV-lAG-eiS46,girl,2학년,무기력/피로,0,불안 및 우울 문제,3
학생29 ,-ObjRQWvoV-lAG-eiS46,girl,2학년,예기 불안,0,불안 및 우울 문제,3
학생29 ,-ObjRQWvoV-lAG-eiS46,girl,2학년,과도한 불안,0,불안 및 우울 문제,3
학생29 ,-ObjRQWvoV-lAG-eiS46,girl,2학년,우울 증상,0,불안 및 우울 문제,3
학생29 ,-ObjRQWvoV-lAG-eiS46,girl,2학년,수면 문제,1,학교생활적응 문제,3
학생29 ,-ObjRQWvoV-lAG-eiS46,girl,2학년,자살 사고,0,자살 및 위기 문제,3
학생29 ,-ObjRQWvoV-lAG-eiS46,girl,2학년,자해 행동,0,자살 및 위기 문제,3
학생29 ,-ObjRQWvoV-lAG-eiS46,girl,2학년,자살 계획,0,자살 및 위기 문제,3
학생29 ,-ObjRQWvoV-lAG-eiS46,girl,2학년,심각한 자살사고,0,자살 및 위기 문제,3
학생29 ,-ObjRQWvoV-lAG-eiS46,girl,2학년,절망감,0,자살 및 위기 문제,3
학생29 ,-ObjRQWvoV-lAG-eiS46,girl,2학년,자살 시도,0,자살 및 위기 문제,3
학생29 ,-ObjRQWvoV-lAG-eiS46,girl,2학년,빈번한 거짓말,0,외현화 문제,3
학생29 ,-ObjRQWvoV-lAG-eiS46,girl,2학년,또래 갈등,0,외현화 문제,3
학생29 ,-ObjRQWvoV-lAG-eiS46,girl,2학년,반항 행동,1,외현화 문제,3
학생29 ,-ObjRQWvoV-lAG-eiS46,girl,2학년,괴롭힘 가해,0,외현화 문제,3
학생29 ,-ObjRQWvoV-lAG-eiS46,girl,2학년,외상 침습증상,0,심리외상 문제,3
학생29 ,-ObjRQWvoV-lAG-eiS46,girl,2학년,외상 관련 악몽,0,심리외상 문제,3
학생29 ,-ObjRQWvoV-lAG-eiS46,girl,2학년,외상 후 고립,0,심리외상 문제,3
학생29 ,-ObjRQWvoV-lAG-eiS46,girl,2학년,외상 후 과각성,0,심리외상 문제,3
학생29 ,-ObjRQWvoV-lAG-eiS46,girl,2학년,외상 회피행동,0,심리외상 문제,3
학생29 ,-ObjRQWvoV-lAG-eiS46,girl,2학년,흡연 문제,0,외현화 문제,3
학생29 ,-ObjRQWvoV-lAG-eiS46,girl,2학년,음주 문제,0,외현화 문제,3
학생29 ,-ObjRQWvoV-lAG-eiS46,girl,2학년,적응력 저하,0,학교생활적응 문제,3
학생29 ,-ObjRQWvoV-lAG-eiS46,girl,2학년,분리 불안,0,학교생활적응 문제,3
학생29 ,-ObjRQWvoV-lAG-eiS46,girl,2학년,학습 어려움,0,학교생활적응 문제,3
학생29 ,-ObjRQWvoV-lAG-eiS46,girl,2학년,재산 관련 비행,0,외현화 문제,3
학생29 ,-ObjRQWvoV-lAG-eiS46,girl,2학년,게임 과몰입,0,외현화 문제,3
학생29 ,-ObjRQWvoV-lAG-eiS46,girl,2학년,관계 형성 곤란,0,학교생활적응 문제,3
학생29 ,-ObjRQWvoV-lAG-eiS46,girl,2학년,등교 거부,0,학교생활적응 문제,3
학생29 ,-ObjRQWvoV-lAG-eiS46,girl,2학년,괴롭힘 피해,0,심리외상 문제,3
학생29 ,-ObjRQWvoV-lAG-eiS46,girl,2학년,따돌림 피해,0,심리외상 문제,3
학생30 ,-ObjRQdU0w7ilxbL8Ddc,boy,2학년,사회적 긴장,1,불안 및 우울 문제,6
학생30 ,-ObjRQdU0w7ilxbL8Ddc,boy,2학년,감정 기복,0,불안 및 우울 문제,6
학생30 ,-ObjRQdU0w7ilxbL8Ddc,boy,2학년,과도한 죄책감,0,불안 및 우울 문제,6
학생30 ,-ObjRQdU0w7ilxbL8Ddc,boy,2학년,과민성/짜증,0,불안 및 우울 문제,6
학생30 ,-ObjRQdU0w7ilxbL8Ddc,boy,2학년,낮은 자존감,1,학교생활적응 문제,6
학생30 ,-ObjRQdU0w7ilxbL8Ddc,boy,2학년,무기력/피로,0,불안 및 우울 문제,6
학생30 ,-ObjRQdU0w7ilxbL8Ddc,boy,2학년,예기 불안,0,불안 및 우울 문제,6
학생30 ,-ObjRQdU0w7ilxbL8Ddc,boy,2학년,과도한 불안,0,불안 및 우울 문제,6
학생30 ,-ObjRQdU0w7ilxbL8Ddc,boy,2학년,우울 증상,0,불안 및 우울 문제,6
학생30 ,-ObjRQdU0w7ilxbL8Ddc,boy,2학년,수면 문제,1,학교생활적응 문제,6
학생30 ,-ObjRQdU0w7ilxbL8Ddc,boy,2학년,자살 사고,0,자살 및 위기 문제,6
학생30 ,-ObjRQdU0w7ilxbL8Ddc,boy,2학년,자해 행동,0,자살 및 위기 문제,6
학생30 ,-ObjRQdU0w7ilxbL8Ddc,boy,2학년,자살 계획,0,자살 및 위기 문제,6
학생30 ,-ObjRQdU0w7ilxbL8Ddc,boy,2학년,심각한 자살사고,0,자살 및 위기 문제,6
학생30 ,-ObjRQdU0w7ilxbL8Ddc,boy,2학년,절망감,0,자살 및 위기 문제,6
학생30 ,-ObjRQdU0w7ilxbL8Ddc,boy,2학년,자살 시도,0,자살 및 위기 문제,6
학생30 ,-ObjRQdU0w7ilxbL8Ddc,boy,2학년,빈번한 거짓말,0,외현화 문제,6
학생30 ,-ObjRQdU0w7ilxbL8Ddc,boy,2학년,또래 갈등,0,외현화 문제,6
학생30 ,-ObjRQdU0w7ilxbL8Ddc,boy,2학년,반항 행동,0,외현화 문제,6
학생30 ,-ObjRQdU0w7ilxbL8Ddc,boy,2학년,괴롭힘 가해,0,외현화 문제,6
학생30 ,-ObjRQdU0w7ilxbL8Ddc,boy,2학년,외상 침습증상,0,심리외상 문제,6
학생30 ,-ObjRQdU0w7ilxbL8Ddc,boy,2학년,외상 관련 악몽,0,심리외상 문제,6
학생30 ,-ObjRQdU0w7ilxbL8Ddc,boy,2학년,외상 후 고립,0,심리외상 문제,6
학생30 ,-ObjRQdU0w7ilxbL8Ddc,boy,2학년,외상 후 과각성,0,심리외상 문제,6
학생30 ,-ObjRQdU0w7ilxbL8Ddc,boy,2학년,외상 회피행동,0,심리외상 문제,6
학생30 ,-ObjRQdU0w7ilxbL8Ddc,boy,2학년,흡연 문제,0,외현화 문제,6
학생30 ,-ObjRQdU0w7ilxbL8Ddc,boy,2학년,음주 문제,0,외현화 문제,6
학생30 ,-ObjRQdU0w7ilxbL8Ddc,boy,2학년,적응력 저하,0,학교생활적응 문제,6
학생30 ,-ObjRQdU0w7ilxbL8Ddc,boy,2학년,분리 불안,0,학교생활적응 문제,6
학생30 ,-ObjRQdU0w7ilxbL8Ddc,boy,2학년,학습 어려움,0,학교생활적응 문제,6
학생30 ,-ObjRQdU0w7ilxbL8Ddc,boy,2학년,재산 관련 비행,0,외현화 문제,6
학생30 ,-ObjRQdU0w7ilxbL8Ddc,boy,2학년,게임 과몰입,0,외현화 문제,6
학생30 ,-ObjRQdU0w7ilxbL8Ddc,boy,2학년,관계 형성 곤란,1,학교생활적응 문제,6
학생30 ,-ObjRQdU0w7ilxbL8Ddc,boy,2학년,등교 거부,2,학교생활적응 문제,6
학생30 ,-ObjRQdU0w7ilxbL8Ddc,boy,2학년,괴롭힘 피해,0,심리외상 문제,6
학생30 ,-ObjRQdU0w7ilxbL8Ddc,boy,2학년,따돌림 피해,0,심리외상 문제,6
학생31 ,-ObjRRCQYqE2QBCT9rsU,boy,2학년,사회적 긴장,1,불안 및 우울 문제,22
학생31 ,-ObjRRCQYqE2QBCT9rsU,boy,2학년,감정 기복,2,불안 및 우울 문제,22
학생31 ,-ObjRRCQYqE2QBCT9rsU,boy,2학년,과도한 죄책감,1,불안 및 우울 문제,22
학생31 ,-ObjRRCQYqE2QBCT9rsU,boy,2학년,과민성/짜증,1,불안 및 우울 문제,22
학생31 ,-ObjRRCQYqE2QBCT9rsU,boy,2학년,낮은 자존감,2,학교생활적응 문제,22
학생31 ,-ObjRRCQYqE2QBCT9rsU,boy,2학년,무기력/피로,2,불안 및 우울 문제,22
학생31 ,-ObjRRCQYqE2QBCT9rsU,boy,2학년,예기 불안,1,불안 및 우울 문제,22
학생31 ,-ObjRRCQYqE2QBCT9rsU,boy,2학년,과도한 불안,2,불안 및 우울 문제,22
학생31 ,-ObjRRCQYqE2QBCT9rsU,boy,2학년,우울 증상,2,불안 및 우울 문제,22
학생31 ,-ObjRRCQYqE2QBCT9rsU,boy,2학년,수면 문제,0,학교생활적응 문제,22
학생31 ,-ObjRRCQYqE2QBCT9rsU,boy,2학년,자살 사고,1,자살 및 위기 문제,22
학생31 ,-ObjRRCQYqE2QBCT9rsU,boy,2학년,자해 행동,0,자살 및 위기 문제,22
학생31 ,-ObjRRCQYqE2QBCT9rsU,boy,2학년,자살 계획,0,자살 및 위기 문제,22
학생31 ,-ObjRRCQYqE2QBCT9rsU,boy,2학년,심각한 자살사고,0,자살 및 위기 문제,22
학생31 ,-ObjRRCQYqE2QBCT9rsU,boy,2학년,절망감,1,자살 및 위기 문제,22
학생31 ,-ObjRRCQYqE2QBCT9rsU,boy,2학년,자살 시도,0,자살 및 위기 문제,22
학생31 ,-ObjRRCQYqE2QBCT9rsU,boy,2학년,빈번한 거짓말,0,외현화 문제,22
학생31 ,-ObjRRCQYqE2QBCT9rsU,boy,2학년,또래 갈등,1,외현화 문제,22
학생31 ,-ObjRRCQYqE2QBCT9rsU,boy,2학년,반항 행동,0,외현화 문제,22
학생31 ,-ObjRRCQYqE2QBCT9rsU,boy,2학년,괴롭힘 가해,0,외현화 문제,22
학생31 ,-ObjRRCQYqE2QBCT9rsU,boy,2학년,외상 침습증상,1,심리외상 문제,22
학생31 ,-ObjRRCQYqE2QBCT9rsU,boy,2학년,외상 관련 악몽,0,심리외상 문제,22
학생31 ,-ObjRRCQYqE2QBCT9rsU,boy,2학년,외상 후 고립,1,심리외상 문제,22
학생31 ,-ObjRRCQYqE2QBCT9rsU,boy,2학년,외상 후 과각성,0,심리외상 문제,22
학생31 ,-ObjRRCQYqE2QBCT9rsU,boy,2학년,외상 회피행동,0,심리외상 문제,22
학생31 ,-ObjRRCQYqE2QBCT9rsU,boy,2학년,흡연 문제,0,외현화 문제,22
학생31 ,-ObjRRCQYqE2QBCT9rsU,boy,2학년,음주 문제,0,외현화 문제,22
학생31 ,-ObjRRCQYqE2QBCT9rsU,boy,2학년,적응력 저하,0,학교생활적응 문제,22
학생31 ,-ObjRRCQYqE2QBCT9rsU,boy,2학년,분리 불안,0,학교생활적응 문제,22
학생31 ,-ObjRRCQYqE2QBCT9rsU,boy,2학년,학습 어려움,1,학교생활적응 문제,22
학생31 ,-ObjRRCQYqE2QBCT9rsU,boy,2학년,재산 관련 비행,0,외현화 문제,22
학생31 ,-ObjRRCQYqE2QBCT9rsU,boy,2학년,게임 과몰입,1,외현화 문제,22
학생31 ,-ObjRRCQYqE2QBCT9rsU,boy,2학년,관계 형성 곤란,1,학교생활적응 문제,22
학생31 ,-ObjRRCQYqE2QBCT9rsU,boy,2학년,등교 거부,0,학교생활적응 문제,22
학생31 ,-ObjRRCQYqE2QBCT9rsU,boy,2학년,괴롭힘 피해,0,심리외상 문제,22
학생31 ,-ObjRRCQYqE2QBCT9rsU,boy,2학년,따돌림 피해,0,심리외상 문제,22
학생32 ,-ObjRRL36cYKCchLDbjK,girl,2학년,사회적 긴장,0,불안 및 우울 문제,4
학생32 ,-ObjRRL36cYKCchLDbjK,girl,2학년,감정 기복,2,불안 및 우울 문제,4
학생32 ,-ObjRRL36cYKCchLDbjK,girl,2학년,과도한 죄책감,0,불안 및 우울 문제,4
학생32 ,-ObjRRL36cYKCchLDbjK,girl,2학년,과민성/짜증,1,불안 및 우울 문제,4
학생32 ,-ObjRRL36cYKCchLDbjK,girl,2학년,낮은 자존감,0,학교생활적응 문제,4
학생32 ,-ObjRRL36cYKCchLDbjK,girl,2학년,무기력/피로,0,불안 및 우울 문제,4
학생32 ,-ObjRRL36cYKCchLDbjK,girl,2학년,예기 불안,1,불안 및 우울 문제,4
학생32 ,-ObjRRL36cYKCchLDbjK,girl,2학년,과도한 불안,0,불안 및 우울 문제,4
학생32 ,-ObjRRL36cYKCchLDbjK,girl,2학년,우울 증상,0,불안 및 우울 문제,4
학생32 ,-ObjRRL36cYKCchLDbjK,girl,2학년,수면 문제,0,학교생활적응 문제,4
학생32 ,-ObjRRL36cYKCchLDbjK,girl,2학년,자살 사고,0,자살 및 위기 문제,4
학생32 ,-ObjRRL36cYKCchLDbjK,girl,2학년,자해 행동,0,자살 및 위기 문제,4
학생32 ,-ObjRRL36cYKCchLDbjK,girl,2학년,자살 계획,0,자살 및 위기 문제,4
학생32 ,-ObjRRL36cYKCchLDbjK,girl,2학년,심각한 자살사고,0,자살 및 위기 문제,4
학생32 ,-ObjRRL36cYKCchLDbjK,girl,2학년,절망감,0,자살 및 위기 문제,4
학생32 ,-ObjRRL36cYKCchLDbjK,girl,2학년,자살 시도,0,자살 및 위기 문제,4
학생32 ,-ObjRRL36cYKCchLDbjK,girl,2학년,빈번한 거짓말,0,외현화 문제,4
학생32 ,-ObjRRL36cYKCchLDbjK,girl,2학년,또래 갈등,0,외현화 문제,4
학생32 ,-ObjRRL36cYKCchLDbjK,girl,2학년,반항 행동,0,외현화 문제,4
학생32 ,-ObjRRL36cYKCchLDbjK,girl,2학년,괴롭힘 가해,0,외현화 문제,4
학생32 ,-ObjRRL36cYKCchLDbjK,girl,2학년,외상 침습증상,0,심리외상 문제,4
학생32 ,-ObjRRL36cYKCchLDbjK,girl,2학년,외상 관련 악몽,0,심리외상 문제,4
학생32 ,-ObjRRL36cYKCchLDbjK,girl,2학년,외상 후 고립,0,심리외상 문제,4
학생32 ,-ObjRRL36cYKCchLDbjK,girl,2학년,외상 후 과각성,0,심리외상 문제,4
학생32 ,-ObjRRL36cYKCchLDbjK,girl,2학년,외상 회피행동,0,심리외상 문제,4
학생32 ,-ObjRRL36cYKCchLDbjK,girl,2학년,흡연 문제,0,외현화 문제,4
학생32 ,-ObjRRL36cYKCchLDbjK,girl,2학년,음주 문제,0,외현화 문제,4
학생32 ,-ObjRRL36cYKCchLDbjK,girl,2학년,적응력 저하,0,학교생활적응 문제,4
학생32 ,-ObjRRL36cYKCchLDbjK,girl,2학년,분리 불안,0,학교생활적응 문제,4
학생32 ,-ObjRRL36cYKCchLDbjK,girl,2학년,학습 어려움,0,학교생활적응 문제,4
학생32 ,-ObjRRL36cYKCchLDbjK,girl,2학년,재산 관련 비행,0,외현화 문제,4
학생32 ,-ObjRRL36cYKCchLDbjK,girl,2학년,게임 과몰입,0,외현화 문제,4
학생32 ,-ObjRRL36cYKCchLDbjK,girl,2학년,관계 형성 곤란,0,학교생활적응 문제,4
학생32 ,-ObjRRL36cYKCchLDbjK,girl,2학년,등교 거부,0,학교생활적응 문제,4
학생32 ,-ObjRRL36cYKCchLDbjK,girl,2학년,괴롭힘 피해,0,심리외상 문제,4
학생32 ,-ObjRRL36cYKCchLDbjK,girl,2학년,따돌림 피해,0,심리외상 문제,4
학생33 ,-ObjRRM9ApyM6aiqaEXg,girl,1학년,사회적 긴장,1,불안 및 우울 문제,8
학생33 ,-ObjRRM9ApyM6aiqaEXg,girl,1학년,감정 기복,1,불안 및 우울 문제,8
학생33 ,-ObjRRM9ApyM6aiqaEXg,girl,1학년,과도한 죄책감,1,불안 및 우울 문제,8
학생33 ,-ObjRRM9ApyM6aiqaEXg,girl,1학년,과민성/짜증,1,불안 및 우울 문제,8
학생33 ,-ObjRRM9ApyM6aiqaEXg,girl,1학년,낮은 자존감,1,학교생활적응 문제,8
학생33 ,-ObjRRM9ApyM6aiqaEXg,girl,1학년,무기력/피로,0,불안 및 우울 문제,8
학생33 ,-ObjRRM9ApyM6aiqaEXg,girl,1학년,예기 불안,1,불안 및 우울 문제,8
학생33 ,-ObjRRM9ApyM6aiqaEXg,girl,1학년,과도한 불안,0,불안 및 우울 문제,8
학생33 ,-ObjRRM9ApyM6aiqaEXg,girl,1학년,우울 증상,1,불안 및 우울 문제,8
학생33 ,-ObjRRM9ApyM6aiqaEXg,girl,1학년,수면 문제,0,학교생활적응 문제,8
학생33 ,-ObjRRM9ApyM6aiqaEXg,girl,1학년,자살 사고,0,자살 및 위기 문제,8
학생33 ,-ObjRRM9ApyM6aiqaEXg,girl,1학년,자해 행동,0,자살 및 위기 문제,8
학생33 ,-ObjRRM9ApyM6aiqaEXg,girl,1학년,자살 계획,0,자살 및 위기 문제,8
학생33 ,-ObjRRM9ApyM6aiqaEXg,girl,1학년,심각한 자살사고,0,자살 및 위기 문제,8
학생33 ,-ObjRRM9ApyM6aiqaEXg,girl,1학년,절망감,0,자살 및 위기 문제,8
학생33 ,-ObjRRM9ApyM6aiqaEXg,girl,1학년,자살 시도,0,자살 및 위기 문제,8
학생33 ,-ObjRRM9ApyM6aiqaEXg,girl,1학년,빈번한 거짓말,1,외현화 문제,8
학생33 ,-ObjRRM9ApyM6aiqaEXg,girl,1학년,또래 갈등,0,외현화 문제,8
학생33 ,-ObjRRM9ApyM6aiqaEXg,girl,1학년,반항 행동,0,외현화 문제,8
학생33 ,-ObjRRM9ApyM6aiqaEXg,girl,1학년,괴롭힘 가해,0,외현화 문제,8
학생33 ,-ObjRRM9ApyM6aiqaEXg,girl,1학년,외상 침습증상,0,심리외상 문제,8
학생33 ,-ObjRRM9ApyM6aiqaEXg,girl,1학년,외상 관련 악몽,0,심리외상 문제,8
학생33 ,-ObjRRM9ApyM6aiqaEXg,girl,1학년,외상 후 고립,0,심리외상 문제,8
학생33 ,-ObjRRM9ApyM6aiqaEXg,girl,1학년,외상 후 과각성,0,심리외상 문제,8
학생33 ,-ObjRRM9ApyM6aiqaEXg,girl,1학년,외상 회피행동,0,심리외상 문제,8
학생33 ,-ObjRRM9ApyM6aiqaEXg,girl,1학년,흡연 문제,0,외현화 문제,8
학생33 ,-ObjRRM9ApyM6aiqaEXg,girl,1학년,음주 문제,0,외현화 문제,8
학생33 ,-ObjRRM9ApyM6aiqaEXg,girl,1학년,적응력 저하,0,학교생활적응 문제,8
학생33 ,-ObjRRM9ApyM6aiqaEXg,girl,1학년,분리 불안,0,학교생활적응 문제,8
학생33 ,-ObjRRM9ApyM6aiqaEXg,girl,1학년,학습 어려움,0,학교생활적응 문제,8
학생33 ,-ObjRRM9ApyM6aiqaEXg,girl,1학년,재산 관련 비행,0,외현화 문제,8
학생33 ,-ObjRRM9ApyM6aiqaEXg,girl,1학년,게임 과몰입,0,외현화 문제,8
학생33 ,-ObjRRM9ApyM6aiqaEXg,girl,1학년,관계 형성 곤란,0,학교생활적응 문제,8
학생33 ,-ObjRRM9ApyM6aiqaEXg,girl,1학년,등교 거부,0,학교생활적응 문제,8
학생33 ,-ObjRRM9ApyM6aiqaEXg,girl,1학년,괴롭힘 피해,0,심리외상 문제,8
학생33 ,-ObjRRM9ApyM6aiqaEXg,girl,1학년,따돌림 피해,0,심리외상 문제,8
학생34 ,-ObjRRRqYOlJUJeBpBBq,boy,1학년,사회적 긴장,1,불안 및 우울 문제,9
학생34 ,-ObjRRRqYOlJUJeBpBBq,boy,1학년,감정 기복,0,불안 및 우울 문제,9
학생34 ,-ObjRRRqYOlJUJeBpBBq,boy,1학년,과도한 죄책감,1,불안 및 우울 문제,9
학생34 ,-ObjRRRqYOlJUJeBpBBq,boy,1학년,과민성/짜증,0,불안 및 우울 문제,9
학생34 ,-ObjRRRqYOlJUJeBpBBq,boy,1학년,낮은 자존감,0,학교생활적응 문제,9
학생34 ,-ObjRRRqYOlJUJeBpBBq,boy,1학년,무기력/피로,0,불안 및 우울 문제,9
학생34 ,-ObjRRRqYOlJUJeBpBBq,boy,1학년,예기 불안,2,불안 및 우울 문제,9
학생34 ,-ObjRRRqYOlJUJeBpBBq,boy,1학년,과도한 불안,1,불안 및 우울 문제,9
학생34 ,-ObjRRRqYOlJUJeBpBBq,boy,1학년,우울 증상,0,불안 및 우울 문제,9
학생34 ,-ObjRRRqYOlJUJeBpBBq,boy,1학년,수면 문제,3,학교생활적응 문제,9
학생34 ,-ObjRRRqYOlJUJeBpBBq,boy,1학년,자살 사고,0,자살 및 위기 문제,9
학생34 ,-ObjRRRqYOlJUJeBpBBq,boy,1학년,자해 행동,0,자살 및 위기 문제,9
학생34 ,-ObjRRRqYOlJUJeBpBBq,boy,1학년,자살 계획,0,자살 및 위기 문제,9
학생34 ,-ObjRRRqYOlJUJeBpBBq,boy,1학년,심각한 자살사고,0,자살 및 위기 문제,9
학생34 ,-ObjRRRqYOlJUJeBpBBq,boy,1학년,절망감,0,자살 및 위기 문제,9
학생34 ,-ObjRRRqYOlJUJeBpBBq,boy,1학년,자살 시도,0,자살 및 위기 문제,9
학생34 ,-ObjRRRqYOlJUJeBpBBq,boy,1학년,빈번한 거짓말,0,외현화 문제,9
학생34 ,-ObjRRRqYOlJUJeBpBBq,boy,1학년,또래 갈등,0,외현화 문제,9
학생34 ,-ObjRRRqYOlJUJeBpBBq,boy,1학년,반항 행동,0,외현화 문제,9
학생34 ,-ObjRRRqYOlJUJeBpBBq,boy,1학년,괴롭힘 가해,0,외현화 문제,9
학생34 ,-ObjRRRqYOlJUJeBpBBq,boy,1학년,외상 침습증상,0,심리외상 문제,9
학생34 ,-ObjRRRqYOlJUJeBpBBq,boy,1학년,외상 관련 악몽,0,심리외상 문제,9
학생34 ,-ObjRRRqYOlJUJeBpBBq,boy,1학년,외상 후 고립,0,심리외상 문제,9
학생34 ,-ObjRRRqYOlJUJeBpBBq,boy,1학년,외상 후 과각성,0,심리외상 문제,9
학생34 ,-ObjRRRqYOlJUJeBpBBq,boy,1학년,외상 회피행동,0,심리외상 문제,9
학생34 ,-ObjRRRqYOlJUJeBpBBq,boy,1학년,흡연 문제,0,외현화 문제,9
학생34 ,-ObjRRRqYOlJUJeBpBBq,boy,1학년,음주 문제,0,외현화 문제,9
학생34 ,-ObjRRRqYOlJUJeBpBBq,boy,1학년,적응력 저하,0,학교생활적응 문제,9
학생34 ,-ObjRRRqYOlJUJeBpBBq,boy,1학년,분리 불안,0,학교생활적응 문제,9
학생34 ,-ObjRRRqYOlJUJeBpBBq,boy,1학년,학습 어려움,0,학교생활적응 문제,9
학생34 ,-ObjRRRqYOlJUJeBpBBq,boy,1학년,재산 관련 비행,0,외현화 문제,9
학생34 ,-ObjRRRqYOlJUJeBpBBq,boy,1학년,게임 과몰입,1,외현화 문제,9
학생34 ,-ObjRRRqYOlJUJeBpBBq,boy,1학년,관계 형성 곤란,0,학교생활적응 문제,9
학생34 ,-ObjRRRqYOlJUJeBpBBq,boy,1학년,등교 거부,0,학교생활적응 문제,9
학생34 ,-ObjRRRqYOlJUJeBpBBq,boy,1학년,괴롭힘 피해,0,심리외상 문제,9
학생34 ,-ObjRRRqYOlJUJeBpBBq,boy,1학년,따돌림 피해,0,심리외상 문제,9
학생35 ,-ObjRRdcOAbN-_0Ja4kg,boy,1학년,사회적 긴장,1,불안 및 우울 문제,15
학생35 ,-ObjRRdcOAbN-_0Ja4kg,boy,1학년,감정 기복,1,불안 및 우울 문제,15
학생35 ,-ObjRRdcOAbN-_0Ja4kg,boy,1학년,과도한 죄책감,1,불안 및 우울 문제,15
학생35 ,-ObjRRdcOAbN-_0Ja4kg,boy,1학년,과민성/짜증,0,불안 및 우울 문제,15
학생35 ,-ObjRRdcOAbN-_0Ja4kg,boy,1학년,낮은 자존감,1,학교생활적응 문제,15
학생35 ,-ObjRRdcOAbN-_0Ja4kg,boy,1학년,무기력/피로,1,불안 및 우울 문제,15
학생35 ,-ObjRRdcOAbN-_0Ja4kg,boy,1학년,예기 불안,3,불안 및 우울 문제,15
학생35 ,-ObjRRdcOAbN-_0Ja4kg,boy,1학년,과도한 불안,2,불안 및 우울 문제,15
학생35 ,-ObjRRdcOAbN-_0Ja4kg,boy,1학년,우울 증상,0,불안 및 우울 문제,15
학생35 ,-ObjRRdcOAbN-_0Ja4kg,boy,1학년,수면 문제,0,학교생활적응 문제,15
학생35 ,-ObjRRdcOAbN-_0Ja4kg,boy,1학년,자살 사고,0,자살 및 위기 문제,15
학생35 ,-ObjRRdcOAbN-_0Ja4kg,boy,1학년,자해 행동,0,자살 및 위기 문제,15
학생35 ,-ObjRRdcOAbN-_0Ja4kg,boy,1학년,자살 계획,0,자살 및 위기 문제,15
학생35 ,-ObjRRdcOAbN-_0Ja4kg,boy,1학년,심각한 자살사고,0,자살 및 위기 문제,15
학생35 ,-ObjRRdcOAbN-_0Ja4kg,boy,1학년,절망감,0,자살 및 위기 문제,15
학생35 ,-ObjRRdcOAbN-_0Ja4kg,boy,1학년,자살 시도,0,자살 및 위기 문제,15
학생35 ,-ObjRRdcOAbN-_0Ja4kg,boy,1학년,빈번한 거짓말,1,외현화 문제,15
학생35 ,-ObjRRdcOAbN-_0Ja4kg,boy,1학년,또래 갈등,0,외현화 문제,15
학생35 ,-ObjRRdcOAbN-_0Ja4kg,boy,1학년,반항 행동,0,외현화 문제,15
학생35 ,-ObjRRdcOAbN-_0Ja4kg,boy,1학년,괴롭힘 가해,0,외현화 문제,15
학생35 ,-ObjRRdcOAbN-_0Ja4kg,boy,1학년,외상 침습증상,0,심리외상 문제,15
학생35 ,-ObjRRdcOAbN-_0Ja4kg,boy,1학년,외상 관련 악몽,0,심리외상 문제,15
학생35 ,-ObjRRdcOAbN-_0Ja4kg,boy,1학년,외상 후 고립,0,심리외상 문제,15
학생35 ,-ObjRRdcOAbN-_0Ja4kg,boy,1학년,외상 후 과각성,0,심리외상 문제,15
학생35 ,-ObjRRdcOAbN-_0Ja4kg,boy,1학년,외상 회피행동,0,심리외상 문제,15
학생35 ,-ObjRRdcOAbN-_0Ja4kg,boy,1학년,흡연 문제,0,외현화 문제,15
학생35 ,-ObjRRdcOAbN-_0Ja4kg,boy,1학년,음주 문제,0,외현화 문제,15
학생35 ,-ObjRRdcOAbN-_0Ja4kg,boy,1학년,적응력 저하,0,학교생활적응 문제,15
학생35 ,-ObjRRdcOAbN-_0Ja4kg,boy,1학년,분리 불안,0,학교생활적응 문제,15
학생35 ,-ObjRRdcOAbN-_0Ja4kg,boy,1학년,학습 어려움,1,학교생활적응 문제,15
학생35 ,-ObjRRdcOAbN-_0Ja4kg,boy,1학년,재산 관련 비행,0,외현화 문제,15
학생35 ,-ObjRRdcOAbN-_0Ja4kg,boy,1학년,게임 과몰입,1,외현화 문제,15
학생35 ,-ObjRRdcOAbN-_0Ja4kg,boy,1학년,관계 형성 곤란,2,학교생활적응 문제,15
학생35 ,-ObjRRdcOAbN-_0Ja4kg,boy,1학년,등교 거부,0,학교생활적응 문제,15
학생35 ,-ObjRRdcOAbN-_0Ja4kg,boy,1학년,괴롭힘 피해,0,심리외상 문제,15
학생35 ,-ObjRRdcOAbN-_0Ja4kg,boy,1학년,따돌림 피해,0,심리외상 문제,15
학생36 ,-ObjRS0DwPRWRFcyKXhN,girl,1학년,사회적 긴장,0,불안 및 우울 문제,6
학생36 ,-ObjRS0DwPRWRFcyKXhN,girl,1학년,감정 기복,0,불안 및 우울 문제,6
학생36 ,-ObjRS0DwPRWRFcyKXhN,girl,1학년,과도한 죄책감,0,불안 및 우울 문제,6
학생36 ,-ObjRS0DwPRWRFcyKXhN,girl,1학년,과민성/짜증,0,불안 및 우울 문제,6
학생36 ,-ObjRS0DwPRWRFcyKXhN,girl,1학년,낮은 자존감,0,학교생활적응 문제,6
학생36 ,-ObjRS0DwPRWRFcyKXhN,girl,1학년,무기력/피로,0,불안 및 우울 문제,6
학생36 ,-ObjRS0DwPRWRFcyKXhN,girl,1학년,예기 불안,0,불안 및 우울 문제,6
학생36 ,-ObjRS0DwPRWRFcyKXhN,girl,1학년,과도한 불안,1,불안 및 우울 문제,6
학생36 ,-ObjRS0DwPRWRFcyKXhN,girl,1학년,우울 증상,1,불안 및 우울 문제,6
학생36 ,-ObjRS0DwPRWRFcyKXhN,girl,1학년,수면 문제,1,학교생활적응 문제,6
학생36 ,-ObjRS0DwPRWRFcyKXhN,girl,1학년,자살 사고,0,자살 및 위기 문제,6
학생36 ,-ObjRS0DwPRWRFcyKXhN,girl,1학년,자해 행동,0,자살 및 위기 문제,6
학생36 ,-ObjRS0DwPRWRFcyKXhN,girl,1학년,자살 계획,0,자살 및 위기 문제,6
학생36 ,-ObjRS0DwPRWRFcyKXhN,girl,1학년,심각한 자살사고,0,자살 및 위기 문제,6
학생36 ,-ObjRS0DwPRWRFcyKXhN,girl,1학년,절망감,0,자살 및 위기 문제,6
학생36 ,-ObjRS0DwPRWRFcyKXhN,girl,1학년,자살 시도,0,자살 및 위기 문제,6
학생36 ,-ObjRS0DwPRWRFcyKXhN,girl,1학년,빈번한 거짓말,0,외현화 문제,6
학생36 ,-ObjRS0DwPRWRFcyKXhN,girl,1학년,또래 갈등,0,외현화 문제,6
학생36 ,-ObjRS0DwPRWRFcyKXhN,girl,1학년,반항 행동,0,외현화 문제,6
학생36 ,-ObjRS0DwPRWRFcyKXhN,girl,1학년,괴롭힘 가해,0,외현화 문제,6
학생36 ,-ObjRS0DwPRWRFcyKXhN,girl,1학년,외상 침습증상,0,심리외상 문제,6
학생36 ,-ObjRS0DwPRWRFcyKXhN,girl,1학년,외상 관련 악몽,0,심리외상 문제,6
학생36 ,-ObjRS0DwPRWRFcyKXhN,girl,1학년,외상 후 고립,0,심리외상 문제,6
학생36 ,-ObjRS0DwPRWRFcyKXhN,girl,1학년,외상 후 과각성,0,심리외상 문제,6
학생36 ,-ObjRS0DwPRWRFcyKXhN,girl,1학년,외상 회피행동,0,심리외상 문제,6
학생36 ,-ObjRS0DwPRWRFcyKXhN,girl,1학년,흡연 문제,1,외현화 문제,6
학생36 ,-ObjRS0DwPRWRFcyKXhN,girl,1학년,음주 문제,0,외현화 문제,6
학생36 ,-ObjRS0DwPRWRFcyKXhN,girl,1학년,적응력 저하,0,학교생활적응 문제,6
학생36 ,-ObjRS0DwPRWRFcyKXhN,girl,1학년,분리 불안,1,학교생활적응 문제,6
학생36 ,-ObjRS0DwPRWRFcyKXhN,girl,1학년,학습 어려움,1,학교생활적응 문제,6
학생36 ,-ObjRS0DwPRWRFcyKXhN,girl,1학년,재산 관련 비행,0,외현화 문제,6
학생36 ,-ObjRS0DwPRWRFcyKXhN,girl,1학년,게임 과몰입,0,외현화 문제,6
학생36 ,-ObjRS0DwPRWRFcyKXhN,girl,1학년,관계 형성 곤란,0,학교생활적응 문제,6
학생36 ,-ObjRS0DwPRWRFcyKXhN,girl,1학년,등교 거부,0,학교생활적응 문제,6
학생36 ,-ObjRS0DwPRWRFcyKXhN,girl,1학년,괴롭힘 피해,0,심리외상 문제,6
학생36 ,-ObjRS0DwPRWRFcyKXhN,girl,1학년,따돌림 피해,0,심리외상 문제,6
학생37 ,-ObjRSBrCywHvtY7tyyk,boy,2학년,사회적 긴장,1,불안 및 우울 문제,9
학생37 ,-ObjRSBrCywHvtY7tyyk,boy,2학년,감정 기복,0,불안 및 우울 문제,9
학생37 ,-ObjRSBrCywHvtY7tyyk,boy,2학년,과도한 죄책감,1,불안 및 우울 문제,9
학생37 ,-ObjRSBrCywHvtY7tyyk,boy,2학년,과민성/짜증,0,불안 및 우울 문제,9
학생37 ,-ObjRSBrCywHvtY7tyyk,boy,2학년,낮은 자존감,2,학교생활적응 문제,9
학생37 ,-ObjRSBrCywHvtY7tyyk,boy,2학년,무기력/피로,1,불안 및 우울 문제,9
학생37 ,-ObjRSBrCywHvtY7tyyk,boy,2학년,예기 불안,2,불안 및 우울 문제,9
학생37 ,-ObjRSBrCywHvtY7tyyk,boy,2학년,과도한 불안,0,불안 및 우울 문제,9
학생37 ,-ObjRSBrCywHvtY7tyyk,boy,2학년,우울 증상,0,불안 및 우울 문제,9
학생37 ,-ObjRSBrCywHvtY7tyyk,boy,2학년,수면 문제,0,학교생활적응 문제,9
학생37 ,-ObjRSBrCywHvtY7tyyk,boy,2학년,자살 사고,0,자살 및 위기 문제,9
학생37 ,-ObjRSBrCywHvtY7tyyk,boy,2학년,자해 행동,0,자살 및 위기 문제,9
학생37 ,-ObjRSBrCywHvtY7tyyk,boy,2학년,자살 계획,0,자살 및 위기 문제,9
학생37 ,-ObjRSBrCywHvtY7tyyk,boy,2학년,심각한 자살사고,0,자살 및 위기 문제,9
학생37 ,-ObjRSBrCywHvtY7tyyk,boy,2학년,절망감,0,자살 및 위기 문제,9
학생37 ,-ObjRSBrCywHvtY7tyyk,boy,2학년,자살 시도,0,자살 및 위기 문제,9
학생37 ,-ObjRSBrCywHvtY7tyyk,boy,2학년,빈번한 거짓말,0,외현화 문제,9
학생37 ,-ObjRSBrCywHvtY7tyyk,boy,2학년,또래 갈등,0,외현화 문제,9
학생37 ,-ObjRSBrCywHvtY7tyyk,boy,2학년,반항 행동,0,외현화 문제,9
학생37 ,-ObjRSBrCywHvtY7tyyk,boy,2학년,괴롭힘 가해,0,외현화 문제,9
학생37 ,-ObjRSBrCywHvtY7tyyk,boy,2학년,외상 침습증상,0,심리외상 문제,9
학생37 ,-ObjRSBrCywHvtY7tyyk,boy,2학년,외상 관련 악몽,0,심리외상 문제,9
학생37 ,-ObjRSBrCywHvtY7tyyk,boy,2학년,외상 후 고립,0,심리외상 문제,9
학생37 ,-ObjRSBrCywHvtY7tyyk,boy,2학년,외상 후 과각성,0,심리외상 문제,9
학생37 ,-ObjRSBrCywHvtY7tyyk,boy,2학년,외상 회피행동,0,심리외상 문제,9
학생37 ,-ObjRSBrCywHvtY7tyyk,boy,2학년,흡연 문제,0,외현화 문제,9
학생37 ,-ObjRSBrCywHvtY7tyyk,boy,2학년,음주 문제,0,외현화 문제,9
학생37 ,-ObjRSBrCywHvtY7tyyk,boy,2학년,적응력 저하,1,학교생활적응 문제,9
학생37 ,-ObjRSBrCywHvtY7tyyk,boy,2학년,분리 불안,0,학교생활적응 문제,9
학생37 ,-ObjRSBrCywHvtY7tyyk,boy,2학년,학습 어려움,1,학교생활적응 문제,9
학생37 ,-ObjRSBrCywHvtY7tyyk,boy,2학년,재산 관련 비행,0,외현화 문제,9
학생37 ,-ObjRSBrCywHvtY7tyyk,boy,2학년,게임 과몰입,0,외현화 문제,9
학생37 ,-ObjRSBrCywHvtY7tyyk,boy,2학년,관계 형성 곤란,0,학교생활적응 문제,9
학생37 ,-ObjRSBrCywHvtY7tyyk,boy,2학년,등교 거부,0,학교생활적응 문제,9
학생37 ,-ObjRSBrCywHvtY7tyyk,boy,2학년,괴롭힘 피해,0,심리외상 문제,9
학생37 ,-ObjRSBrCywHvtY7tyyk,boy,2학년,따돌림 피해,0,심리외상 문제,9
학생38 ,-ObjRSxd2c4rsGkLuWsM,boy,1학년,사회적 긴장,0,불안 및 우울 문제,17
학생38 ,-ObjRSxd2c4rsGkLuWsM,boy,1학년,감정 기복,1,불안 및 우울 문제,17
학생38 ,-ObjRSxd2c4rsGkLuWsM,boy,1학년,과도한 죄책감,0,불안 및 우울 문제,17
학생38 ,-ObjRSxd2c4rsGkLuWsM,boy,1학년,과민성/짜증,0,불안 및 우울 문제,17
학생38 ,-ObjRSxd2c4rsGkLuWsM,boy,1학년,낮은 자존감,0,학교생활적응 문제,17
학생38 ,-ObjRSxd2c4rsGkLuWsM,boy,1학년,무기력/피로,0,불안 및 우울 문제,17
학생38 ,-ObjRSxd2c4rsGkLuWsM,boy,1학년,예기 불안,2,불안 및 우울 문제,17
학생38 ,-ObjRSxd2c4rsGkLuWsM,boy,1학년,과도한 불안,0,불안 및 우울 문제,17
학생38 ,-ObjRSxd2c4rsGkLuWsM,boy,1학년,우울 증상,0,불안 및 우울 문제,17
학생38 ,-ObjRSxd2c4rsGkLuWsM,boy,1학년,수면 문제,0,학교생활적응 문제,17
학생38 ,-ObjRSxd2c4rsGkLuWsM,boy,1학년,자살 사고,0,자살 및 위기 문제,17
학생38 ,-ObjRSxd2c4rsGkLuWsM,boy,1학년,자해 행동,0,자살 및 위기 문제,17
학생38 ,-ObjRSxd2c4rsGkLuWsM,boy,1학년,자살 계획,0,자살 및 위기 문제,17
학생38 ,-ObjRSxd2c4rsGkLuWsM,boy,1학년,심각한 자살사고,0,자살 및 위기 문제,17
학생38 ,-ObjRSxd2c4rsGkLuWsM,boy,1학년,절망감,0,자살 및 위기 문제,17
학생38 ,-ObjRSxd2c4rsGkLuWsM,boy,1학년,자살 시도,0,자살 및 위기 문제,17
학생38 ,-ObjRSxd2c4rsGkLuWsM,boy,1학년,빈번한 거짓말,1,외현화 문제,17
학생38 ,-ObjRSxd2c4rsGkLuWsM,boy,1학년,또래 갈등,0,외현화 문제,17
학생38 ,-ObjRSxd2c4rsGkLuWsM,boy,1학년,반항 행동,1,외현화 문제,17
학생38 ,-ObjRSxd2c4rsGkLuWsM,boy,1학년,괴롭힘 가해,0,외현화 문제,17
학생38 ,-ObjRSxd2c4rsGkLuWsM,boy,1학년,외상 침습증상,2,심리외상 문제,17
학생38 ,-ObjRSxd2c4rsGkLuWsM,boy,1학년,외상 관련 악몽,2,심리외상 문제,17
학생38 ,-ObjRSxd2c4rsGkLuWsM,boy,1학년,외상 후 고립,1,심리외상 문제,17
학생38 ,-ObjRSxd2c4rsGkLuWsM,boy,1학년,외상 후 과각성,0,심리외상 문제,17
학생38 ,-ObjRSxd2c4rsGkLuWsM,boy,1학년,외상 회피행동,3,심리외상 문제,17
학생38 ,-ObjRSxd2c4rsGkLuWsM,boy,1학년,흡연 문제,0,외현화 문제,17
학생38 ,-ObjRSxd2c4rsGkLuWsM,boy,1학년,음주 문제,0,외현화 문제,17
학생38 ,-ObjRSxd2c4rsGkLuWsM,boy,1학년,적응력 저하,2,학교생활적응 문제,17
학생38 ,-ObjRSxd2c4rsGkLuWsM,boy,1학년,분리 불안,0,학교생활적응 문제,17
학생38 ,-ObjRSxd2c4rsGkLuWsM,boy,1학년,학습 어려움,1,학교생활적응 문제,17
학생38 ,-ObjRSxd2c4rsGkLuWsM,boy,1학년,재산 관련 비행,0,외현화 문제,17
학생38 ,-ObjRSxd2c4rsGkLuWsM,boy,1학년,게임 과몰입,1,외현화 문제,17
학생38 ,-ObjRSxd2c4rsGkLuWsM,boy,1학년,관계 형성 곤란,0,학교생활적응 문제,17
학생38 ,-ObjRSxd2c4rsGkLuWsM,boy,1학년,등교 거부,0,학교생활적응 문제,17
학생38 ,-ObjRSxd2c4rsGkLuWsM,boy,1학년,괴롭힘 피해,0,심리외상 문제,17
학생38 ,-ObjRSxd2c4rsGkLuWsM,boy,1학년,따돌림 피해,0,심리외상 문제,17
학생39 ,-ObjRT6JiRKvgvb8-QYX,boy,2학년,사회적 긴장,2,불안 및 우울 문제,20
학생39 ,-ObjRT6JiRKvgvb8-QYX,boy,2학년,감정 기복,1,불안 및 우울 문제,20
학생39 ,-ObjRT6JiRKvgvb8-QYX,boy,2학년,과도한 죄책감,2,불안 및 우울 문제,20
학생39 ,-ObjRT6JiRKvgvb8-QYX,boy,2학년,과민성/짜증,1,불안 및 우울 문제,20
학생39 ,-ObjRT6JiRKvgvb8-QYX,boy,2학년,낮은 자존감,2,학교생활적응 문제,20
학생39 ,-ObjRT6JiRKvgvb8-QYX,boy,2학년,무기력/피로,2,불안 및 우울 문제,20
학생39 ,-ObjRT6JiRKvgvb8-QYX,boy,2학년,예기 불안,2,불안 및 우울 문제,20
학생39 ,-ObjRT6JiRKvgvb8-QYX,boy,2학년,과도한 불안,2,불안 및 우울 문제,20
학생39 ,-ObjRT6JiRKvgvb8-QYX,boy,2학년,우울 증상,1,불안 및 우울 문제,20
학생39 ,-ObjRT6JiRKvgvb8-QYX,boy,2학년,수면 문제,1,학교생활적응 문제,20
학생39 ,-ObjRT6JiRKvgvb8-QYX,boy,2학년,자살 사고,0,자살 및 위기 문제,20
학생39 ,-ObjRT6JiRKvgvb8-QYX,boy,2학년,자해 행동,0,자살 및 위기 문제,20
학생39 ,-ObjRT6JiRKvgvb8-QYX,boy,2학년,자살 계획,0,자살 및 위기 문제,20
학생39 ,-ObjRT6JiRKvgvb8-QYX,boy,2학년,심각한 자살사고,0,자살 및 위기 문제,20
학생39 ,-ObjRT6JiRKvgvb8-QYX,boy,2학년,절망감,0,자살 및 위기 문제,20
학생39 ,-ObjRT6JiRKvgvb8-QYX,boy,2학년,자살 시도,0,자살 및 위기 문제,20
학생39 ,-ObjRT6JiRKvgvb8-QYX,boy,2학년,빈번한 거짓말,1,외현화 문제,20
학생39 ,-ObjRT6JiRKvgvb8-QYX,boy,2학년,또래 갈등,0,외현화 문제,20
학생39 ,-ObjRT6JiRKvgvb8-QYX,boy,2학년,반항 행동,0,외현화 문제,20
학생39 ,-ObjRT6JiRKvgvb8-QYX,boy,2학년,괴롭힘 가해,0,외현화 문제,20
학생39 ,-ObjRT6JiRKvgvb8-QYX,boy,2학년,외상 침습증상,0,심리외상 문제,20
학생39 ,-ObjRT6JiRKvgvb8-QYX,boy,2학년,외상 관련 악몽,0,심리외상 문제,20
학생39 ,-ObjRT6JiRKvgvb8-QYX,boy,2학년,외상 후 고립,0,심리외상 문제,20
학생39 ,-ObjRT6JiRKvgvb8-QYX,boy,2학년,외상 후 과각성,0,심리외상 문제,20
학생39 ,-ObjRT6JiRKvgvb8-QYX,boy,2학년,외상 회피행동,0,심리외상 문제,20
학생39 ,-ObjRT6JiRKvgvb8-QYX,boy,2학년,흡연 문제,0,외현화 문제,20
학생39 ,-ObjRT6JiRKvgvb8-QYX,boy,2학년,음주 문제,0,외현화 문제,20
학생39 ,-ObjRT6JiRKvgvb8-QYX,boy,2학년,적응력 저하,0,학교생활적응 문제,20
학생39 ,-ObjRT6JiRKvgvb8-QYX,boy,2학년,분리 불안,1,학교생활적응 문제,20
학생39 ,-ObjRT6JiRKvgvb8-QYX,boy,2학년,학습 어려움,1,학교생활적응 문제,20
학생39 ,-ObjRT6JiRKvgvb8-QYX,boy,2학년,재산 관련 비행,0,외현화 문제,20
학생39 ,-ObjRT6JiRKvgvb8-QYX,boy,2학년,게임 과몰입,0,외현화 문제,20
학생39 ,-ObjRT6JiRKvgvb8-QYX,boy,2학년,관계 형성 곤란,1,학교생활적응 문제,20
학생39 ,-ObjRT6JiRKvgvb8-QYX,boy,2학년,등교 거부,0,학교생활적응 문제,20
학생39 ,-ObjRT6JiRKvgvb8-QYX,boy,2학년,괴롭힘 피해,0,심리외상 문제,20
학생39 ,-ObjRT6JiRKvgvb8-QYX,boy,2학년,따돌림 피해,0,심리외상 문제,20
학생40 ,-ObjRTskS6QCbA2efnQ-,boy,1학년,사회적 긴장,0,불안 및 우울 문제,20
학생40 ,-ObjRTskS6QCbA2efnQ-,boy,1학년,감정 기복,0,불안 및 우울 문제,20
학생40 ,-ObjRTskS6QCbA2efnQ-,boy,1학년,과도한 죄책감,1,불안 및 우울 문제,20
학생40 ,-ObjRTskS6QCbA2efnQ-,boy,1학년,과민성/짜증,1,불안 및 우울 문제,20
학생40 ,-ObjRTskS6QCbA2efnQ-,boy,1학년,낮은 자존감,1,학교생활적응 문제,20
학생40 ,-ObjRTskS6QCbA2efnQ-,boy,1학년,무기력/피로,2,불안 및 우울 문제,20
학생40 ,-ObjRTskS6QCbA2efnQ-,boy,1학년,예기 불안,2,불안 및 우울 문제,20
학생40 ,-ObjRTskS6QCbA2efnQ-,boy,1학년,과도한 불안,1,불안 및 우울 문제,20
학생40 ,-ObjRTskS6QCbA2efnQ-,boy,1학년,우울 증상,1,불안 및 우울 문제,20
학생40 ,-ObjRTskS6QCbA2efnQ-,boy,1학년,수면 문제,0,학교생활적응 문제,20
학생40 ,-ObjRTskS6QCbA2efnQ-,boy,1학년,자살 사고,1,자살 및 위기 문제,20
학생40 ,-ObjRTskS6QCbA2efnQ-,boy,1학년,자해 행동,0,자살 및 위기 문제,20
학생40 ,-ObjRTskS6QCbA2efnQ-,boy,1학년,자살 계획,0,자살 및 위기 문제,20
학생40 ,-ObjRTskS6QCbA2efnQ-,boy,1학년,심각한 자살사고,0,자살 및 위기 문제,20
학생40 ,-ObjRTskS6QCbA2efnQ-,boy,1학년,절망감,0,자살 및 위기 문제,20
학생40 ,-ObjRTskS6QCbA2efnQ-,boy,1학년,자살 시도,0,자살 및 위기 문제,20
학생40 ,-ObjRTskS6QCbA2efnQ-,boy,1학년,빈번한 거짓말,1,외현화 문제,20
학생40 ,-ObjRTskS6QCbA2efnQ-,boy,1학년,또래 갈등,0,외현화 문제,20
학생40 ,-ObjRTskS6QCbA2efnQ-,boy,1학년,반항 행동,2,외현화 문제,20
학생40 ,-ObjRTskS6QCbA2efnQ-,boy,1학년,괴롭힘 가해,0,외현화 문제,20
학생40 ,-ObjRTskS6QCbA2efnQ-,boy,1학년,외상 침습증상,0,심리외상 문제,20
학생40 ,-ObjRTskS6QCbA2efnQ-,boy,1학년,외상 관련 악몽,0,심리외상 문제,20
학생40 ,-ObjRTskS6QCbA2efnQ-,boy,1학년,외상 후 고립,0,심리외상 문제,20
학생40 ,-ObjRTskS6QCbA2efnQ-,boy,1학년,외상 후 과각성,0,심리외상 문제,20
학생40 ,-ObjRTskS6QCbA2efnQ-,boy,1학년,외상 회피행동,1,심리외상 문제,20
학생40 ,-ObjRTskS6QCbA2efnQ-,boy,1학년,흡연 문제,0,외현화 문제,20
학생40 ,-ObjRTskS6QCbA2efnQ-,boy,1학년,음주 문제,0,외현화 문제,20
학생40 ,-ObjRTskS6QCbA2efnQ-,boy,1학년,적응력 저하,2,학교생활적응 문제,20
학생40 ,-ObjRTskS6QCbA2efnQ-,boy,1학년,분리 불안,0,학교생활적응 문제,20
학생40 ,-ObjRTskS6QCbA2efnQ-,boy,1학년,학습 어려움,0,학교생활적응 문제,20
학생40 ,-ObjRTskS6QCbA2efnQ-,boy,1학년,재산 관련 비행,0,외현화 문제,20
학생40 ,-ObjRTskS6QCbA2efnQ-,boy,1학년,게임 과몰입,2,외현화 문제,20
학생40 ,-ObjRTskS6QCbA2efnQ-,boy,1학년,관계 형성 곤란,2,학교생활적응 문제,20
학생40 ,-ObjRTskS6QCbA2efnQ-,boy,1학년,등교 거부,0,학교생활적응 문제,20
학생40 ,-ObjRTskS6QCbA2efnQ-,boy,1학년,괴롭힘 피해,0,심리외상 문제,20
학생40 ,-ObjRTskS6QCbA2efnQ-,boy,1학년,따돌림 피해,0,심리외상 문제,20
학생41 ,-ObjRTziqOdJsr0YPAJX,girl,1학년,사회적 긴장,0,불안 및 우울 문제,2
학생41 ,-ObjRTziqOdJsr0YPAJX,girl,1학년,감정 기복,0,불안 및 우울 문제,2
학생41 ,-ObjRTziqOdJsr0YPAJX,girl,1학년,과도한 죄책감,0,불안 및 우울 문제,2
학생41 ,-ObjRTziqOdJsr0YPAJX,girl,1학년,과민성/짜증,0,불안 및 우울 문제,2
학생41 ,-ObjRTziqOdJsr0YPAJX,girl,1학년,낮은 자존감,0,학교생활적응 문제,2
학생41 ,-ObjRTziqOdJsr0YPAJX,girl,1학년,무기력/피로,0,불안 및 우울 문제,2
학생41 ,-ObjRTziqOdJsr0YPAJX,girl,1학년,예기 불안,0,불안 및 우울 문제,2
학생41 ,-ObjRTziqOdJsr0YPAJX,girl,1학년,과도한 불안,0,불안 및 우울 문제,2
학생41 ,-ObjRTziqOdJsr0YPAJX,girl,1학년,우울 증상,0,불안 및 우울 문제,2
학생41 ,-ObjRTziqOdJsr0YPAJX,girl,1학년,수면 문제,2,학교생활적응 문제,2
학생41 ,-ObjRTziqOdJsr0YPAJX,girl,1학년,자살 사고,0,자살 및 위기 문제,2
학생41 ,-ObjRTziqOdJsr0YPAJX,girl,1학년,자해 행동,0,자살 및 위기 문제,2
학생41 ,-ObjRTziqOdJsr0YPAJX,girl,1학년,자살 계획,0,자살 및 위기 문제,2
학생41 ,-ObjRTziqOdJsr0YPAJX,girl,1학년,심각한 자살사고,0,자살 및 위기 문제,2
학생41 ,-ObjRTziqOdJsr0YPAJX,girl,1학년,절망감,0,자살 및 위기 문제,2
학생41 ,-ObjRTziqOdJsr0YPAJX,girl,1학년,자살 시도,0,자살 및 위기 문제,2
학생41 ,-ObjRTziqOdJsr0YPAJX,girl,1학년,빈번한 거짓말,0,외현화 문제,2
학생41 ,-ObjRTziqOdJsr0YPAJX,girl,1학년,또래 갈등,0,외현화 문제,2
학생41 ,-ObjRTziqOdJsr0YPAJX,girl,1학년,반항 행동,0,외현화 문제,2
학생41 ,-ObjRTziqOdJsr0YPAJX,girl,1학년,괴롭힘 가해,0,외현화 문제,2
학생41 ,-ObjRTziqOdJsr0YPAJX,girl,1학년,외상 침습증상,0,심리외상 문제,2
학생41 ,-ObjRTziqOdJsr0YPAJX,girl,1학년,외상 관련 악몽,0,심리외상 문제,2
학생41 ,-ObjRTziqOdJsr0YPAJX,girl,1학년,외상 후 고립,0,심리외상 문제,2
학생41 ,-ObjRTziqOdJsr0YPAJX,girl,1학년,외상 후 과각성,0,심리외상 문제,2
학생41 ,-ObjRTziqOdJsr0YPAJX,girl,1학년,외상 회피행동,0,심리외상 문제,2
학생41 ,-ObjRTziqOdJsr0YPAJX,girl,1학년,흡연 문제,0,외현화 문제,2
학생41 ,-ObjRTziqOdJsr0YPAJX,girl,1학년,음주 문제,0,외현화 문제,2
학생41 ,-ObjRTziqOdJsr0YPAJX,girl,1학년,적응력 저하,0,학교생활적응 문제,2
학생41 ,-ObjRTziqOdJsr0YPAJX,girl,1학년,분리 불안,0,학교생활적응 문제,2
학생41 ,-ObjRTziqOdJsr0YPAJX,girl,1학년,학습 어려움,0,학교생활적응 문제,2
학생41 ,-ObjRTziqOdJsr0YPAJX,girl,1학년,재산 관련 비행,0,외현화 문제,2
학생41 ,-ObjRTziqOdJsr0YPAJX,girl,1학년,게임 과몰입,0,외현화 문제,2
학생41 ,-ObjRTziqOdJsr0YPAJX,girl,1학년,관계 형성 곤란,0,학교생활적응 문제,2
학생41 ,-ObjRTziqOdJsr0YPAJX,girl,1학년,등교 거부,0,학교생활적응 문제,2
학생41 ,-ObjRTziqOdJsr0YPAJX,girl,1학년,괴롭힘 피해,0,심리외상 문제,2
학생41 ,-ObjRTziqOdJsr0YPAJX,girl,1학년,따돌림 피해,0,심리외상 문제,2
학생42 ,-ObjRUM03IOlYWNIgkwn,boy,1학년,사회적 긴장,0,불안 및 우울 문제,16
학생42 ,-ObjRUM03IOlYWNIgkwn,boy,1학년,감정 기복,1,불안 및 우울 문제,16
학생42 ,-ObjRUM03IOlYWNIgkwn,boy,1학년,과도한 죄책감,1,불안 및 우울 문제,16
학생42 ,-ObjRUM03IOlYWNIgkwn,boy,1학년,과민성/짜증,1,불안 및 우울 문제,16
학생42 ,-ObjRUM03IOlYWNIgkwn,boy,1학년,낮은 자존감,3,학교생활적응 문제,16
학생42 ,-ObjRUM03IOlYWNIgkwn,boy,1학년,무기력/피로,2,불안 및 우울 문제,16
학생42 ,-ObjRUM03IOlYWNIgkwn,boy,1학년,예기 불안,2,불안 및 우울 문제,16
학생42 ,-ObjRUM03IOlYWNIgkwn,boy,1학년,과도한 불안,1,불안 및 우울 문제,16
학생42 ,-ObjRUM03IOlYWNIgkwn,boy,1학년,우울 증상,1,불안 및 우울 문제,16
학생42 ,-ObjRUM03IOlYWNIgkwn,boy,1학년,수면 문제,0,학교생활적응 문제,16
학생42 ,-ObjRUM03IOlYWNIgkwn,boy,1학년,자살 사고,0,자살 및 위기 문제,16
학생42 ,-ObjRUM03IOlYWNIgkwn,boy,1학년,자해 행동,0,자살 및 위기 문제,16
학생42 ,-ObjRUM03IOlYWNIgkwn,boy,1학년,자살 계획,0,자살 및 위기 문제,16
학생42 ,-ObjRUM03IOlYWNIgkwn,boy,1학년,심각한 자살사고,0,자살 및 위기 문제,16
학생42 ,-ObjRUM03IOlYWNIgkwn,boy,1학년,절망감,1,자살 및 위기 문제,16
학생42 ,-ObjRUM03IOlYWNIgkwn,boy,1학년,자살 시도,0,자살 및 위기 문제,16
학생42 ,-ObjRUM03IOlYWNIgkwn,boy,1학년,빈번한 거짓말,0,외현화 문제,16
학생42 ,-ObjRUM03IOlYWNIgkwn,boy,1학년,또래 갈등,0,외현화 문제,16
학생42 ,-ObjRUM03IOlYWNIgkwn,boy,1학년,반항 행동,0,외현화 문제,16
학생42 ,-ObjRUM03IOlYWNIgkwn,boy,1학년,괴롭힘 가해,0,외현화 문제,16
학생42 ,-ObjRUM03IOlYWNIgkwn,boy,1학년,외상 침습증상,0,심리외상 문제,16
학생42 ,-ObjRUM03IOlYWNIgkwn,boy,1학년,외상 관련 악몽,0,심리외상 문제,16
학생42 ,-ObjRUM03IOlYWNIgkwn,boy,1학년,외상 후 고립,0,심리외상 문제,16
학생42 ,-ObjRUM03IOlYWNIgkwn,boy,1학년,외상 후 과각성,0,심리외상 문제,16
학생42 ,-ObjRUM03IOlYWNIgkwn,boy,1학년,외상 회피행동,0,심리외상 문제,16
학생42 ,-ObjRUM03IOlYWNIgkwn,boy,1학년,흡연 문제,0,외현화 문제,16
학생42 ,-ObjRUM03IOlYWNIgkwn,boy,1학년,음주 문제,0,외현화 문제,16
학생42 ,-ObjRUM03IOlYWNIgkwn,boy,1학년,적응력 저하,0,학교생활적응 문제,16
학생42 ,-ObjRUM03IOlYWNIgkwn,boy,1학년,분리 불안,0,학교생활적응 문제,16
학생42 ,-ObjRUM03IOlYWNIgkwn,boy,1학년,학습 어려움,1,학교생활적응 문제,16
학생42 ,-ObjRUM03IOlYWNIgkwn,boy,1학년,재산 관련 비행,0,외현화 문제,16
학생42 ,-ObjRUM03IOlYWNIgkwn,boy,1학년,게임 과몰입,1,외현화 문제,16
학생42 ,-ObjRUM03IOlYWNIgkwn,boy,1학년,관계 형성 곤란,1,학교생활적응 문제,16
학생42 ,-ObjRUM03IOlYWNIgkwn,boy,1학년,등교 거부,0,학교생활적응 문제,16
학생42 ,-ObjRUM03IOlYWNIgkwn,boy,1학년,괴롭힘 피해,0,심리외상 문제,16
학생42 ,-ObjRUM03IOlYWNIgkwn,boy,1학년,따돌림 피해,0,심리외상 문제,16
학생43 ,-ObjRVDnp5xXCc5d1m3Q,boy,3학년,사회적 긴장,1,불안 및 우울 문제,13
학생43 ,-ObjRVDnp5xXCc5d1m3Q,boy,3학년,감정 기복,1,불안 및 우울 문제,13
학생43 ,-ObjRVDnp5xXCc5d1m3Q,boy,3학년,과도한 죄책감,1,불안 및 우울 문제,13
학생43 ,-ObjRVDnp5xXCc5d1m3Q,boy,3학년,과민성/짜증,1,불안 및 우울 문제,13
학생43 ,-ObjRVDnp5xXCc5d1m3Q,boy,3학년,낮은 자존감,1,학교생활적응 문제,13
학생43 ,-ObjRVDnp5xXCc5d1m3Q,boy,3학년,무기력/피로,1,불안 및 우울 문제,13
학생43 ,-ObjRVDnp5xXCc5d1m3Q,boy,3학년,예기 불안,1,불안 및 우울 문제,13
학생43 ,-ObjRVDnp5xXCc5d1m3Q,boy,3학년,과도한 불안,1,불안 및 우울 문제,13
학생43 ,-ObjRVDnp5xXCc5d1m3Q,boy,3학년,우울 증상,1,불안 및 우울 문제,13
학생43 ,-ObjRVDnp5xXCc5d1m3Q,boy,3학년,수면 문제,0,학교생활적응 문제,13
학생43 ,-ObjRVDnp5xXCc5d1m3Q,boy,3학년,자살 사고,0,자살 및 위기 문제,13
학생43 ,-ObjRVDnp5xXCc5d1m3Q,boy,3학년,자해 행동,0,자살 및 위기 문제,13
학생43 ,-ObjRVDnp5xXCc5d1m3Q,boy,3학년,자살 계획,0,자살 및 위기 문제,13
학생43 ,-ObjRVDnp5xXCc5d1m3Q,boy,3학년,심각한 자살사고,0,자살 및 위기 문제,13
학생43 ,-ObjRVDnp5xXCc5d1m3Q,boy,3학년,절망감,0,자살 및 위기 문제,13
학생43 ,-ObjRVDnp5xXCc5d1m3Q,boy,3학년,자살 시도,0,자살 및 위기 문제,13
학생43 ,-ObjRVDnp5xXCc5d1m3Q,boy,3학년,빈번한 거짓말,2,외현화 문제,13
학생43 ,-ObjRVDnp5xXCc5d1m3Q,boy,3학년,또래 갈등,0,외현화 문제,13
학생43 ,-ObjRVDnp5xXCc5d1m3Q,boy,3학년,반항 행동,0,외현화 문제,13
학생43 ,-ObjRVDnp5xXCc5d1m3Q,boy,3학년,괴롭힘 가해,0,외현화 문제,13
학생43 ,-ObjRVDnp5xXCc5d1m3Q,boy,3학년,외상 침습증상,0,심리외상 문제,13
학생43 ,-ObjRVDnp5xXCc5d1m3Q,boy,3학년,외상 관련 악몽,0,심리외상 문제,13
학생43 ,-ObjRVDnp5xXCc5d1m3Q,boy,3학년,외상 후 고립,0,심리외상 문제,13
학생43 ,-ObjRVDnp5xXCc5d1m3Q,boy,3학년,외상 후 과각성,0,심리외상 문제,13
학생43 ,-ObjRVDnp5xXCc5d1m3Q,boy,3학년,외상 회피행동,0,심리외상 문제,13
학생43 ,-ObjRVDnp5xXCc5d1m3Q,boy,3학년,흡연 문제,0,외현화 문제,13
학생43 ,-ObjRVDnp5xXCc5d1m3Q,boy,3학년,음주 문제,0,외현화 문제,13
학생43 ,-ObjRVDnp5xXCc5d1m3Q,boy,3학년,적응력 저하,0,학교생활적응 문제,13
학생43 ,-ObjRVDnp5xXCc5d1m3Q,boy,3학년,분리 불안,0,학교생활적응 문제,13
학생43 ,-ObjRVDnp5xXCc5d1m3Q,boy,3학년,학습 어려움,0,학교생활적응 문제,13
학생43 ,-ObjRVDnp5xXCc5d1m3Q,boy,3학년,재산 관련 비행,0,외현화 문제,13
학생43 ,-ObjRVDnp5xXCc5d1m3Q,boy,3학년,게임 과몰입,0,외현화 문제,13
학생43 ,-ObjRVDnp5xXCc5d1m3Q,boy,3학년,관계 형성 곤란,2,학교생활적응 문제,13
학생43 ,-ObjRVDnp5xXCc5d1m3Q,boy,3학년,등교 거부,0,학교생활적응 문제,13
학생43 ,-ObjRVDnp5xXCc5d1m3Q,boy,3학년,괴롭힘 피해,0,심리외상 문제,13
학생43 ,-ObjRVDnp5xXCc5d1m3Q,boy,3학년,따돌림 피해,0,심리외상 문제,13
학생44 ,-ObjRVLHVGxcKJ7zeIEi,boy,1학년,사회적 긴장,0,불안 및 우울 문제,4
학생44 ,-ObjRVLHVGxcKJ7zeIEi,boy,1학년,감정 기복,1,불안 및 우울 문제,4
학생44 ,-ObjRVLHVGxcKJ7zeIEi,boy,1학년,과도한 죄책감,0,불안 및 우울 문제,4
학생44 ,-ObjRVLHVGxcKJ7zeIEi,boy,1학년,과민성/짜증,1,불안 및 우울 문제,4
학생44 ,-ObjRVLHVGxcKJ7zeIEi,boy,1학년,낮은 자존감,0,학교생활적응 문제,4
학생44 ,-ObjRVLHVGxcKJ7zeIEi,boy,1학년,무기력/피로,0,불안 및 우울 문제,4
학생44 ,-ObjRVLHVGxcKJ7zeIEi,boy,1학년,예기 불안,0,불안 및 우울 문제,4
학생44 ,-ObjRVLHVGxcKJ7zeIEi,boy,1학년,과도한 불안,0,불안 및 우울 문제,4
학생44 ,-ObjRVLHVGxcKJ7zeIEi,boy,1학년,우울 증상,0,불안 및 우울 문제,4
학생44 ,-ObjRVLHVGxcKJ7zeIEi,boy,1학년,수면 문제,1,학교생활적응 문제,4
학생44 ,-ObjRVLHVGxcKJ7zeIEi,boy,1학년,자살 사고,0,자살 및 위기 문제,4
학생44 ,-ObjRVLHVGxcKJ7zeIEi,boy,1학년,자해 행동,0,자살 및 위기 문제,4
학생44 ,-ObjRVLHVGxcKJ7zeIEi,boy,1학년,자살 계획,0,자살 및 위기 문제,4
학생44 ,-ObjRVLHVGxcKJ7zeIEi,boy,1학년,심각한 자살사고,0,자살 및 위기 문제,4
학생44 ,-ObjRVLHVGxcKJ7zeIEi,boy,1학년,절망감,0,자살 및 위기 문제,4
학생44 ,-ObjRVLHVGxcKJ7zeIEi,boy,1학년,자살 시도,0,자살 및 위기 문제,4
학생44 ,-ObjRVLHVGxcKJ7zeIEi,boy,1학년,빈번한 거짓말,0,외현화 문제,4
학생44 ,-ObjRVLHVGxcKJ7zeIEi,boy,1학년,또래 갈등,1,외현화 문제,4
학생44 ,-ObjRVLHVGxcKJ7zeIEi,boy,1학년,반항 행동,0,외현화 문제,4
학생44 ,-ObjRVLHVGxcKJ7zeIEi,boy,1학년,괴롭힘 가해,0,외현화 문제,4
학생44 ,-ObjRVLHVGxcKJ7zeIEi,boy,1학년,외상 침습증상,0,심리외상 문제,4
학생44 ,-ObjRVLHVGxcKJ7zeIEi,boy,1학년,외상 관련 악몽,0,심리외상 문제,4
학생44 ,-ObjRVLHVGxcKJ7zeIEi,boy,1학년,외상 후 고립,0,심리외상 문제,4
학생44 ,-ObjRVLHVGxcKJ7zeIEi,boy,1학년,외상 후 과각성,0,심리외상 문제,4
학생44 ,-ObjRVLHVGxcKJ7zeIEi,boy,1학년,외상 회피행동,0,심리외상 문제,4
학생44 ,-ObjRVLHVGxcKJ7zeIEi,boy,1학년,흡연 문제,0,외현화 문제,4
학생44 ,-ObjRVLHVGxcKJ7zeIEi,boy,1학년,음주 문제,0,외현화 문제,4
학생44 ,-ObjRVLHVGxcKJ7zeIEi,boy,1학년,적응력 저하,0,학교생활적응 문제,4
학생44 ,-ObjRVLHVGxcKJ7zeIEi,boy,1학년,분리 불안,0,학교생활적응 문제,4
학생44 ,-ObjRVLHVGxcKJ7zeIEi,boy,1학년,학습 어려움,0,학교생활적응 문제,4
학생44 ,-ObjRVLHVGxcKJ7zeIEi,boy,1학년,재산 관련 비행,0,외현화 문제,4
학생44 ,-ObjRVLHVGxcKJ7zeIEi,boy,1학년,게임 과몰입,0,외현화 문제,4
학생44 ,-ObjRVLHVGxcKJ7zeIEi,boy,1학년,관계 형성 곤란,0,학교생활적응 문제,4
학생44 ,-ObjRVLHVGxcKJ7zeIEi,boy,1학년,등교 거부,0,학교생활적응 문제,4
학생44 ,-ObjRVLHVGxcKJ7zeIEi,boy,1학년,괴롭힘 피해,0,심리외상 문제,4
학생44 ,-ObjRVLHVGxcKJ7zeIEi,boy,1학년,따돌림 피해,0,심리외상 문제,4
학생45 ,-ObjRVpHy8rF2FtHO3gs,boy,2학년,사회적 긴장,3,불안 및 우울 문제,28
학생45 ,-ObjRVpHy8rF2FtHO3gs,boy,2학년,감정 기복,3,불안 및 우울 문제,28
학생45 ,-ObjRVpHy8rF2FtHO3gs,boy,2학년,과도한 죄책감,3,불안 및 우울 문제,28
학생45 ,-ObjRVpHy8rF2FtHO3gs,boy,2학년,과민성/짜증,2,불안 및 우울 문제,28
학생45 ,-ObjRVpHy8rF2FtHO3gs,boy,2학년,낮은 자존감,3,학교생활적응 문제,28
학생45 ,-ObjRVpHy8rF2FtHO3gs,boy,2학년,무기력/피로,1,불안 및 우울 문제,28
학생45 ,-ObjRVpHy8rF2FtHO3gs,boy,2학년,예기 불안,3,불안 및 우울 문제,28
학생45 ,-ObjRVpHy8rF2FtHO3gs,boy,2학년,과도한 불안,3,불안 및 우울 문제,28
학생45 ,-ObjRVpHy8rF2FtHO3gs,boy,2학년,우울 증상,2,불안 및 우울 문제,28
학생45 ,-ObjRVpHy8rF2FtHO3gs,boy,2학년,수면 문제,1,학교생활적응 문제,28
학생45 ,-ObjRVpHy8rF2FtHO3gs,boy,2학년,자살 사고,0,자살 및 위기 문제,28
학생45 ,-ObjRVpHy8rF2FtHO3gs,boy,2학년,자해 행동,1,자살 및 위기 문제,28
학생45 ,-ObjRVpHy8rF2FtHO3gs,boy,2학년,자살 계획,0,자살 및 위기 문제,28
학생45 ,-ObjRVpHy8rF2FtHO3gs,boy,2학년,심각한 자살사고,0,자살 및 위기 문제,28
학생45 ,-ObjRVpHy8rF2FtHO3gs,boy,2학년,절망감,0,자살 및 위기 문제,28
학생45 ,-ObjRVpHy8rF2FtHO3gs,boy,2학년,자살 시도,0,자살 및 위기 문제,28
학생45 ,-ObjRVpHy8rF2FtHO3gs,boy,2학년,빈번한 거짓말,1,외현화 문제,28
학생45 ,-ObjRVpHy8rF2FtHO3gs,boy,2학년,또래 갈등,0,외현화 문제,28
학생45 ,-ObjRVpHy8rF2FtHO3gs,boy,2학년,반항 행동,0,외현화 문제,28
학생45 ,-ObjRVpHy8rF2FtHO3gs,boy,2학년,괴롭힘 가해,0,외현화 문제,28
학생45 ,-ObjRVpHy8rF2FtHO3gs,boy,2학년,외상 침습증상,0,심리외상 문제,28
학생45 ,-ObjRVpHy8rF2FtHO3gs,boy,2학년,외상 관련 악몽,0,심리외상 문제,28
학생45 ,-ObjRVpHy8rF2FtHO3gs,boy,2학년,외상 후 고립,0,심리외상 문제,28
학생45 ,-ObjRVpHy8rF2FtHO3gs,boy,2학년,외상 후 과각성,0,심리외상 문제,28
학생45 ,-ObjRVpHy8rF2FtHO3gs,boy,2학년,외상 회피행동,0,심리외상 문제,28
학생45 ,-ObjRVpHy8rF2FtHO3gs,boy,2학년,흡연 문제,0,외현화 문제,28
학생45 ,-ObjRVpHy8rF2FtHO3gs,boy,2학년,음주 문제,0,외현화 문제,28
학생45 ,-ObjRVpHy8rF2FtHO3gs,boy,2학년,적응력 저하,1,학교생활적응 문제,28
학생45 ,-ObjRVpHy8rF2FtHO3gs,boy,2학년,분리 불안,0,학교생활적응 문제,28
학생45 ,-ObjRVpHy8rF2FtHO3gs,boy,2학년,학습 어려움,0,학교생활적응 문제,28
학생45 ,-ObjRVpHy8rF2FtHO3gs,boy,2학년,재산 관련 비행,0,외현화 문제,28
학생45 ,-ObjRVpHy8rF2FtHO3gs,boy,2학년,게임 과몰입,0,외현화 문제,28
학생45 ,-ObjRVpHy8rF2FtHO3gs,boy,2학년,관계 형성 곤란,1,학교생활적응 문제,28
학생45 ,-ObjRVpHy8rF2FtHO3gs,boy,2학년,등교 거부,0,학교생활적응 문제,28
학생45 ,-ObjRVpHy8rF2FtHO3gs,boy,2학년,괴롭힘 피해,0,심리외상 문제,28
학생45 ,-ObjRVpHy8rF2FtHO3gs,boy,2학년,따돌림 피해,0,심리외상 문제,28
학생46 ,-ObjRVzEjQ7-pcvW9vn2,boy,1학년,사회적 긴장,0,불안 및 우울 문제,24
학생46 ,-ObjRVzEjQ7-pcvW9vn2,boy,1학년,감정 기복,0,불안 및 우울 문제,24
학생46 ,-ObjRVzEjQ7-pcvW9vn2,boy,1학년,과도한 죄책감,0,불안 및 우울 문제,24
학생46 ,-ObjRVzEjQ7-pcvW9vn2,boy,1학년,과민성/짜증,1,불안 및 우울 문제,24
학생46 ,-ObjRVzEjQ7-pcvW9vn2,boy,1학년,낮은 자존감,1,학교생활적응 문제,24
학생46 ,-ObjRVzEjQ7-pcvW9vn2,boy,1학년,무기력/피로,0,불안 및 우울 문제,24
학생46 ,-ObjRVzEjQ7-pcvW9vn2,boy,1학년,예기 불안,2,불안 및 우울 문제,24
학생46 ,-ObjRVzEjQ7-pcvW9vn2,boy,1학년,과도한 불안,1,불안 및 우울 문제,24
학생46 ,-ObjRVzEjQ7-pcvW9vn2,boy,1학년,우울 증상,0,불안 및 우울 문제,24
학생46 ,-ObjRVzEjQ7-pcvW9vn2,boy,1학년,수면 문제,0,학교생활적응 문제,24
학생46 ,-ObjRVzEjQ7-pcvW9vn2,boy,1학년,자살 사고,0,자살 및 위기 문제,24
학생46 ,-ObjRVzEjQ7-pcvW9vn2,boy,1학년,자해 행동,0,자살 및 위기 문제,24
학생46 ,-ObjRVzEjQ7-pcvW9vn2,boy,1학년,자살 계획,0,자살 및 위기 문제,24
학생46 ,-ObjRVzEjQ7-pcvW9vn2,boy,1학년,심각한 자살사고,0,자살 및 위기 문제,24
학생46 ,-ObjRVzEjQ7-pcvW9vn2,boy,1학년,절망감,0,자살 및 위기 문제,24
학생46 ,-ObjRVzEjQ7-pcvW9vn2,boy,1학년,자살 시도,0,자살 및 위기 문제,24
학생46 ,-ObjRVzEjQ7-pcvW9vn2,boy,1학년,빈번한 거짓말,1,외현화 문제,24
학생46 ,-ObjRVzEjQ7-pcvW9vn2,boy,1학년,또래 갈등,1,외현화 문제,24
학생46 ,-ObjRVzEjQ7-pcvW9vn2,boy,1학년,반항 행동,1,외현화 문제,24
학생46 ,-ObjRVzEjQ7-pcvW9vn2,boy,1학년,괴롭힘 가해,1,외현화 문제,24
학생46 ,-ObjRVzEjQ7-pcvW9vn2,boy,1학년,외상 침습증상,0,심리외상 문제,24
학생46 ,-ObjRVzEjQ7-pcvW9vn2,boy,1학년,외상 관련 악몽,0,심리외상 문제,24
학생46 ,-ObjRVzEjQ7-pcvW9vn2,boy,1학년,외상 후 고립,0,심리외상 문제,24
학생46 ,-ObjRVzEjQ7-pcvW9vn2,boy,1학년,외상 후 과각성,2,심리외상 문제,24
학생46 ,-ObjRVzEjQ7-pcvW9vn2,boy,1학년,외상 회피행동,0,심리외상 문제,24
학생46 ,-ObjRVzEjQ7-pcvW9vn2,boy,1학년,흡연 문제,0,외현화 문제,24
학생46 ,-ObjRVzEjQ7-pcvW9vn2,boy,1학년,음주 문제,0,외현화 문제,24
학생46 ,-ObjRVzEjQ7-pcvW9vn2,boy,1학년,적응력 저하,1,학교생활적응 문제,24
학생46 ,-ObjRVzEjQ7-pcvW9vn2,boy,1학년,분리 불안,2,학교생활적응 문제,24
학생46 ,-ObjRVzEjQ7-pcvW9vn2,boy,1학년,학습 어려움,3,학교생활적응 문제,24
학생46 ,-ObjRVzEjQ7-pcvW9vn2,boy,1학년,재산 관련 비행,1,외현화 문제,24
학생46 ,-ObjRVzEjQ7-pcvW9vn2,boy,1학년,게임 과몰입,0,외현화 문제,24
학생46 ,-ObjRVzEjQ7-pcvW9vn2,boy,1학년,관계 형성 곤란,0,학교생활적응 문제,24
학생46 ,-ObjRVzEjQ7-pcvW9vn2,boy,1학년,등교 거부,0,학교생활적응 문제,24
학생46 ,-ObjRVzEjQ7-pcvW9vn2,boy,1학년,괴롭힘 피해,3,심리외상 문제,24
학생46 ,-ObjRVzEjQ7-pcvW9vn2,boy,1학년,따돌림 피해,3,심리외상 문제,24
학생47 ,-ObjRWOfaG3TG0TOiO-I,boy,1학년,사회적 긴장,2,불안 및 우울 문제,24
학생47 ,-ObjRWOfaG3TG0TOiO-I,boy,1학년,감정 기복,2,불안 및 우울 문제,24
학생47 ,-ObjRWOfaG3TG0TOiO-I,boy,1학년,과도한 죄책감,0,불안 및 우울 문제,24
학생47 ,-ObjRWOfaG3TG0TOiO-I,boy,1학년,과민성/짜증,2,불안 및 우울 문제,24
학생47 ,-ObjRWOfaG3TG0TOiO-I,boy,1학년,낮은 자존감,2,학교생활적응 문제,24
학생47 ,-ObjRWOfaG3TG0TOiO-I,boy,1학년,무기력/피로,2,불안 및 우울 문제,24
학생47 ,-ObjRWOfaG3TG0TOiO-I,boy,1학년,예기 불안,3,불안 및 우울 문제,24
학생47 ,-ObjRWOfaG3TG0TOiO-I,boy,1학년,과도한 불안,2,불안 및 우울 문제,24
학생47 ,-ObjRWOfaG3TG0TOiO-I,boy,1학년,우울 증상,1,불안 및 우울 문제,24
학생47 ,-ObjRWOfaG3TG0TOiO-I,boy,1학년,수면 문제,2,학교생활적응 문제,24
학생47 ,-ObjRWOfaG3TG0TOiO-I,boy,1학년,자살 사고,0,자살 및 위기 문제,24
학생47 ,-ObjRWOfaG3TG0TOiO-I,boy,1학년,자해 행동,0,자살 및 위기 문제,24
학생47 ,-ObjRWOfaG3TG0TOiO-I,boy,1학년,자살 계획,0,자살 및 위기 문제,24
학생47 ,-ObjRWOfaG3TG0TOiO-I,boy,1학년,심각한 자살사고,0,자살 및 위기 문제,24
학생47 ,-ObjRWOfaG3TG0TOiO-I,boy,1학년,절망감,0,자살 및 위기 문제,24
학생47 ,-ObjRWOfaG3TG0TOiO-I,boy,1학년,자살 시도,0,자살 및 위기 문제,24
학생47 ,-ObjRWOfaG3TG0TOiO-I,boy,1학년,빈번한 거짓말,1,외현화 문제,24
학생47 ,-ObjRWOfaG3TG0TOiO-I,boy,1학년,또래 갈등,1,외현화 문제,24
학생47 ,-ObjRWOfaG3TG0TOiO-I,boy,1학년,반항 행동,0,외현화 문제,24
학생47 ,-ObjRWOfaG3TG0TOiO-I,boy,1학년,괴롭힘 가해,1,외현화 문제,24
학생47 ,-ObjRWOfaG3TG0TOiO-I,boy,1학년,외상 침습증상,1,심리외상 문제,24
학생47 ,-ObjRWOfaG3TG0TOiO-I,boy,1학년,외상 관련 악몽,0,심리외상 문제,24
학생47 ,-ObjRWOfaG3TG0TOiO-I,boy,1학년,외상 후 고립,0,심리외상 문제,24
학생47 ,-ObjRWOfaG3TG0TOiO-I,boy,1학년,외상 후 과각성,0,심리외상 문제,24
학생47 ,-ObjRWOfaG3TG0TOiO-I,boy,1학년,외상 회피행동,0,심리외상 문제,24
학생47 ,-ObjRWOfaG3TG0TOiO-I,boy,1학년,흡연 문제,0,외현화 문제,24
학생47 ,-ObjRWOfaG3TG0TOiO-I,boy,1학년,음주 문제,0,외현화 문제,24
학생47 ,-ObjRWOfaG3TG0TOiO-I,boy,1학년,적응력 저하,1,학교생활적응 문제,24
학생47 ,-ObjRWOfaG3TG0TOiO-I,boy,1학년,분리 불안,0,학교생활적응 문제,24
학생47 ,-ObjRWOfaG3TG0TOiO-I,boy,1학년,학습 어려움,0,학교생활적응 문제,24
학생47 ,-ObjRWOfaG3TG0TOiO-I,boy,1학년,재산 관련 비행,0,외현화 문제,24
학생47 ,-ObjRWOfaG3TG0TOiO-I,boy,1학년,게임 과몰입,0,외현화 문제,24
학생47 ,-ObjRWOfaG3TG0TOiO-I,boy,1학년,관계 형성 곤란,1,학교생활적응 문제,24
학생47 ,-ObjRWOfaG3TG0TOiO-I,boy,1학년,등교 거부,0,학교생활적응 문제,24
학생47 ,-ObjRWOfaG3TG0TOiO-I,boy,1학년,괴롭힘 피해,0,심리외상 문제,24
학생47 ,-ObjRWOfaG3TG0TOiO-I,boy,1학년,따돌림 피해,0,심리외상 문제,24
학생48 ,-ObjRWbR2uw2vrckarJg,boy,1학년,사회적 긴장,0,불안 및 우울 문제,10
학생48 ,-ObjRWbR2uw2vrckarJg,boy,1학년,감정 기복,2,불안 및 우울 문제,10
학생48 ,-ObjRWbR2uw2vrckarJg,boy,1학년,과도한 죄책감,1,불안 및 우울 문제,10
학생48 ,-ObjRWbR2uw2vrckarJg,boy,1학년,과민성/짜증,1,불안 및 우울 문제,10
학생48 ,-ObjRWbR2uw2vrckarJg,boy,1학년,낮은 자존감,0,학교생활적응 문제,10
학생48 ,-ObjRWbR2uw2vrckarJg,boy,1학년,무기력/피로,1,불안 및 우울 문제,10
학생48 ,-ObjRWbR2uw2vrckarJg,boy,1학년,예기 불안,2,불안 및 우울 문제,10
학생48 ,-ObjRWbR2uw2vrckarJg,boy,1학년,과도한 불안,0,불안 및 우울 문제,10
학생48 ,-ObjRWbR2uw2vrckarJg,boy,1학년,우울 증상,2,불안 및 우울 문제,10
학생48 ,-ObjRWbR2uw2vrckarJg,boy,1학년,수면 문제,0,학교생활적응 문제,10
학생48 ,-ObjRWbR2uw2vrckarJg,boy,1학년,자살 사고,0,자살 및 위기 문제,10
학생48 ,-ObjRWbR2uw2vrckarJg,boy,1학년,자해 행동,0,자살 및 위기 문제,10
학생48 ,-ObjRWbR2uw2vrckarJg,boy,1학년,자살 계획,0,자살 및 위기 문제,10
학생48 ,-ObjRWbR2uw2vrckarJg,boy,1학년,심각한 자살사고,0,자살 및 위기 문제,10
학생48 ,-ObjRWbR2uw2vrckarJg,boy,1학년,절망감,0,자살 및 위기 문제,10
학생48 ,-ObjRWbR2uw2vrckarJg,boy,1학년,자살 시도,0,자살 및 위기 문제,10
학생48 ,-ObjRWbR2uw2vrckarJg,boy,1학년,빈번한 거짓말,0,외현화 문제,10
학생48 ,-ObjRWbR2uw2vrckarJg,boy,1학년,또래 갈등,0,외현화 문제,10
학생48 ,-ObjRWbR2uw2vrckarJg,boy,1학년,반항 행동,0,외현화 문제,10
학생48 ,-ObjRWbR2uw2vrckarJg,boy,1학년,괴롭힘 가해,0,외현화 문제,10
학생48 ,-ObjRWbR2uw2vrckarJg,boy,1학년,외상 침습증상,0,심리외상 문제,10
학생48 ,-ObjRWbR2uw2vrckarJg,boy,1학년,외상 관련 악몽,0,심리외상 문제,10
학생48 ,-ObjRWbR2uw2vrckarJg,boy,1학년,외상 후 고립,0,심리외상 문제,10
학생48 ,-ObjRWbR2uw2vrckarJg,boy,1학년,외상 후 과각성,0,심리외상 문제,10
학생48 ,-ObjRWbR2uw2vrckarJg,boy,1학년,외상 회피행동,1,심리외상 문제,10
학생48 ,-ObjRWbR2uw2vrckarJg,boy,1학년,흡연 문제,0,외현화 문제,10
학생48 ,-ObjRWbR2uw2vrckarJg,boy,1학년,음주 문제,0,외현화 문제,10
학생48 ,-ObjRWbR2uw2vrckarJg,boy,1학년,적응력 저하,0,학교생활적응 문제,10
학생48 ,-ObjRWbR2uw2vrckarJg,boy,1학년,분리 불안,0,학교생활적응 문제,10
학생48 ,-ObjRWbR2uw2vrckarJg,boy,1학년,학습 어려움,0,학교생활적응 문제,10
학생48 ,-ObjRWbR2uw2vrckarJg,boy,1학년,재산 관련 비행,0,외현화 문제,10
학생48 ,-ObjRWbR2uw2vrckarJg,boy,1학년,게임 과몰입,0,외현화 문제,10
학생48 ,-ObjRWbR2uw2vrckarJg,boy,1학년,관계 형성 곤란,0,학교생활적응 문제,10
학생48 ,-ObjRWbR2uw2vrckarJg,boy,1학년,등교 거부,0,학교생활적응 문제,10
학생48 ,-ObjRWbR2uw2vrckarJg,boy,1학년,괴롭힘 피해,0,심리외상 문제,10
학생48 ,-ObjRWbR2uw2vrckarJg,boy,1학년,따돌림 피해,0,심리외상 문제,10
학생49 ,-ObjRWiXHDVA5mCef0TF,boy,1학년,사회적 긴장,0,불안 및 우울 문제,5
학생49 ,-ObjRWiXHDVA5mCef0TF,boy,1학년,감정 기복,0,불안 및 우울 문제,5
학생49 ,-ObjRWiXHDVA5mCef0TF,boy,1학년,과도한 죄책감,1,불안 및 우울 문제,5
학생49 ,-ObjRWiXHDVA5mCef0TF,boy,1학년,과민성/짜증,0,불안 및 우울 문제,5
학생49 ,-ObjRWiXHDVA5mCef0TF,boy,1학년,낮은 자존감,0,학교생활적응 문제,5
학생49 ,-ObjRWiXHDVA5mCef0TF,boy,1학년,무기력/피로,0,불안 및 우울 문제,5
학생49 ,-ObjRWiXHDVA5mCef0TF,boy,1학년,예기 불안,0,불안 및 우울 문제,5
학생49 ,-ObjRWiXHDVA5mCef0TF,boy,1학년,과도한 불안,0,불안 및 우울 문제,5
학생49 ,-ObjRWiXHDVA5mCef0TF,boy,1학년,우울 증상,1,불안 및 우울 문제,5
학생49 ,-ObjRWiXHDVA5mCef0TF,boy,1학년,수면 문제,1,학교생활적응 문제,5
학생49 ,-ObjRWiXHDVA5mCef0TF,boy,1학년,자살 사고,0,자살 및 위기 문제,5
학생49 ,-ObjRWiXHDVA5mCef0TF,boy,1학년,자해 행동,0,자살 및 위기 문제,5
학생49 ,-ObjRWiXHDVA5mCef0TF,boy,1학년,자살 계획,0,자살 및 위기 문제,5
학생49 ,-ObjRWiXHDVA5mCef0TF,boy,1학년,심각한 자살사고,0,자살 및 위기 문제,5
학생49 ,-ObjRWiXHDVA5mCef0TF,boy,1학년,절망감,0,자살 및 위기 문제,5
학생49 ,-ObjRWiXHDVA5mCef0TF,boy,1학년,자살 시도,1,자살 및 위기 문제,5
학생49 ,-ObjRWiXHDVA5mCef0TF,boy,1학년,빈번한 거짓말,1,외현화 문제,5
학생49 ,-ObjRWiXHDVA5mCef0TF,boy,1학년,또래 갈등,0,외현화 문제,5
학생49 ,-ObjRWiXHDVA5mCef0TF,boy,1학년,반항 행동,0,외현화 문제,5
학생49 ,-ObjRWiXHDVA5mCef0TF,boy,1학년,괴롭힘 가해,0,외현화 문제,5
학생49 ,-ObjRWiXHDVA5mCef0TF,boy,1학년,외상 침습증상,0,심리외상 문제,5
학생49 ,-ObjRWiXHDVA5mCef0TF,boy,1학년,외상 관련 악몽,0,심리외상 문제,5
학생49 ,-ObjRWiXHDVA5mCef0TF,boy,1학년,외상 후 고립,0,심리외상 문제,5
학생49 ,-ObjRWiXHDVA5mCef0TF,boy,1학년,외상 후 과각성,0,심리외상 문제,5
학생49 ,-ObjRWiXHDVA5mCef0TF,boy,1학년,외상 회피행동,0,심리외상 문제,5
학생49 ,-ObjRWiXHDVA5mCef0TF,boy,1학년,흡연 문제,0,외현화 문제,5
학생49 ,-ObjRWiXHDVA5mCef0TF,boy,1학년,음주 문제,0,외현화 문제,5
학생49 ,-ObjRWiXHDVA5mCef0TF,boy,1학년,적응력 저하,0,학교생활적응 문제,5
학생49 ,-ObjRWiXHDVA5mCef0TF,boy,1학년,분리 불안,0,학교생활적응 문제,5
학생49 ,-ObjRWiXHDVA5mCef0TF,boy,1학년,학습 어려움,0,학교생활적응 문제,5
학생49 ,-ObjRWiXHDVA5mCef0TF,boy,1학년,재산 관련 비행,0,외현화 문제,5
학생49 ,-ObjRWiXHDVA5mCef0TF,boy,1학년,게임 과몰입,0,외현화 문제,5
학생49 ,-ObjRWiXHDVA5mCef0TF,boy,1학년,관계 형성 곤란,0,학교생활적응 문제,5
학생49 ,-ObjRWiXHDVA5mCef0TF,boy,1학년,등교 거부,0,학교생활적응 문제,5
학생49 ,-ObjRWiXHDVA5mCef0TF,boy,1학년,괴롭힘 피해,0,심리외상 문제,5
학생49 ,-ObjRWiXHDVA5mCef0TF,boy,1학년,따돌림 피해,0,심리외상 문제,5
학생50 ,-ObjRWu39pT6YsNGE3lr,boy,1학년,사회적 긴장,1,불안 및 우울 문제,22
학생50 ,-ObjRWu39pT6YsNGE3lr,boy,1학년,감정 기복,0,불안 및 우울 문제,22
학생50 ,-ObjRWu39pT6YsNGE3lr,boy,1학년,과도한 죄책감,0,불안 및 우울 문제,22
학생50 ,-ObjRWu39pT6YsNGE3lr,boy,1학년,과민성/짜증,0,불안 및 우울 문제,22
학생50 ,-ObjRWu39pT6YsNGE3lr,boy,1학년,낮은 자존감,3,학교생활적응 문제,22
학생50 ,-ObjRWu39pT6YsNGE3lr,boy,1학년,무기력/피로,1,불안 및 우울 문제,22
학생50 ,-ObjRWu39pT6YsNGE3lr,boy,1학년,예기 불안,2,불안 및 우울 문제,22
학생50 ,-ObjRWu39pT6YsNGE3lr,boy,1학년,과도한 불안,2,불안 및 우울 문제,22
학생50 ,-ObjRWu39pT6YsNGE3lr,boy,1학년,우울 증상,3,불안 및 우울 문제,22
학생50 ,-ObjRWu39pT6YsNGE3lr,boy,1학년,수면 문제,3,학교생활적응 문제,22
학생50 ,-ObjRWu39pT6YsNGE3lr,boy,1학년,자살 사고,0,자살 및 위기 문제,22
학생50 ,-ObjRWu39pT6YsNGE3lr,boy,1학년,자해 행동,0,자살 및 위기 문제,22
학생50 ,-ObjRWu39pT6YsNGE3lr,boy,1학년,자살 계획,0,자살 및 위기 문제,22
학생50 ,-ObjRWu39pT6YsNGE3lr,boy,1학년,심각한 자살사고,0,자살 및 위기 문제,22
학생50 ,-ObjRWu39pT6YsNGE3lr,boy,1학년,절망감,0,자살 및 위기 문제,22
학생50 ,-ObjRWu39pT6YsNGE3lr,boy,1학년,자살 시도,0,자살 및 위기 문제,22
학생50 ,-ObjRWu39pT6YsNGE3lr,boy,1학년,빈번한 거짓말,2,외현화 문제,22
학생50 ,-ObjRWu39pT6YsNGE3lr,boy,1학년,또래 갈등,0,외현화 문제,22
학생50 ,-ObjRWu39pT6YsNGE3lr,boy,1학년,반항 행동,0,외현화 문제,22
학생50 ,-ObjRWu39pT6YsNGE3lr,boy,1학년,괴롭힘 가해,0,외현화 문제,22
학생50 ,-ObjRWu39pT6YsNGE3lr,boy,1학년,외상 침습증상,0,심리외상 문제,22
학생50 ,-ObjRWu39pT6YsNGE3lr,boy,1학년,외상 관련 악몽,0,심리외상 문제,22
학생50 ,-ObjRWu39pT6YsNGE3lr,boy,1학년,외상 후 고립,0,심리외상 문제,22
학생50 ,-ObjRWu39pT6YsNGE3lr,boy,1학년,외상 후 과각성,0,심리외상 문제,22
학생50 ,-ObjRWu39pT6YsNGE3lr,boy,1학년,외상 회피행동,0,심리외상 문제,22
학생50 ,-ObjRWu39pT6YsNGE3lr,boy,1학년,흡연 문제,0,외현화 문제,22
학생50 ,-ObjRWu39pT6YsNGE3lr,boy,1학년,음주 문제,0,외현화 문제,22
학생50 ,-ObjRWu39pT6YsNGE3lr,boy,1학년,적응력 저하,2,학교생활적응 문제,22
학생50 ,-ObjRWu39pT6YsNGE3lr,boy,1학년,분리 불안,0,학교생활적응 문제,22
학생50 ,-ObjRWu39pT6YsNGE3lr,boy,1학년,학습 어려움,2,학교생활적응 문제,22
학생50 ,-ObjRWu39pT6YsNGE3lr,boy,1학년,재산 관련 비행,0,외현화 문제,22
학생50 ,-ObjRWu39pT6YsNGE3lr,boy,1학년,게임 과몰입,1,외현화 문제,22
학생50 ,-ObjRWu39pT6YsNGE3lr,boy,1학년,관계 형성 곤란,0,학교생활적응 문제,22
학생50 ,-ObjRWu39pT6YsNGE3lr,boy,1학년,등교 거부,0,학교생활적응 문제,22
학생50 ,-ObjRWu39pT6YsNGE3lr,boy,1학년,괴롭힘 피해,0,심리외상 문제,22
학생50 ,-ObjRWu39pT6YsNGE3lr,boy,1학년,따돌림 피해,0,심리외상 문제,22
학생51 ,-ObjRWuwWJuHxtpCjTI9,boy,1학년,사회적 긴장,0,불안 및 우울 문제,0
학생51 ,-ObjRWuwWJuHxtpCjTI9,boy,1학년,감정 기복,0,불안 및 우울 문제,0
학생51 ,-ObjRWuwWJuHxtpCjTI9,boy,1학년,과도한 죄책감,0,불안 및 우울 문제,0
학생51 ,-ObjRWuwWJuHxtpCjTI9,boy,1학년,과민성/짜증,0,불안 및 우울 문제,0
학생51 ,-ObjRWuwWJuHxtpCjTI9,boy,1학년,낮은 자존감,0,학교생활적응 문제,0
학생51 ,-ObjRWuwWJuHxtpCjTI9,boy,1학년,무기력/피로,0,불안 및 우울 문제,0
학생51 ,-ObjRWuwWJuHxtpCjTI9,boy,1학년,예기 불안,0,불안 및 우울 문제,0
학생51 ,-ObjRWuwWJuHxtpCjTI9,boy,1학년,과도한 불안,0,불안 및 우울 문제,0
학생51 ,-ObjRWuwWJuHxtpCjTI9,boy,1학년,우울 증상,0,불안 및 우울 문제,0
학생51 ,-ObjRWuwWJuHxtpCjTI9,boy,1학년,수면 문제,0,학교생활적응 문제,0
학생51 ,-ObjRWuwWJuHxtpCjTI9,boy,1학년,자살 사고,0,자살 및 위기 문제,0
학생51 ,-ObjRWuwWJuHxtpCjTI9,boy,1학년,자해 행동,0,자살 및 위기 문제,0
학생51 ,-ObjRWuwWJuHxtpCjTI9,boy,1학년,자살 계획,0,자살 및 위기 문제,0
학생51 ,-ObjRWuwWJuHxtpCjTI9,boy,1학년,심각한 자살사고,0,자살 및 위기 문제,0
학생51 ,-ObjRWuwWJuHxtpCjTI9,boy,1학년,절망감,0,자살 및 위기 문제,0
학생51 ,-ObjRWuwWJuHxtpCjTI9,boy,1학년,자살 시도,0,자살 및 위기 문제,0
학생51 ,-ObjRWuwWJuHxtpCjTI9,boy,1학년,빈번한 거짓말,0,외현화 문제,0
학생51 ,-ObjRWuwWJuHxtpCjTI9,boy,1학년,또래 갈등,0,외현화 문제,0
학생51 ,-ObjRWuwWJuHxtpCjTI9,boy,1학년,반항 행동,0,외현화 문제,0
학생51 ,-ObjRWuwWJuHxtpCjTI9,boy,1학년,괴롭힘 가해,0,외현화 문제,0
학생51 ,-ObjRWuwWJuHxtpCjTI9,boy,1학년,외상 침습증상,0,심리외상 문제,0
학생51 ,-ObjRWuwWJuHxtpCjTI9,boy,1학년,외상 관련 악몽,0,심리외상 문제,0
학생51 ,-ObjRWuwWJuHxtpCjTI9,boy,1학년,외상 후 고립,0,심리외상 문제,0
학생51 ,-ObjRWuwWJuHxtpCjTI9,boy,1학년,외상 후 과각성,0,심리외상 문제,0
학생51 ,-ObjRWuwWJuHxtpCjTI9,boy,1학년,외상 회피행동,0,심리외상 문제,0
학생51 ,-ObjRWuwWJuHxtpCjTI9,boy,1학년,흡연 문제,0,외현화 문제,0
학생51 ,-ObjRWuwWJuHxtpCjTI9,boy,1학년,음주 문제,0,외현화 문제,0
학생51 ,-ObjRWuwWJuHxtpCjTI9,boy,1학년,적응력 저하,0,학교생활적응 문제,0
학생51 ,-ObjRWuwWJuHxtpCjTI9,boy,1학년,분리 불안,0,학교생활적응 문제,0
학생51 ,-ObjRWuwWJuHxtpCjTI9,boy,1학년,학습 어려움,0,학교생활적응 문제,0
학생51 ,-ObjRWuwWJuHxtpCjTI9,boy,1학년,재산 관련 비행,0,외현화 문제,0
학생51 ,-ObjRWuwWJuHxtpCjTI9,boy,1학년,게임 과몰입,0,외현화 문제,0
학생51 ,-ObjRWuwWJuHxtpCjTI9,boy,1학년,관계 형성 곤란,0,학교생활적응 문제,0
학생51 ,-ObjRWuwWJuHxtpCjTI9,boy,1학년,등교 거부,0,학교생활적응 문제,0
학생51 ,-ObjRWuwWJuHxtpCjTI9,boy,1학년,괴롭힘 피해,0,심리외상 문제,0
학생51 ,-ObjRWuwWJuHxtpCjTI9,boy,1학년,따돌림 피해,0,심리외상 문제,0
학생52 ,-ObjRWz805OelNKbtY9Y,boy,2학년,사회적 긴장,2,불안 및 우울 문제,11
학생52 ,-ObjRWz805OelNKbtY9Y,boy,2학년,감정 기복,2,불안 및 우울 문제,11
학생52 ,-ObjRWz805OelNKbtY9Y,boy,2학년,과도한 죄책감,1,불안 및 우울 문제,11
학생52 ,-ObjRWz805OelNKbtY9Y,boy,2학년,과민성/짜증,1,불안 및 우울 문제,11
학생52 ,-ObjRWz805OelNKbtY9Y,boy,2학년,낮은 자존감,1,학교생활적응 문제,11
학생52 ,-ObjRWz805OelNKbtY9Y,boy,2학년,무기력/피로,0,불안 및 우울 문제,11
학생52 ,-ObjRWz805OelNKbtY9Y,boy,2학년,예기 불안,1,불안 및 우울 문제,11
학생52 ,-ObjRWz805OelNKbtY9Y,boy,2학년,과도한 불안,1,불안 및 우울 문제,11
학생52 ,-ObjRWz805OelNKbtY9Y,boy,2학년,우울 증상,1,불안 및 우울 문제,11
학생52 ,-ObjRWz805OelNKbtY9Y,boy,2학년,수면 문제,0,학교생활적응 문제,11
학생52 ,-ObjRWz805OelNKbtY9Y,boy,2학년,자살 사고,0,자살 및 위기 문제,11
학생52 ,-ObjRWz805OelNKbtY9Y,boy,2학년,자해 행동,0,자살 및 위기 문제,11
학생52 ,-ObjRWz805OelNKbtY9Y,boy,2학년,자살 계획,0,자살 및 위기 문제,11
학생52 ,-ObjRWz805OelNKbtY9Y,boy,2학년,심각한 자살사고,0,자살 및 위기 문제,11
학생52 ,-ObjRWz805OelNKbtY9Y,boy,2학년,절망감,0,자살 및 위기 문제,11
학생52 ,-ObjRWz805OelNKbtY9Y,boy,2학년,자살 시도,0,자살 및 위기 문제,11
학생52 ,-ObjRWz805OelNKbtY9Y,boy,2학년,빈번한 거짓말,0,외현화 문제,11
학생52 ,-ObjRWz805OelNKbtY9Y,boy,2학년,또래 갈등,0,외현화 문제,11
학생52 ,-ObjRWz805OelNKbtY9Y,boy,2학년,반항 행동,0,외현화 문제,11
학생52 ,-ObjRWz805OelNKbtY9Y,boy,2학년,괴롭힘 가해,0,외현화 문제,11
학생52 ,-ObjRWz805OelNKbtY9Y,boy,2학년,외상 침습증상,0,심리외상 문제,11
학생52 ,-ObjRWz805OelNKbtY9Y,boy,2학년,외상 관련 악몽,0,심리외상 문제,11
학생52 ,-ObjRWz805OelNKbtY9Y,boy,2학년,외상 후 고립,0,심리외상 문제,11
학생52 ,-ObjRWz805OelNKbtY9Y,boy,2학년,외상 후 과각성,0,심리외상 문제,11
학생52 ,-ObjRWz805OelNKbtY9Y,boy,2학년,외상 회피행동,0,심리외상 문제,11
학생52 ,-ObjRWz805OelNKbtY9Y,boy,2학년,흡연 문제,0,외현화 문제,11
학생52 ,-ObjRWz805OelNKbtY9Y,boy,2학년,음주 문제,0,외현화 문제,11
학생52 ,-ObjRWz805OelNKbtY9Y,boy,2학년,적응력 저하,0,학교생활적응 문제,11
학생52 ,-ObjRWz805OelNKbtY9Y,boy,2학년,분리 불안,0,학교생활적응 문제,11
학생52 ,-ObjRWz805OelNKbtY9Y,boy,2학년,학습 어려움,0,학교생활적응 문제,11
학생52 ,-ObjRWz805OelNKbtY9Y,boy,2학년,재산 관련 비행,0,외현화 문제,11
학생52 ,-ObjRWz805OelNKbtY9Y,boy,2학년,게임 과몰입,1,외현화 문제,11
학생52 ,-ObjRWz805OelNKbtY9Y,boy,2학년,관계 형성 곤란,0,학교생활적응 문제,11
학생52 ,-ObjRWz805OelNKbtY9Y,boy,2학년,등교 거부,0,학교생활적응 문제,11
학생52 ,-ObjRWz805OelNKbtY9Y,boy,2학년,괴롭힘 피해,0,심리외상 문제,11
학생52 ,-ObjRWz805OelNKbtY9Y,boy,2학년,따돌림 피해,0,심리외상 문제,11
학생53 ,-ObjRXLpXCzj-2btAh0H,girl,2학년,사회적 긴장,1,불안 및 우울 문제,13
학생53 ,-ObjRXLpXCzj-2btAh0H,girl,2학년,감정 기복,1,불안 및 우울 문제,13
학생53 ,-ObjRXLpXCzj-2btAh0H,girl,2학년,과도한 죄책감,1,불안 및 우울 문제,13
학생53 ,-ObjRXLpXCzj-2btAh0H,girl,2학년,과민성/짜증,1,불안 및 우울 문제,13
학생53 ,-ObjRXLpXCzj-2btAh0H,girl,2학년,낮은 자존감,2,학교생활적응 문제,13
학생53 ,-ObjRXLpXCzj-2btAh0H,girl,2학년,무기력/피로,0,불안 및 우울 문제,13
학생53 ,-ObjRXLpXCzj-2btAh0H,girl,2학년,예기 불안,3,불안 및 우울 문제,13
학생53 ,-ObjRXLpXCzj-2btAh0H,girl,2학년,과도한 불안,2,불안 및 우울 문제,13
학생53 ,-ObjRXLpXCzj-2btAh0H,girl,2학년,우울 증상,0,불안 및 우울 문제,13
학생53 ,-ObjRXLpXCzj-2btAh0H,girl,2학년,수면 문제,0,학교생활적응 문제,13
학생53 ,-ObjRXLpXCzj-2btAh0H,girl,2학년,자살 사고,0,자살 및 위기 문제,13
학생53 ,-ObjRXLpXCzj-2btAh0H,girl,2학년,자해 행동,0,자살 및 위기 문제,13
학생53 ,-ObjRXLpXCzj-2btAh0H,girl,2학년,자살 계획,0,자살 및 위기 문제,13
학생53 ,-ObjRXLpXCzj-2btAh0H,girl,2학년,심각한 자살사고,0,자살 및 위기 문제,13
학생53 ,-ObjRXLpXCzj-2btAh0H,girl,2학년,절망감,0,자살 및 위기 문제,13
학생53 ,-ObjRXLpXCzj-2btAh0H,girl,2학년,자살 시도,0,자살 및 위기 문제,13
학생53 ,-ObjRXLpXCzj-2btAh0H,girl,2학년,빈번한 거짓말,0,외현화 문제,13
학생53 ,-ObjRXLpXCzj-2btAh0H,girl,2학년,또래 갈등,0,외현화 문제,13
학생53 ,-ObjRXLpXCzj-2btAh0H,girl,2학년,반항 행동,1,외현화 문제,13
학생53 ,-ObjRXLpXCzj-2btAh0H,girl,2학년,괴롭힘 가해,0,외현화 문제,13
학생53 ,-ObjRXLpXCzj-2btAh0H,girl,2학년,외상 침습증상,0,심리외상 문제,13
학생53 ,-ObjRXLpXCzj-2btAh0H,girl,2학년,외상 관련 악몽,0,심리외상 문제,13
학생53 ,-ObjRXLpXCzj-2btAh0H,girl,2학년,외상 후 고립,0,심리외상 문제,13
학생53 ,-ObjRXLpXCzj-2btAh0H,girl,2학년,외상 후 과각성,0,심리외상 문제,13
학생53 ,-ObjRXLpXCzj-2btAh0H,girl,2학년,외상 회피행동,0,심리외상 문제,13
학생53 ,-ObjRXLpXCzj-2btAh0H,girl,2학년,흡연 문제,0,외현화 문제,13
학생53 ,-ObjRXLpXCzj-2btAh0H,girl,2학년,음주 문제,0,외현화 문제,13
학생53 ,-ObjRXLpXCzj-2btAh0H,girl,2학년,적응력 저하,0,학교생활적응 문제,13
학생53 ,-ObjRXLpXCzj-2btAh0H,girl,2학년,분리 불안,1,학교생활적응 문제,13
학생53 ,-ObjRXLpXCzj-2btAh0H,girl,2학년,학습 어려움,0,학교생활적응 문제,13
학생53 ,-ObjRXLpXCzj-2btAh0H,girl,2학년,재산 관련 비행,0,외현화 문제,13
학생53 ,-ObjRXLpXCzj-2btAh0H,girl,2학년,게임 과몰입,0,외현화 문제,13
학생53 ,-ObjRXLpXCzj-2btAh0H,girl,2학년,관계 형성 곤란,0,학교생활적응 문제,13
학생53 ,-ObjRXLpXCzj-2btAh0H,girl,2학년,등교 거부,0,학교생활적응 문제,13
학생53 ,-ObjRXLpXCzj-2btAh0H,girl,2학년,괴롭힘 피해,0,심리외상 문제,13
학생53 ,-ObjRXLpXCzj-2btAh0H,girl,2학년,따돌림 피해,0,심리외상 문제,13
학생54 ,-ObjRXqd_C8X13UV8wj2,boy,2학년,사회적 긴장,0,불안 및 우울 문제,10
학생54 ,-ObjRXqd_C8X13UV8wj2,boy,2학년,감정 기복,0,불안 및 우울 문제,10
학생54 ,-ObjRXqd_C8X13UV8wj2,boy,2학년,과도한 죄책감,1,불안 및 우울 문제,10
학생54 ,-ObjRXqd_C8X13UV8wj2,boy,2학년,과민성/짜증,1,불안 및 우울 문제,10
학생54 ,-ObjRXqd_C8X13UV8wj2,boy,2학년,낮은 자존감,1,학교생활적응 문제,10
학생54 ,-ObjRXqd_C8X13UV8wj2,boy,2학년,무기력/피로,0,불안 및 우울 문제,10
학생54 ,-ObjRXqd_C8X13UV8wj2,boy,2학년,예기 불안,2,불안 및 우울 문제,10
학생54 ,-ObjRXqd_C8X13UV8wj2,boy,2학년,과도한 불안,0,불안 및 우울 문제,10
학생54 ,-ObjRXqd_C8X13UV8wj2,boy,2학년,우울 증상,0,불안 및 우울 문제,10
학생54 ,-ObjRXqd_C8X13UV8wj2,boy,2학년,수면 문제,2,학교생활적응 문제,10
학생54 ,-ObjRXqd_C8X13UV8wj2,boy,2학년,자살 사고,0,자살 및 위기 문제,10
학생54 ,-ObjRXqd_C8X13UV8wj2,boy,2학년,자해 행동,0,자살 및 위기 문제,10
학생54 ,-ObjRXqd_C8X13UV8wj2,boy,2학년,자살 계획,0,자살 및 위기 문제,10
학생54 ,-ObjRXqd_C8X13UV8wj2,boy,2학년,심각한 자살사고,0,자살 및 위기 문제,10
학생54 ,-ObjRXqd_C8X13UV8wj2,boy,2학년,절망감,1,자살 및 위기 문제,10
학생54 ,-ObjRXqd_C8X13UV8wj2,boy,2학년,자살 시도,0,자살 및 위기 문제,10
학생54 ,-ObjRXqd_C8X13UV8wj2,boy,2학년,빈번한 거짓말,0,외현화 문제,10
학생54 ,-ObjRXqd_C8X13UV8wj2,boy,2학년,또래 갈등,0,외현화 문제,10
학생54 ,-ObjRXqd_C8X13UV8wj2,boy,2학년,반항 행동,0,외현화 문제,10
학생54 ,-ObjRXqd_C8X13UV8wj2,boy,2학년,괴롭힘 가해,0,외현화 문제,10
학생54 ,-ObjRXqd_C8X13UV8wj2,boy,2학년,외상 침습증상,0,심리외상 문제,10
학생54 ,-ObjRXqd_C8X13UV8wj2,boy,2학년,외상 관련 악몽,0,심리외상 문제,10
학생54 ,-ObjRXqd_C8X13UV8wj2,boy,2학년,외상 후 고립,0,심리외상 문제,10
학생54 ,-ObjRXqd_C8X13UV8wj2,boy,2학년,외상 후 과각성,0,심리외상 문제,10
학생54 ,-ObjRXqd_C8X13UV8wj2,boy,2학년,외상 회피행동,0,심리외상 문제,10
학생54 ,-ObjRXqd_C8X13UV8wj2,boy,2학년,흡연 문제,1,외현화 문제,10
학생54 ,-ObjRXqd_C8X13UV8wj2,boy,2학년,음주 문제,1,외현화 문제,10
학생54 ,-ObjRXqd_C8X13UV8wj2,boy,2학년,적응력 저하,0,학교생활적응 문제,10
학생54 ,-ObjRXqd_C8X13UV8wj2,boy,2학년,분리 불안,0,학교생활적응 문제,10
학생54 ,-ObjRXqd_C8X13UV8wj2,boy,2학년,학습 어려움,0,학교생활적응 문제,10
학생54 ,-ObjRXqd_C8X13UV8wj2,boy,2학년,재산 관련 비행,0,외현화 문제,10
학생54 ,-ObjRXqd_C8X13UV8wj2,boy,2학년,게임 과몰입,0,외현화 문제,10
학생54 ,-ObjRXqd_C8X13UV8wj2,boy,2학년,관계 형성 곤란,0,학교생활적응 문제,10
학생54 ,-ObjRXqd_C8X13UV8wj2,boy,2학년,등교 거부,0,학교생활적응 문제,10
학생54 ,-ObjRXqd_C8X13UV8wj2,boy,2학년,괴롭힘 피해,0,심리외상 문제,10
학생54 ,-ObjRXqd_C8X13UV8wj2,boy,2학년,따돌림 피해,0,심리외상 문제,10
학생55 ,-ObjRY5IFkscmPEU_Clq,boy,1학년,사회적 긴장,2,불안 및 우울 문제,14
학생55 ,-ObjRY5IFkscmPEU_Clq,boy,1학년,감정 기복,1,불안 및 우울 문제,14
학생55 ,-ObjRY5IFkscmPEU_Clq,boy,1학년,과도한 죄책감,1,불안 및 우울 문제,14
학생55 ,-ObjRY5IFkscmPEU_Clq,boy,1학년,과민성/짜증,0,불안 및 우울 문제,14
학생55 ,-ObjRY5IFkscmPEU_Clq,boy,1학년,낮은 자존감,3,학교생활적응 문제,14
학생55 ,-ObjRY5IFkscmPEU_Clq,boy,1학년,무기력/피로,1,불안 및 우울 문제,14
학생55 ,-ObjRY5IFkscmPEU_Clq,boy,1학년,예기 불안,1,불안 및 우울 문제,14
학생55 ,-ObjRY5IFkscmPEU_Clq,boy,1학년,과도한 불안,1,불안 및 우울 문제,14
학생55 ,-ObjRY5IFkscmPEU_Clq,boy,1학년,우울 증상,1,불안 및 우울 문제,14
학생55 ,-ObjRY5IFkscmPEU_Clq,boy,1학년,수면 문제,3,학교생활적응 문제,14
학생55 ,-ObjRY5IFkscmPEU_Clq,boy,1학년,자살 사고,0,자살 및 위기 문제,14
학생55 ,-ObjRY5IFkscmPEU_Clq,boy,1학년,자해 행동,0,자살 및 위기 문제,14
학생55 ,-ObjRY5IFkscmPEU_Clq,boy,1학년,자살 계획,0,자살 및 위기 문제,14
학생55 ,-ObjRY5IFkscmPEU_Clq,boy,1학년,심각한 자살사고,0,자살 및 위기 문제,14
학생55 ,-ObjRY5IFkscmPEU_Clq,boy,1학년,절망감,0,자살 및 위기 문제,14
학생55 ,-ObjRY5IFkscmPEU_Clq,boy,1학년,자살 시도,0,자살 및 위기 문제,14
학생55 ,-ObjRY5IFkscmPEU_Clq,boy,1학년,빈번한 거짓말,0,외현화 문제,14
학생55 ,-ObjRY5IFkscmPEU_Clq,boy,1학년,또래 갈등,0,외현화 문제,14
학생55 ,-ObjRY5IFkscmPEU_Clq,boy,1학년,반항 행동,0,외현화 문제,14
학생55 ,-ObjRY5IFkscmPEU_Clq,boy,1학년,괴롭힘 가해,0,외현화 문제,14
학생55 ,-ObjRY5IFkscmPEU_Clq,boy,1학년,외상 침습증상,0,심리외상 문제,14
학생55 ,-ObjRY5IFkscmPEU_Clq,boy,1학년,외상 관련 악몽,0,심리외상 문제,14
학생55 ,-ObjRY5IFkscmPEU_Clq,boy,1학년,외상 후 고립,0,심리외상 문제,14
학생55 ,-ObjRY5IFkscmPEU_Clq,boy,1학년,외상 후 과각성,0,심리외상 문제,14
학생55 ,-ObjRY5IFkscmPEU_Clq,boy,1학년,외상 회피행동,0,심리외상 문제,14
학생55 ,-ObjRY5IFkscmPEU_Clq,boy,1학년,흡연 문제,0,외현화 문제,14
학생55 ,-ObjRY5IFkscmPEU_Clq,boy,1학년,음주 문제,0,외현화 문제,14
학생55 ,-ObjRY5IFkscmPEU_Clq,boy,1학년,적응력 저하,0,학교생활적응 문제,14
학생55 ,-ObjRY5IFkscmPEU_Clq,boy,1학년,분리 불안,0,학교생활적응 문제,14
학생55 ,-ObjRY5IFkscmPEU_Clq,boy,1학년,학습 어려움,0,학교생활적응 문제,14
학생55 ,-ObjRY5IFkscmPEU_Clq,boy,1학년,재산 관련 비행,0,외현화 문제,14
학생55 ,-ObjRY5IFkscmPEU_Clq,boy,1학년,게임 과몰입,0,외현화 문제,14
학생55 ,-ObjRY5IFkscmPEU_Clq,boy,1학년,관계 형성 곤란,0,학교생활적응 문제,14
학생55 ,-ObjRY5IFkscmPEU_Clq,boy,1학년,등교 거부,0,학교생활적응 문제,14
학생55 ,-ObjRY5IFkscmPEU_Clq,boy,1학년,괴롭힘 피해,0,심리외상 문제,14
학생55 ,-ObjRY5IFkscmPEU_Clq,boy,1학년,따돌림 피해,0,심리외상 문제,14
학생56 ,-ObjRYDF_MzAX_YhRW95,boy,2학년,사회적 긴장,1,불안 및 우울 문제,11
학생56 ,-ObjRYDF_MzAX_YhRW95,boy,2학년,감정 기복,0,불안 및 우울 문제,11
학생56 ,-ObjRYDF_MzAX_YhRW95,boy,2학년,과도한 죄책감,0,불안 및 우울 문제,11
학생56 ,-ObjRYDF_MzAX_YhRW95,boy,2학년,과민성/짜증,0,불안 및 우울 문제,11
학생56 ,-ObjRYDF_MzAX_YhRW95,boy,2학년,낮은 자존감,2,학교생활적응 문제,11
학생56 ,-ObjRYDF_MzAX_YhRW95,boy,2학년,무기력/피로,3,불안 및 우울 문제,11
학생56 ,-ObjRYDF_MzAX_YhRW95,boy,2학년,예기 불안,1,불안 및 우울 문제,11
학생56 ,-ObjRYDF_MzAX_YhRW95,boy,2학년,과도한 불안,0,불안 및 우울 문제,11
학생56 ,-ObjRYDF_MzAX_YhRW95,boy,2학년,우울 증상,1,불안 및 우울 문제,11
학생56 ,-ObjRYDF_MzAX_YhRW95,boy,2학년,수면 문제,0,학교생활적응 문제,11
학생56 ,-ObjRYDF_MzAX_YhRW95,boy,2학년,자살 사고,1,자살 및 위기 문제,11
학생56 ,-ObjRYDF_MzAX_YhRW95,boy,2학년,자해 행동,0,자살 및 위기 문제,11
학생56 ,-ObjRYDF_MzAX_YhRW95,boy,2학년,자살 계획,0,자살 및 위기 문제,11
학생56 ,-ObjRYDF_MzAX_YhRW95,boy,2학년,심각한 자살사고,0,자살 및 위기 문제,11
학생56 ,-ObjRYDF_MzAX_YhRW95,boy,2학년,절망감,1,자살 및 위기 문제,11
학생56 ,-ObjRYDF_MzAX_YhRW95,boy,2학년,자살 시도,0,자살 및 위기 문제,11
학생56 ,-ObjRYDF_MzAX_YhRW95,boy,2학년,빈번한 거짓말,0,외현화 문제,11
학생56 ,-ObjRYDF_MzAX_YhRW95,boy,2학년,또래 갈등,0,외현화 문제,11
학생56 ,-ObjRYDF_MzAX_YhRW95,boy,2학년,반항 행동,0,외현화 문제,11
학생56 ,-ObjRYDF_MzAX_YhRW95,boy,2학년,괴롭힘 가해,0,외현화 문제,11
학생56 ,-ObjRYDF_MzAX_YhRW95,boy,2학년,외상 침습증상,0,심리외상 문제,11
학생56 ,-ObjRYDF_MzAX_YhRW95,boy,2학년,외상 관련 악몽,0,심리외상 문제,11
학생56 ,-ObjRYDF_MzAX_YhRW95,boy,2학년,외상 후 고립,0,심리외상 문제,11
학생56 ,-ObjRYDF_MzAX_YhRW95,boy,2학년,외상 후 과각성,0,심리외상 문제,11
학생56 ,-ObjRYDF_MzAX_YhRW95,boy,2학년,외상 회피행동,0,심리외상 문제,11
학생56 ,-ObjRYDF_MzAX_YhRW95,boy,2학년,흡연 문제,0,외현화 문제,11
학생56 ,-ObjRYDF_MzAX_YhRW95,boy,2학년,음주 문제,0,외현화 문제,11
학생56 ,-ObjRYDF_MzAX_YhRW95,boy,2학년,적응력 저하,0,학교생활적응 문제,11
학생56 ,-ObjRYDF_MzAX_YhRW95,boy,2학년,분리 불안,0,학교생활적응 문제,11
학생56 ,-ObjRYDF_MzAX_YhRW95,boy,2학년,학습 어려움,0,학교생활적응 문제,11
학생56 ,-ObjRYDF_MzAX_YhRW95,boy,2학년,재산 관련 비행,0,외현화 문제,11
학생56 ,-ObjRYDF_MzAX_YhRW95,boy,2학년,게임 과몰입,0,외현화 문제,11
학생56 ,-ObjRYDF_MzAX_YhRW95,boy,2학년,관계 형성 곤란,0,학교생활적응 문제,11
학생56 ,-ObjRYDF_MzAX_YhRW95,boy,2학년,등교 거부,1,학교생활적응 문제,11
학생56 ,-ObjRYDF_MzAX_YhRW95,boy,2학년,괴롭힘 피해,0,심리외상 문제,11
학생56 ,-ObjRYDF_MzAX_YhRW95,boy,2학년,따돌림 피해,0,심리외상 문제,11
학생57 ,-ObjRYFwm36ikq8xdQN1,girl,2학년,사회적 긴장,1,불안 및 우울 문제,14
학생57 ,-ObjRYFwm36ikq8xdQN1,girl,2학년,감정 기복,2,불안 및 우울 문제,14
학생57 ,-ObjRYFwm36ikq8xdQN1,girl,2학년,과도한 죄책감,1,불안 및 우울 문제,14
학생57 ,-ObjRYFwm36ikq8xdQN1,girl,2학년,과민성/짜증,1,불안 및 우울 문제,14
학생57 ,-ObjRYFwm36ikq8xdQN1,girl,2학년,낮은 자존감,2,학교생활적응 문제,14
학생57 ,-ObjRYFwm36ikq8xdQN1,girl,2학년,무기력/피로,1,불안 및 우울 문제,14
학생57 ,-ObjRYFwm36ikq8xdQN1,girl,2학년,예기 불안,2,불안 및 우울 문제,14
학생57 ,-ObjRYFwm36ikq8xdQN1,girl,2학년,과도한 불안,1,불안 및 우울 문제,14
학생57 ,-ObjRYFwm36ikq8xdQN1,girl,2학년,우울 증상,1,불안 및 우울 문제,14
학생57 ,-ObjRYFwm36ikq8xdQN1,girl,2학년,수면 문제,1,학교생활적응 문제,14
학생57 ,-ObjRYFwm36ikq8xdQN1,girl,2학년,자살 사고,0,자살 및 위기 문제,14
학생57 ,-ObjRYFwm36ikq8xdQN1,girl,2학년,자해 행동,0,자살 및 위기 문제,14
학생57 ,-ObjRYFwm36ikq8xdQN1,girl,2학년,자살 계획,0,자살 및 위기 문제,14
학생57 ,-ObjRYFwm36ikq8xdQN1,girl,2학년,심각한 자살사고,0,자살 및 위기 문제,14
학생57 ,-ObjRYFwm36ikq8xdQN1,girl,2학년,절망감,1,자살 및 위기 문제,14
학생57 ,-ObjRYFwm36ikq8xdQN1,girl,2학년,자살 시도,0,자살 및 위기 문제,14
학생57 ,-ObjRYFwm36ikq8xdQN1,girl,2학년,빈번한 거짓말,0,외현화 문제,14
학생57 ,-ObjRYFwm36ikq8xdQN1,girl,2학년,또래 갈등,0,외현화 문제,14
학생57 ,-ObjRYFwm36ikq8xdQN1,girl,2학년,반항 행동,0,외현화 문제,14
학생57 ,-ObjRYFwm36ikq8xdQN1,girl,2학년,괴롭힘 가해,0,외현화 문제,14
학생57 ,-ObjRYFwm36ikq8xdQN1,girl,2학년,외상 침습증상,0,심리외상 문제,14
학생57 ,-ObjRYFwm36ikq8xdQN1,girl,2학년,외상 관련 악몽,0,심리외상 문제,14
학생57 ,-ObjRYFwm36ikq8xdQN1,girl,2학년,외상 후 고립,0,심리외상 문제,14
학생57 ,-ObjRYFwm36ikq8xdQN1,girl,2학년,외상 후 과각성,0,심리외상 문제,14
학생57 ,-ObjRYFwm36ikq8xdQN1,girl,2학년,외상 회피행동,0,심리외상 문제,14
학생57 ,-ObjRYFwm36ikq8xdQN1,girl,2학년,흡연 문제,0,외현화 문제,14
학생57 ,-ObjRYFwm36ikq8xdQN1,girl,2학년,음주 문제,0,외현화 문제,14
학생57 ,-ObjRYFwm36ikq8xdQN1,girl,2학년,적응력 저하,0,학교생활적응 문제,14
학생57 ,-ObjRYFwm36ikq8xdQN1,girl,2학년,분리 불안,0,학교생활적응 문제,14
학생57 ,-ObjRYFwm36ikq8xdQN1,girl,2학년,학습 어려움,0,학교생활적응 문제,14
학생57 ,-ObjRYFwm36ikq8xdQN1,girl,2학년,재산 관련 비행,0,외현화 문제,14
학생57 ,-ObjRYFwm36ikq8xdQN1,girl,2학년,게임 과몰입,0,외현화 문제,14
학생57 ,-ObjRYFwm36ikq8xdQN1,girl,2학년,관계 형성 곤란,0,학교생활적응 문제,14
학생57 ,-ObjRYFwm36ikq8xdQN1,girl,2학년,등교 거부,0,학교생활적응 문제,14
학생57 ,-ObjRYFwm36ikq8xdQN1,girl,2학년,괴롭힘 피해,0,심리외상 문제,14
학생57 ,-ObjRYFwm36ikq8xdQN1,girl,2학년,따돌림 피해,0,심리외상 문제,14
학생58 ,-ObjRYZY1h1kaKfs3x1O,boy,2학년,사회적 긴장,2,불안 및 우울 문제,40
학생58 ,-ObjRYZY1h1kaKfs3x1O,boy,2학년,감정 기복,3,불안 및 우울 문제,40
학생58 ,-ObjRYZY1h1kaKfs3x1O,boy,2학년,과도한 죄책감,2,불안 및 우울 문제,40
학생58 ,-ObjRYZY1h1kaKfs3x1O,boy,2학년,과민성/짜증,1,불안 및 우울 문제,40
학생58 ,-ObjRYZY1h1kaKfs3x1O,boy,2학년,낮은 자존감,2,학교생활적응 문제,40
학생58 ,-ObjRYZY1h1kaKfs3x1O,boy,2학년,무기력/피로,3,불안 및 우울 문제,40
학생58 ,-ObjRYZY1h1kaKfs3x1O,boy,2학년,예기 불안,2,불안 및 우울 문제,40
학생58 ,-ObjRYZY1h1kaKfs3x1O,boy,2학년,과도한 불안,2,불안 및 우울 문제,40
학생58 ,-ObjRYZY1h1kaKfs3x1O,boy,2학년,우울 증상,3,불안 및 우울 문제,40
학생58 ,-ObjRYZY1h1kaKfs3x1O,boy,2학년,수면 문제,0,학교생활적응 문제,40
학생58 ,-ObjRYZY1h1kaKfs3x1O,boy,2학년,자살 사고,1,자살 및 위기 문제,40
학생58 ,-ObjRYZY1h1kaKfs3x1O,boy,2학년,자해 행동,0,자살 및 위기 문제,40
학생58 ,-ObjRYZY1h1kaKfs3x1O,boy,2학년,자살 계획,0,자살 및 위기 문제,40
학생58 ,-ObjRYZY1h1kaKfs3x1O,boy,2학년,심각한 자살사고,2,자살 및 위기 문제,40
학생58 ,-ObjRYZY1h1kaKfs3x1O,boy,2학년,절망감,3,자살 및 위기 문제,40
학생58 ,-ObjRYZY1h1kaKfs3x1O,boy,2학년,자살 시도,1,자살 및 위기 문제,40
학생58 ,-ObjRYZY1h1kaKfs3x1O,boy,2학년,빈번한 거짓말,3,외현화 문제,40
학생58 ,-ObjRYZY1h1kaKfs3x1O,boy,2학년,또래 갈등,0,외현화 문제,40
학생58 ,-ObjRYZY1h1kaKfs3x1O,boy,2학년,반항 행동,1,외현화 문제,40
학생58 ,-ObjRYZY1h1kaKfs3x1O,boy,2학년,괴롭힘 가해,0,외현화 문제,40
학생58 ,-ObjRYZY1h1kaKfs3x1O,boy,2학년,외상 침습증상,0,심리외상 문제,40
학생58 ,-ObjRYZY1h1kaKfs3x1O,boy,2학년,외상 관련 악몽,0,심리외상 문제,40
학생58 ,-ObjRYZY1h1kaKfs3x1O,boy,2학년,외상 후 고립,0,심리외상 문제,40
학생58 ,-ObjRYZY1h1kaKfs3x1O,boy,2학년,외상 후 과각성,0,심리외상 문제,40
학생58 ,-ObjRYZY1h1kaKfs3x1O,boy,2학년,외상 회피행동,0,심리외상 문제,40
학생58 ,-ObjRYZY1h1kaKfs3x1O,boy,2학년,흡연 문제,0,외현화 문제,40
학생58 ,-ObjRYZY1h1kaKfs3x1O,boy,2학년,음주 문제,0,외현화 문제,40
학생58 ,-ObjRYZY1h1kaKfs3x1O,boy,2학년,적응력 저하,2,학교생활적응 문제,40
학생58 ,-ObjRYZY1h1kaKfs3x1O,boy,2학년,분리 불안,2,학교생활적응 문제,40
학생58 ,-ObjRYZY1h1kaKfs3x1O,boy,2학년,학습 어려움,2,학교생활적응 문제,40
학생58 ,-ObjRYZY1h1kaKfs3x1O,boy,2학년,재산 관련 비행,0,외현화 문제,40
학생58 ,-ObjRYZY1h1kaKfs3x1O,boy,2학년,게임 과몰입,1,외현화 문제,40
학생58 ,-ObjRYZY1h1kaKfs3x1O,boy,2학년,관계 형성 곤란,1,학교생활적응 문제,40
학생58 ,-ObjRYZY1h1kaKfs3x1O,boy,2학년,등교 거부,1,학교생활적응 문제,40
학생58 ,-ObjRYZY1h1kaKfs3x1O,boy,2학년,괴롭힘 피해,0,심리외상 문제,40
학생58 ,-ObjRYZY1h1kaKfs3x1O,boy,2학년,따돌림 피해,0,심리외상 문제,40
학생59 ,-ObjRY_WkrxanNzhVpmR,boy,2학년,사회적 긴장,0,불안 및 우울 문제,10
학생59 ,-ObjRY_WkrxanNzhVpmR,boy,2학년,감정 기복,1,불안 및 우울 문제,10
학생59 ,-ObjRY_WkrxanNzhVpmR,boy,2학년,과도한 죄책감,1,불안 및 우울 문제,10
학생59 ,-ObjRY_WkrxanNzhVpmR,boy,2학년,과민성/짜증,1,불안 및 우울 문제,10
학생59 ,-ObjRY_WkrxanNzhVpmR,boy,2학년,낮은 자존감,1,학교생활적응 문제,10
학생59 ,-ObjRY_WkrxanNzhVpmR,boy,2학년,무기력/피로,1,불안 및 우울 문제,10
학생59 ,-ObjRY_WkrxanNzhVpmR,boy,2학년,예기 불안,1,불안 및 우울 문제,10
학생59 ,-ObjRY_WkrxanNzhVpmR,boy,2학년,과도한 불안,1,불안 및 우울 문제,10
학생59 ,-ObjRY_WkrxanNzhVpmR,boy,2학년,우울 증상,1,불안 및 우울 문제,10
학생59 ,-ObjRY_WkrxanNzhVpmR,boy,2학년,수면 문제,0,학교생활적응 문제,10
학생59 ,-ObjRY_WkrxanNzhVpmR,boy,2학년,자살 사고,1,자살 및 위기 문제,10
학생59 ,-ObjRY_WkrxanNzhVpmR,boy,2학년,자해 행동,0,자살 및 위기 문제,10
학생59 ,-ObjRY_WkrxanNzhVpmR,boy,2학년,자살 계획,0,자살 및 위기 문제,10
학생59 ,-ObjRY_WkrxanNzhVpmR,boy,2학년,심각한 자살사고,0,자살 및 위기 문제,10
학생59 ,-ObjRY_WkrxanNzhVpmR,boy,2학년,절망감,0,자살 및 위기 문제,10
학생59 ,-ObjRY_WkrxanNzhVpmR,boy,2학년,자살 시도,0,자살 및 위기 문제,10
학생59 ,-ObjRY_WkrxanNzhVpmR,boy,2학년,빈번한 거짓말,0,외현화 문제,10
학생59 ,-ObjRY_WkrxanNzhVpmR,boy,2학년,또래 갈등,0,외현화 문제,10
학생59 ,-ObjRY_WkrxanNzhVpmR,boy,2학년,반항 행동,1,외현화 문제,10
학생59 ,-ObjRY_WkrxanNzhVpmR,boy,2학년,괴롭힘 가해,0,외현화 문제,10
학생59 ,-ObjRY_WkrxanNzhVpmR,boy,2학년,외상 침습증상,0,심리외상 문제,10
학생59 ,-ObjRY_WkrxanNzhVpmR,boy,2학년,외상 관련 악몽,0,심리외상 문제,10
학생59 ,-ObjRY_WkrxanNzhVpmR,boy,2학년,외상 후 고립,0,심리외상 문제,10
학생59 ,-ObjRY_WkrxanNzhVpmR,boy,2학년,외상 후 과각성,0,심리외상 문제,10
학생59 ,-ObjRY_WkrxanNzhVpmR,boy,2학년,외상 회피행동,0,심리외상 문제,10
학생59 ,-ObjRY_WkrxanNzhVpmR,boy,2학년,흡연 문제,0,외현화 문제,10
학생59 ,-ObjRY_WkrxanNzhVpmR,boy,2학년,음주 문제,0,외현화 문제,10
학생59 ,-ObjRY_WkrxanNzhVpmR,boy,2학년,적응력 저하,0,학교생활적응 문제,10
학생59 ,-ObjRY_WkrxanNzhVpmR,boy,2학년,분리 불안,0,학교생활적응 문제,10
학생59 ,-ObjRY_WkrxanNzhVpmR,boy,2학년,학습 어려움,0,학교생활적응 문제,10
학생59 ,-ObjRY_WkrxanNzhVpmR,boy,2학년,재산 관련 비행,0,외현화 문제,10
학생59 ,-ObjRY_WkrxanNzhVpmR,boy,2학년,게임 과몰입,0,외현화 문제,10
학생59 ,-ObjRY_WkrxanNzhVpmR,boy,2학년,관계 형성 곤란,0,학교생활적응 문제,10
학생59 ,-ObjRY_WkrxanNzhVpmR,boy,2학년,등교 거부,0,학교생활적응 문제,10
학생59 ,-ObjRY_WkrxanNzhVpmR,boy,2학년,괴롭힘 피해,0,심리외상 문제,10
학생59 ,-ObjRY_WkrxanNzhVpmR,boy,2학년,따돌림 피해,0,심리외상 문제,10
학생60 ,-ObjRY_y-NDmSiybeP8F,girl,1학년,사회적 긴장,1,불안 및 우울 문제,18
학생60 ,-ObjRY_y-NDmSiybeP8F,girl,1학년,감정 기복,0,불안 및 우울 문제,18
학생60 ,-ObjRY_y-NDmSiybeP8F,girl,1학년,과도한 죄책감,1,불안 및 우울 문제,18
학생60 ,-ObjRY_y-NDmSiybeP8F,girl,1학년,과민성/짜증,2,불안 및 우울 문제,18
학생60 ,-ObjRY_y-NDmSiybeP8F,girl,1학년,낮은 자존감,1,학교생활적응 문제,18
학생60 ,-ObjRY_y-NDmSiybeP8F,girl,1학년,무기력/피로,2,불안 및 우울 문제,18
학생60 ,-ObjRY_y-NDmSiybeP8F,girl,1학년,예기 불안,1,불안 및 우울 문제,18
학생60 ,-ObjRY_y-NDmSiybeP8F,girl,1학년,과도한 불안,2,불안 및 우울 문제,18
학생60 ,-ObjRY_y-NDmSiybeP8F,girl,1학년,우울 증상,0,불안 및 우울 문제,18
학생60 ,-ObjRY_y-NDmSiybeP8F,girl,1학년,수면 문제,1,학교생활적응 문제,18
학생60 ,-ObjRY_y-NDmSiybeP8F,girl,1학년,자살 사고,0,자살 및 위기 문제,18
학생60 ,-ObjRY_y-NDmSiybeP8F,girl,1학년,자해 행동,2,자살 및 위기 문제,18
학생60 ,-ObjRY_y-NDmSiybeP8F,girl,1학년,자살 계획,0,자살 및 위기 문제,18
학생60 ,-ObjRY_y-NDmSiybeP8F,girl,1학년,심각한 자살사고,0,자살 및 위기 문제,18
학생60 ,-ObjRY_y-NDmSiybeP8F,girl,1학년,절망감,0,자살 및 위기 문제,18
학생60 ,-ObjRY_y-NDmSiybeP8F,girl,1학년,자살 시도,0,자살 및 위기 문제,18
학생60 ,-ObjRY_y-NDmSiybeP8F,girl,1학년,빈번한 거짓말,1,외현화 문제,18
학생60 ,-ObjRY_y-NDmSiybeP8F,girl,1학년,또래 갈등,1,외현화 문제,18
학생60 ,-ObjRY_y-NDmSiybeP8F,girl,1학년,반항 행동,1,외현화 문제,18
학생60 ,-ObjRY_y-NDmSiybeP8F,girl,1학년,괴롭힘 가해,0,외현화 문제,18
학생60 ,-ObjRY_y-NDmSiybeP8F,girl,1학년,외상 침습증상,0,심리외상 문제,18
학생60 ,-ObjRY_y-NDmSiybeP8F,girl,1학년,외상 관련 악몽,0,심리외상 문제,18
학생60 ,-ObjRY_y-NDmSiybeP8F,girl,1학년,외상 후 고립,0,심리외상 문제,18
학생60 ,-ObjRY_y-NDmSiybeP8F,girl,1학년,외상 후 과각성,1,심리외상 문제,18
학생60 ,-ObjRY_y-NDmSiybeP8F,girl,1학년,외상 회피행동,0,심리외상 문제,18
학생60 ,-ObjRY_y-NDmSiybeP8F,girl,1학년,흡연 문제,0,외현화 문제,18
학생60 ,-ObjRY_y-NDmSiybeP8F,girl,1학년,음주 문제,0,외현화 문제,18
학생60 ,-ObjRY_y-NDmSiybeP8F,girl,1학년,적응력 저하,0,학교생활적응 문제,18
학생60 ,-ObjRY_y-NDmSiybeP8F,girl,1학년,분리 불안,0,학교생활적응 문제,18
학생60 ,-ObjRY_y-NDmSiybeP8F,girl,1학년,학습 어려움,1,학교생활적응 문제,18
학생60 ,-ObjRY_y-NDmSiybeP8F,girl,1학년,재산 관련 비행,0,외현화 문제,18
학생60 ,-ObjRY_y-NDmSiybeP8F,girl,1학년,게임 과몰입,0,외현화 문제,18
학생60 ,-ObjRY_y-NDmSiybeP8F,girl,1학년,관계 형성 곤란,0,학교생활적응 문제,18
학생60 ,-ObjRY_y-NDmSiybeP8F,girl,1학년,등교 거부,0,학교생활적응 문제,18
학생60 ,-ObjRY_y-NDmSiybeP8F,girl,1학년,괴롭힘 피해,0,심리외상 문제,18
학생60 ,-ObjRY_y-NDmSiybeP8F,girl,1학년,따돌림 피해,0,심리외상 문제,18
학생61 ,-ObjRYcmMcoEtQF9D1Ws,boy,3학년,사회적 긴장,0,불안 및 우울 문제,0
학생61 ,-ObjRYcmMcoEtQF9D1Ws,boy,3학년,감정 기복,0,불안 및 우울 문제,0
학생61 ,-ObjRYcmMcoEtQF9D1Ws,boy,3학년,과도한 죄책감,0,불안 및 우울 문제,0
학생61 ,-ObjRYcmMcoEtQF9D1Ws,boy,3학년,과민성/짜증,0,불안 및 우울 문제,0
학생61 ,-ObjRYcmMcoEtQF9D1Ws,boy,3학년,낮은 자존감,0,학교생활적응 문제,0
학생61 ,-ObjRYcmMcoEtQF9D1Ws,boy,3학년,무기력/피로,0,불안 및 우울 문제,0
학생61 ,-ObjRYcmMcoEtQF9D1Ws,boy,3학년,예기 불안,0,불안 및 우울 문제,0
학생61 ,-ObjRYcmMcoEtQF9D1Ws,boy,3학년,과도한 불안,0,불안 및 우울 문제,0
학생61 ,-ObjRYcmMcoEtQF9D1Ws,boy,3학년,우울 증상,0,불안 및 우울 문제,0
학생61 ,-ObjRYcmMcoEtQF9D1Ws,boy,3학년,수면 문제,0,학교생활적응 문제,0
학생61 ,-ObjRYcmMcoEtQF9D1Ws,boy,3학년,자살 사고,0,자살 및 위기 문제,0
학생61 ,-ObjRYcmMcoEtQF9D1Ws,boy,3학년,자해 행동,0,자살 및 위기 문제,0
학생61 ,-ObjRYcmMcoEtQF9D1Ws,boy,3학년,자살 계획,0,자살 및 위기 문제,0
학생61 ,-ObjRYcmMcoEtQF9D1Ws,boy,3학년,심각한 자살사고,0,자살 및 위기 문제,0
학생61 ,-ObjRYcmMcoEtQF9D1Ws,boy,3학년,절망감,0,자살 및 위기 문제,0
학생61 ,-ObjRYcmMcoEtQF9D1Ws,boy,3학년,자살 시도,0,자살 및 위기 문제,0
학생61 ,-ObjRYcmMcoEtQF9D1Ws,boy,3학년,빈번한 거짓말,0,외현화 문제,0
학생61 ,-ObjRYcmMcoEtQF9D1Ws,boy,3학년,또래 갈등,0,외현화 문제,0
학생61 ,-ObjRYcmMcoEtQF9D1Ws,boy,3학년,반항 행동,0,외현화 문제,0
학생61 ,-ObjRYcmMcoEtQF9D1Ws,boy,3학년,괴롭힘 가해,0,외현화 문제,0
학생61 ,-ObjRYcmMcoEtQF9D1Ws,boy,3학년,외상 침습증상,0,심리외상 문제,0
학생61 ,-ObjRYcmMcoEtQF9D1Ws,boy,3학년,외상 관련 악몽,0,심리외상 문제,0
학생61 ,-ObjRYcmMcoEtQF9D1Ws,boy,3학년,외상 후 고립,0,심리외상 문제,0
학생61 ,-ObjRYcmMcoEtQF9D1Ws,boy,3학년,외상 후 과각성,0,심리외상 문제,0
학생61 ,-ObjRYcmMcoEtQF9D1Ws,boy,3학년,외상 회피행동,0,심리외상 문제,0
학생61 ,-ObjRYcmMcoEtQF9D1Ws,boy,3학년,흡연 문제,0,외현화 문제,0
학생61 ,-ObjRYcmMcoEtQF9D1Ws,boy,3학년,음주 문제,0,외현화 문제,0
학생61 ,-ObjRYcmMcoEtQF9D1Ws,boy,3학년,적응력 저하,0,학교생활적응 문제,0
학생61 ,-ObjRYcmMcoEtQF9D1Ws,boy,3학년,분리 불안,0,학교생활적응 문제,0
학생61 ,-ObjRYcmMcoEtQF9D1Ws,boy,3학년,학습 어려움,0,학교생활적응 문제,0
학생61 ,-ObjRYcmMcoEtQF9D1Ws,boy,3학년,재산 관련 비행,0,외현화 문제,0
학생61 ,-ObjRYcmMcoEtQF9D1Ws,boy,3학년,게임 과몰입,0,외현화 문제,0
학생61 ,-ObjRYcmMcoEtQF9D1Ws,boy,3학년,관계 형성 곤란,0,학교생활적응 문제,0
학생61 ,-ObjRYcmMcoEtQF9D1Ws,boy,3학년,등교 거부,0,학교생활적응 문제,0
학생61 ,-ObjRYcmMcoEtQF9D1Ws,boy,3학년,괴롭힘 피해,0,심리외상 문제,0
학생61 ,-ObjRYcmMcoEtQF9D1Ws,boy,3학년,따돌림 피해,0,심리외상 문제,0
학생62 ,-ObjRYfDr2r2oVSxJCHs,boy,2학년,사회적 긴장,0,불안 및 우울 문제,0
학생62 ,-ObjRYfDr2r2oVSxJCHs,boy,2학년,감정 기복,0,불안 및 우울 문제,0
학생62 ,-ObjRYfDr2r2oVSxJCHs,boy,2학년,과도한 죄책감,0,불안 및 우울 문제,0
학생62 ,-ObjRYfDr2r2oVSxJCHs,boy,2학년,과민성/짜증,0,불안 및 우울 문제,0
학생62 ,-ObjRYfDr2r2oVSxJCHs,boy,2학년,낮은 자존감,0,학교생활적응 문제,0
학생62 ,-ObjRYfDr2r2oVSxJCHs,boy,2학년,무기력/피로,0,불안 및 우울 문제,0
학생62 ,-ObjRYfDr2r2oVSxJCHs,boy,2학년,예기 불안,0,불안 및 우울 문제,0
학생62 ,-ObjRYfDr2r2oVSxJCHs,boy,2학년,과도한 불안,0,불안 및 우울 문제,0
학생62 ,-ObjRYfDr2r2oVSxJCHs,boy,2학년,우울 증상,0,불안 및 우울 문제,0
학생62 ,-ObjRYfDr2r2oVSxJCHs,boy,2학년,수면 문제,0,학교생활적응 문제,0
학생62 ,-ObjRYfDr2r2oVSxJCHs,boy,2학년,자살 사고,0,자살 및 위기 문제,0
학생62 ,-ObjRYfDr2r2oVSxJCHs,boy,2학년,자해 행동,0,자살 및 위기 문제,0
학생62 ,-ObjRYfDr2r2oVSxJCHs,boy,2학년,자살 계획,0,자살 및 위기 문제,0
학생62 ,-ObjRYfDr2r2oVSxJCHs,boy,2학년,심각한 자살사고,0,자살 및 위기 문제,0
학생62 ,-ObjRYfDr2r2oVSxJCHs,boy,2학년,절망감,0,자살 및 위기 문제,0
학생62 ,-ObjRYfDr2r2oVSxJCHs,boy,2학년,자살 시도,0,자살 및 위기 문제,0
학생62 ,-ObjRYfDr2r2oVSxJCHs,boy,2학년,빈번한 거짓말,0,외현화 문제,0
학생62 ,-ObjRYfDr2r2oVSxJCHs,boy,2학년,또래 갈등,0,외현화 문제,0
학생62 ,-ObjRYfDr2r2oVSxJCHs,boy,2학년,반항 행동,0,외현화 문제,0
학생62 ,-ObjRYfDr2r2oVSxJCHs,boy,2학년,괴롭힘 가해,0,외현화 문제,0
학생62 ,-ObjRYfDr2r2oVSxJCHs,boy,2학년,외상 침습증상,0,심리외상 문제,0
학생62 ,-ObjRYfDr2r2oVSxJCHs,boy,2학년,외상 관련 악몽,0,심리외상 문제,0
학생62 ,-ObjRYfDr2r2oVSxJCHs,boy,2학년,외상 후 고립,0,심리외상 문제,0
학생62 ,-ObjRYfDr2r2oVSxJCHs,boy,2학년,외상 후 과각성,0,심리외상 문제,0
학생62 ,-ObjRYfDr2r2oVSxJCHs,boy,2학년,외상 회피행동,0,심리외상 문제,0
학생62 ,-ObjRYfDr2r2oVSxJCHs,boy,2학년,흡연 문제,0,외현화 문제,0
학생62 ,-ObjRYfDr2r2oVSxJCHs,boy,2학년,음주 문제,0,외현화 문제,0
학생62 ,-ObjRYfDr2r2oVSxJCHs,boy,2학년,적응력 저하,0,학교생활적응 문제,0
학생62 ,-ObjRYfDr2r2oVSxJCHs,boy,2학년,분리 불안,0,학교생활적응 문제,0
학생62 ,-ObjRYfDr2r2oVSxJCHs,boy,2학년,학습 어려움,0,학교생활적응 문제,0
학생62 ,-ObjRYfDr2r2oVSxJCHs,boy,2학년,재산 관련 비행,0,외현화 문제,0
학생62 ,-ObjRYfDr2r2oVSxJCHs,boy,2학년,게임 과몰입,0,외현화 문제,0
학생62 ,-ObjRYfDr2r2oVSxJCHs,boy,2학년,관계 형성 곤란,0,학교생활적응 문제,0
학생62 ,-ObjRYfDr2r2oVSxJCHs,boy,2학년,등교 거부,0,학교생활적응 문제,0
학생62 ,-ObjRYfDr2r2oVSxJCHs,boy,2학년,괴롭힘 피해,0,심리외상 문제,0
학생62 ,-ObjRYfDr2r2oVSxJCHs,boy,2학년,따돌림 피해,0,심리외상 문제,0
학생63 ,-ObjRYmNDRQq9HEE1I8Y,boy,2학년,사회적 긴장,0,불안 및 우울 문제,0
학생63 ,-ObjRYmNDRQq9HEE1I8Y,boy,2학년,감정 기복,0,불안 및 우울 문제,0
학생63 ,-ObjRYmNDRQq9HEE1I8Y,boy,2학년,과도한 죄책감,0,불안 및 우울 문제,0
학생63 ,-ObjRYmNDRQq9HEE1I8Y,boy,2학년,과민성/짜증,0,불안 및 우울 문제,0
학생63 ,-ObjRYmNDRQq9HEE1I8Y,boy,2학년,낮은 자존감,0,학교생활적응 문제,0
학생63 ,-ObjRYmNDRQq9HEE1I8Y,boy,2학년,무기력/피로,0,불안 및 우울 문제,0
학생63 ,-ObjRYmNDRQq9HEE1I8Y,boy,2학년,예기 불안,0,불안 및 우울 문제,0
학생63 ,-ObjRYmNDRQq9HEE1I8Y,boy,2학년,과도한 불안,0,불안 및 우울 문제,0
학생63 ,-ObjRYmNDRQq9HEE1I8Y,boy,2학년,우울 증상,0,불안 및 우울 문제,0
학생63 ,-ObjRYmNDRQq9HEE1I8Y,boy,2학년,수면 문제,0,학교생활적응 문제,0
학생63 ,-ObjRYmNDRQq9HEE1I8Y,boy,2학년,자살 사고,0,자살 및 위기 문제,0
학생63 ,-ObjRYmNDRQq9HEE1I8Y,boy,2학년,자해 행동,0,자살 및 위기 문제,0
학생63 ,-ObjRYmNDRQq9HEE1I8Y,boy,2학년,자살 계획,0,자살 및 위기 문제,0
학생63 ,-ObjRYmNDRQq9HEE1I8Y,boy,2학년,심각한 자살사고,0,자살 및 위기 문제,0
학생63 ,-ObjRYmNDRQq9HEE1I8Y,boy,2학년,절망감,0,자살 및 위기 문제,0
학생63 ,-ObjRYmNDRQq9HEE1I8Y,boy,2학년,자살 시도,0,자살 및 위기 문제,0
학생63 ,-ObjRYmNDRQq9HEE1I8Y,boy,2학년,빈번한 거짓말,0,외현화 문제,0
학생63 ,-ObjRYmNDRQq9HEE1I8Y,boy,2학년,또래 갈등,0,외현화 문제,0
학생63 ,-ObjRYmNDRQq9HEE1I8Y,boy,2학년,반항 행동,0,외현화 문제,0
학생63 ,-ObjRYmNDRQq9HEE1I8Y,boy,2학년,괴롭힘 가해,0,외현화 문제,0
학생63 ,-ObjRYmNDRQq9HEE1I8Y,boy,2학년,외상 침습증상,0,심리외상 문제,0
학생63 ,-ObjRYmNDRQq9HEE1I8Y,boy,2학년,외상 관련 악몽,0,심리외상 문제,0
학생63 ,-ObjRYmNDRQq9HEE1I8Y,boy,2학년,외상 후 고립,0,심리외상 문제,0
학생63 ,-ObjRYmNDRQq9HEE1I8Y,boy,2학년,외상 후 과각성,0,심리외상 문제,0
학생63 ,-ObjRYmNDRQq9HEE1I8Y,boy,2학년,외상 회피행동,0,심리외상 문제,0
학생63 ,-ObjRYmNDRQq9HEE1I8Y,boy,2학년,흡연 문제,0,외현화 문제,0
학생63 ,-ObjRYmNDRQq9HEE1I8Y,boy,2학년,음주 문제,0,외현화 문제,0
학생63 ,-ObjRYmNDRQq9HEE1I8Y,boy,2학년,적응력 저하,0,학교생활적응 문제,0
학생63 ,-ObjRYmNDRQq9HEE1I8Y,boy,2학년,분리 불안,0,학교생활적응 문제,0
학생63 ,-ObjRYmNDRQq9HEE1I8Y,boy,2학년,학습 어려움,0,학교생활적응 문제,0
학생63 ,-ObjRYmNDRQq9HEE1I8Y,boy,2학년,재산 관련 비행,0,외현화 문제,0
학생63 ,-ObjRYmNDRQq9HEE1I8Y,boy,2학년,게임 과몰입,0,외현화 문제,0
학생63 ,-ObjRYmNDRQq9HEE1I8Y,boy,2학년,관계 형성 곤란,0,학교생활적응 문제,0
학생63 ,-ObjRYmNDRQq9HEE1I8Y,boy,2학년,등교 거부,0,학교생활적응 문제,0
학생63 ,-ObjRYmNDRQq9HEE1I8Y,boy,2학년,괴롭힘 피해,0,심리외상 문제,0
학생63 ,-ObjRYmNDRQq9HEE1I8Y,boy,2학년,따돌림 피해,0,심리외상 문제,0
학생64 ,-ObjRZ5HsTCwD9WA7mMO,boy,1학년,사회적 긴장,0,불안 및 우울 문제,4
학생64 ,-ObjRZ5HsTCwD9WA7mMO,boy,1학년,감정 기복,0,불안 및 우울 문제,4
학생64 ,-ObjRZ5HsTCwD9WA7mMO,boy,1학년,과도한 죄책감,0,불안 및 우울 문제,4
학생64 ,-ObjRZ5HsTCwD9WA7mMO,boy,1학년,과민성/짜증,0,불안 및 우울 문제,4
학생64 ,-ObjRZ5HsTCwD9WA7mMO,boy,1학년,낮은 자존감,0,학교생활적응 문제,4
학생64 ,-ObjRZ5HsTCwD9WA7mMO,boy,1학년,무기력/피로,0,불안 및 우울 문제,4
학생64 ,-ObjRZ5HsTCwD9WA7mMO,boy,1학년,예기 불안,0,불안 및 우울 문제,4
학생64 ,-ObjRZ5HsTCwD9WA7mMO,boy,1학년,과도한 불안,0,불안 및 우울 문제,4
학생64 ,-ObjRZ5HsTCwD9WA7mMO,boy,1학년,우울 증상,0,불안 및 우울 문제,4
학생64 ,-ObjRZ5HsTCwD9WA7mMO,boy,1학년,수면 문제,2,학교생활적응 문제,4
학생64 ,-ObjRZ5HsTCwD9WA7mMO,boy,1학년,자살 사고,0,자살 및 위기 문제,4
학생64 ,-ObjRZ5HsTCwD9WA7mMO,boy,1학년,자해 행동,0,자살 및 위기 문제,4
학생64 ,-ObjRZ5HsTCwD9WA7mMO,boy,1학년,자살 계획,0,자살 및 위기 문제,4
학생64 ,-ObjRZ5HsTCwD9WA7mMO,boy,1학년,심각한 자살사고,0,자살 및 위기 문제,4
학생64 ,-ObjRZ5HsTCwD9WA7mMO,boy,1학년,절망감,0,자살 및 위기 문제,4
학생64 ,-ObjRZ5HsTCwD9WA7mMO,boy,1학년,자살 시도,0,자살 및 위기 문제,4
학생64 ,-ObjRZ5HsTCwD9WA7mMO,boy,1학년,빈번한 거짓말,1,외현화 문제,4
학생64 ,-ObjRZ5HsTCwD9WA7mMO,boy,1학년,또래 갈등,0,외현화 문제,4
학생64 ,-ObjRZ5HsTCwD9WA7mMO,boy,1학년,반항 행동,0,외현화 문제,4
학생64 ,-ObjRZ5HsTCwD9WA7mMO,boy,1학년,괴롭힘 가해,0,외현화 문제,4
학생64 ,-ObjRZ5HsTCwD9WA7mMO,boy,1학년,외상 침습증상,0,심리외상 문제,4
학생64 ,-ObjRZ5HsTCwD9WA7mMO,boy,1학년,외상 관련 악몽,0,심리외상 문제,4
학생64 ,-ObjRZ5HsTCwD9WA7mMO,boy,1학년,외상 후 고립,0,심리외상 문제,4
학생64 ,-ObjRZ5HsTCwD9WA7mMO,boy,1학년,외상 후 과각성,0,심리외상 문제,4
학생64 ,-ObjRZ5HsTCwD9WA7mMO,boy,1학년,외상 회피행동,0,심리외상 문제,4
학생64 ,-ObjRZ5HsTCwD9WA7mMO,boy,1학년,흡연 문제,0,외현화 문제,4
학생64 ,-ObjRZ5HsTCwD9WA7mMO,boy,1학년,음주 문제,0,외현화 문제,4
학생64 ,-ObjRZ5HsTCwD9WA7mMO,boy,1학년,적응력 저하,0,학교생활적응 문제,4
학생64 ,-ObjRZ5HsTCwD9WA7mMO,boy,1학년,분리 불안,0,학교생활적응 문제,4
학생64 ,-ObjRZ5HsTCwD9WA7mMO,boy,1학년,학습 어려움,0,학교생활적응 문제,4
학생64 ,-ObjRZ5HsTCwD9WA7mMO,boy,1학년,재산 관련 비행,0,외현화 문제,4
학생64 ,-ObjRZ5HsTCwD9WA7mMO,boy,1학년,게임 과몰입,1,외현화 문제,4
학생64 ,-ObjRZ5HsTCwD9WA7mMO,boy,1학년,관계 형성 곤란,0,학교생활적응 문제,4
학생64 ,-ObjRZ5HsTCwD9WA7mMO,boy,1학년,등교 거부,0,학교생활적응 문제,4
학생64 ,-ObjRZ5HsTCwD9WA7mMO,boy,1학년,괴롭힘 피해,0,심리외상 문제,4
학생64 ,-ObjRZ5HsTCwD9WA7mMO,boy,1학년,따돌림 피해,0,심리외상 문제,4
학생65 ,-ObjRZBJptp9fEKldvGZ,girl,1학년,사회적 긴장,0,불안 및 우울 문제,4
학생65 ,-ObjRZBJptp9fEKldvGZ,girl,1학년,감정 기복,0,불안 및 우울 문제,4
학생65 ,-ObjRZBJptp9fEKldvGZ,girl,1학년,과도한 죄책감,0,불안 및 우울 문제,4
학생65 ,-ObjRZBJptp9fEKldvGZ,girl,1학년,과민성/짜증,1,불안 및 우울 문제,4
학생65 ,-ObjRZBJptp9fEKldvGZ,girl,1학년,낮은 자존감,0,학교생활적응 문제,4
학생65 ,-ObjRZBJptp9fEKldvGZ,girl,1학년,무기력/피로,0,불안 및 우울 문제,4
학생65 ,-ObjRZBJptp9fEKldvGZ,girl,1학년,예기 불안,0,불안 및 우울 문제,4
학생65 ,-ObjRZBJptp9fEKldvGZ,girl,1학년,과도한 불안,0,불안 및 우울 문제,4
학생65 ,-ObjRZBJptp9fEKldvGZ,girl,1학년,우울 증상,0,불안 및 우울 문제,4
학생65 ,-ObjRZBJptp9fEKldvGZ,girl,1학년,수면 문제,2,학교생활적응 문제,4
학생65 ,-ObjRZBJptp9fEKldvGZ,girl,1학년,자살 사고,0,자살 및 위기 문제,4
학생65 ,-ObjRZBJptp9fEKldvGZ,girl,1학년,자해 행동,0,자살 및 위기 문제,4
학생65 ,-ObjRZBJptp9fEKldvGZ,girl,1학년,자살 계획,0,자살 및 위기 문제,4
학생65 ,-ObjRZBJptp9fEKldvGZ,girl,1학년,심각한 자살사고,0,자살 및 위기 문제,4
학생65 ,-ObjRZBJptp9fEKldvGZ,girl,1학년,절망감,0,자살 및 위기 문제,4
학생65 ,-ObjRZBJptp9fEKldvGZ,girl,1학년,자살 시도,0,자살 및 위기 문제,4
학생65 ,-ObjRZBJptp9fEKldvGZ,girl,1학년,빈번한 거짓말,0,외현화 문제,4
학생65 ,-ObjRZBJptp9fEKldvGZ,girl,1학년,또래 갈등,0,외현화 문제,4
학생65 ,-ObjRZBJptp9fEKldvGZ,girl,1학년,반항 행동,0,외현화 문제,4
학생65 ,-ObjRZBJptp9fEKldvGZ,girl,1학년,괴롭힘 가해,0,외현화 문제,4
학생65 ,-ObjRZBJptp9fEKldvGZ,girl,1학년,외상 침습증상,0,심리외상 문제,4
학생65 ,-ObjRZBJptp9fEKldvGZ,girl,1학년,외상 관련 악몽,0,심리외상 문제,4
학생65 ,-ObjRZBJptp9fEKldvGZ,girl,1학년,외상 후 고립,0,심리외상 문제,4
학생65 ,-ObjRZBJptp9fEKldvGZ,girl,1학년,외상 후 과각성,0,심리외상 문제,4
학생65 ,-ObjRZBJptp9fEKldvGZ,girl,1학년,외상 회피행동,0,심리외상 문제,4
학생65 ,-ObjRZBJptp9fEKldvGZ,girl,1학년,흡연 문제,0,외현화 문제,4
학생65 ,-ObjRZBJptp9fEKldvGZ,girl,1학년,음주 문제,0,외현화 문제,4
학생65 ,-ObjRZBJptp9fEKldvGZ,girl,1학년,적응력 저하,0,학교생활적응 문제,4
학생65 ,-ObjRZBJptp9fEKldvGZ,girl,1학년,분리 불안,0,학교생활적응 문제,4
학생65 ,-ObjRZBJptp9fEKldvGZ,girl,1학년,학습 어려움,1,학교생활적응 문제,4
학생65 ,-ObjRZBJptp9fEKldvGZ,girl,1학년,재산 관련 비행,0,외현화 문제,4
학생65 ,-ObjRZBJptp9fEKldvGZ,girl,1학년,게임 과몰입,0,외현화 문제,4
학생65 ,-ObjRZBJptp9fEKldvGZ,girl,1학년,관계 형성 곤란,0,학교생활적응 문제,4
학생65 ,-ObjRZBJptp9fEKldvGZ,girl,1학년,등교 거부,0,학교생활적응 문제,4
학생65 ,-ObjRZBJptp9fEKldvGZ,girl,1학년,괴롭힘 피해,0,심리외상 문제,4
학생65 ,-ObjRZBJptp9fEKldvGZ,girl,1학년,따돌림 피해,0,심리외상 문제,4
학생66 ,-ObjRZJUZKUq36FFGnuX,boy,3학년,사회적 긴장,0,불안 및 우울 문제,2
학생66 ,-ObjRZJUZKUq36FFGnuX,boy,3학년,감정 기복,1,불안 및 우울 문제,2
학생66 ,-ObjRZJUZKUq36FFGnuX,boy,3학년,과도한 죄책감,0,불안 및 우울 문제,2
학생66 ,-ObjRZJUZKUq36FFGnuX,boy,3학년,과민성/짜증,0,불안 및 우울 문제,2
학생66 ,-ObjRZJUZKUq36FFGnuX,boy,3학년,낮은 자존감,1,학교생활적응 문제,2
학생66 ,-ObjRZJUZKUq36FFGnuX,boy,3학년,무기력/피로,0,불안 및 우울 문제,2
학생66 ,-ObjRZJUZKUq36FFGnuX,boy,3학년,예기 불안,0,불안 및 우울 문제,2
학생66 ,-ObjRZJUZKUq36FFGnuX,boy,3학년,과도한 불안,0,불안 및 우울 문제,2
학생66 ,-ObjRZJUZKUq36FFGnuX,boy,3학년,우울 증상,0,불안 및 우울 문제,2
학생66 ,-ObjRZJUZKUq36FFGnuX,boy,3학년,수면 문제,0,학교생활적응 문제,2
학생66 ,-ObjRZJUZKUq36FFGnuX,boy,3학년,자살 사고,0,자살 및 위기 문제,2
학생66 ,-ObjRZJUZKUq36FFGnuX,boy,3학년,자해 행동,0,자살 및 위기 문제,2
학생66 ,-ObjRZJUZKUq36FFGnuX,boy,3학년,자살 계획,0,자살 및 위기 문제,2
학생66 ,-ObjRZJUZKUq36FFGnuX,boy,3학년,심각한 자살사고,0,자살 및 위기 문제,2
학생66 ,-ObjRZJUZKUq36FFGnuX,boy,3학년,절망감,0,자살 및 위기 문제,2
학생66 ,-ObjRZJUZKUq36FFGnuX,boy,3학년,자살 시도,0,자살 및 위기 문제,2
학생66 ,-ObjRZJUZKUq36FFGnuX,boy,3학년,빈번한 거짓말,0,외현화 문제,2
학생66 ,-ObjRZJUZKUq36FFGnuX,boy,3학년,또래 갈등,0,외현화 문제,2
학생66 ,-ObjRZJUZKUq36FFGnuX,boy,3학년,반항 행동,0,외현화 문제,2
학생66 ,-ObjRZJUZKUq36FFGnuX,boy,3학년,괴롭힘 가해,0,외현화 문제,2
학생66 ,-ObjRZJUZKUq36FFGnuX,boy,3학년,외상 침습증상,0,심리외상 문제,2
학생66 ,-ObjRZJUZKUq36FFGnuX,boy,3학년,외상 관련 악몽,0,심리외상 문제,2
학생66 ,-ObjRZJUZKUq36FFGnuX,boy,3학년,외상 후 고립,0,심리외상 문제,2
학생66 ,-ObjRZJUZKUq36FFGnuX,boy,3학년,외상 후 과각성,0,심리외상 문제,2
학생66 ,-ObjRZJUZKUq36FFGnuX,boy,3학년,외상 회피행동,0,심리외상 문제,2
학생66 ,-ObjRZJUZKUq36FFGnuX,boy,3학년,흡연 문제,0,외현화 문제,2
학생66 ,-ObjRZJUZKUq36FFGnuX,boy,3학년,음주 문제,0,외현화 문제,2
학생66 ,-ObjRZJUZKUq36FFGnuX,boy,3학년,적응력 저하,0,학교생활적응 문제,2
학생66 ,-ObjRZJUZKUq36FFGnuX,boy,3학년,분리 불안,0,학교생활적응 문제,2
학생66 ,-ObjRZJUZKUq36FFGnuX,boy,3학년,학습 어려움,0,학교생활적응 문제,2
학생66 ,-ObjRZJUZKUq36FFGnuX,boy,3학년,재산 관련 비행,0,외현화 문제,2
학생66 ,-ObjRZJUZKUq36FFGnuX,boy,3학년,게임 과몰입,0,외현화 문제,2
학생66 ,-ObjRZJUZKUq36FFGnuX,boy,3학년,관계 형성 곤란,0,학교생활적응 문제,2
학생66 ,-ObjRZJUZKUq36FFGnuX,boy,3학년,등교 거부,0,학교생활적응 문제,2
학생66 ,-ObjRZJUZKUq36FFGnuX,boy,3학년,괴롭힘 피해,0,심리외상 문제,2
학생66 ,-ObjRZJUZKUq36FFGnuX,boy,3학년,따돌림 피해,0,심리외상 문제,2
학생67 ,-ObjR_97vNdXfHyokZTf,boy,2학년,사회적 긴장,0,불안 및 우울 문제,0
학생67 ,-ObjR_97vNdXfHyokZTf,boy,2학년,감정 기복,0,불안 및 우울 문제,0
학생67 ,-ObjR_97vNdXfHyokZTf,boy,2학년,과도한 죄책감,0,불안 및 우울 문제,0
학생67 ,-ObjR_97vNdXfHyokZTf,boy,2학년,과민성/짜증,0,불안 및 우울 문제,0
학생67 ,-ObjR_97vNdXfHyokZTf,boy,2학년,낮은 자존감,0,학교생활적응 문제,0
학생67 ,-ObjR_97vNdXfHyokZTf,boy,2학년,무기력/피로,0,불안 및 우울 문제,0
학생67 ,-ObjR_97vNdXfHyokZTf,boy,2학년,예기 불안,0,불안 및 우울 문제,0
학생67 ,-ObjR_97vNdXfHyokZTf,boy,2학년,과도한 불안,0,불안 및 우울 문제,0
학생67 ,-ObjR_97vNdXfHyokZTf,boy,2학년,우울 증상,0,불안 및 우울 문제,0
학생67 ,-ObjR_97vNdXfHyokZTf,boy,2학년,수면 문제,0,학교생활적응 문제,0
학생67 ,-ObjR_97vNdXfHyokZTf,boy,2학년,자살 사고,0,자살 및 위기 문제,0
학생67 ,-ObjR_97vNdXfHyokZTf,boy,2학년,자해 행동,0,자살 및 위기 문제,0
학생67 ,-ObjR_97vNdXfHyokZTf,boy,2학년,자살 계획,0,자살 및 위기 문제,0
학생67 ,-ObjR_97vNdXfHyokZTf,boy,2학년,심각한 자살사고,0,자살 및 위기 문제,0
학생67 ,-ObjR_97vNdXfHyokZTf,boy,2학년,절망감,0,자살 및 위기 문제,0
학생67 ,-ObjR_97vNdXfHyokZTf,boy,2학년,자살 시도,0,자살 및 위기 문제,0
학생67 ,-ObjR_97vNdXfHyokZTf,boy,2학년,빈번한 거짓말,0,외현화 문제,0
학생67 ,-ObjR_97vNdXfHyokZTf,boy,2학년,또래 갈등,0,외현화 문제,0
학생67 ,-ObjR_97vNdXfHyokZTf,boy,2학년,반항 행동,0,외현화 문제,0
학생67 ,-ObjR_97vNdXfHyokZTf,boy,2학년,괴롭힘 가해,0,외현화 문제,0
학생67 ,-ObjR_97vNdXfHyokZTf,boy,2학년,외상 침습증상,0,심리외상 문제,0
학생67 ,-ObjR_97vNdXfHyokZTf,boy,2학년,외상 관련 악몽,0,심리외상 문제,0
학생67 ,-ObjR_97vNdXfHyokZTf,boy,2학년,외상 후 고립,0,심리외상 문제,0
학생67 ,-ObjR_97vNdXfHyokZTf,boy,2학년,외상 후 과각성,0,심리외상 문제,0
학생67 ,-ObjR_97vNdXfHyokZTf,boy,2학년,외상 회피행동,0,심리외상 문제,0
학생67 ,-ObjR_97vNdXfHyokZTf,boy,2학년,흡연 문제,0,외현화 문제,0
학생67 ,-ObjR_97vNdXfHyokZTf,boy,2학년,음주 문제,0,외현화 문제,0
학생67 ,-ObjR_97vNdXfHyokZTf,boy,2학년,적응력 저하,0,학교생활적응 문제,0
학생67 ,-ObjR_97vNdXfHyokZTf,boy,2학년,분리 불안,0,학교생활적응 문제,0
학생67 ,-ObjR_97vNdXfHyokZTf,boy,2학년,학습 어려움,0,학교생활적응 문제,0
학생67 ,-ObjR_97vNdXfHyokZTf,boy,2학년,재산 관련 비행,0,외현화 문제,0
학생67 ,-ObjR_97vNdXfHyokZTf,boy,2학년,게임 과몰입,0,외현화 문제,0
학생67 ,-ObjR_97vNdXfHyokZTf,boy,2학년,관계 형성 곤란,0,학교생활적응 문제,0
학생67 ,-ObjR_97vNdXfHyokZTf,boy,2학년,등교 거부,0,학교생활적응 문제,0
학생67 ,-ObjR_97vNdXfHyokZTf,boy,2학년,괴롭힘 피해,0,심리외상 문제,0
학생67 ,-ObjR_97vNdXfHyokZTf,boy,2학년,따돌림 피해,0,심리외상 문제,0
학생68 ,-ObjR_D0BIJP9C71LJIx,boy,2학년,사회적 긴장,1,불안 및 우울 문제,16
학생68 ,-ObjR_D0BIJP9C71LJIx,boy,2학년,감정 기복,1,불안 및 우울 문제,16
학생68 ,-ObjR_D0BIJP9C71LJIx,boy,2학년,과도한 죄책감,1,불안 및 우울 문제,16
학생68 ,-ObjR_D0BIJP9C71LJIx,boy,2학년,과민성/짜증,1,불안 및 우울 문제,16
학생68 ,-ObjR_D0BIJP9C71LJIx,boy,2학년,낮은 자존감,1,학교생활적응 문제,16
학생68 ,-ObjR_D0BIJP9C71LJIx,boy,2학년,무기력/피로,1,불안 및 우울 문제,16
학생68 ,-ObjR_D0BIJP9C71LJIx,boy,2학년,예기 불안,1,불안 및 우울 문제,16
학생68 ,-ObjR_D0BIJP9C71LJIx,boy,2학년,과도한 불안,1,불안 및 우울 문제,16
학생68 ,-ObjR_D0BIJP9C71LJIx,boy,2학년,우울 증상,1,불안 및 우울 문제,16
학생68 ,-ObjR_D0BIJP9C71LJIx,boy,2학년,수면 문제,1,학교생활적응 문제,16
학생68 ,-ObjR_D0BIJP9C71LJIx,boy,2학년,자살 사고,0,자살 및 위기 문제,16
학생68 ,-ObjR_D0BIJP9C71LJIx,boy,2학년,자해 행동,0,자살 및 위기 문제,16
학생68 ,-ObjR_D0BIJP9C71LJIx,boy,2학년,자살 계획,0,자살 및 위기 문제,16
학생68 ,-ObjR_D0BIJP9C71LJIx,boy,2학년,심각한 자살사고,0,자살 및 위기 문제,16
학생68 ,-ObjR_D0BIJP9C71LJIx,boy,2학년,절망감,0,자살 및 위기 문제,16
학생68 ,-ObjR_D0BIJP9C71LJIx,boy,2학년,자살 시도,0,자살 및 위기 문제,16
학생68 ,-ObjR_D0BIJP9C71LJIx,boy,2학년,빈번한 거짓말,2,외현화 문제,16
학생68 ,-ObjR_D0BIJP9C71LJIx,boy,2학년,또래 갈등,0,외현화 문제,16
학생68 ,-ObjR_D0BIJP9C71LJIx,boy,2학년,반항 행동,0,외현화 문제,16
학생68 ,-ObjR_D0BIJP9C71LJIx,boy,2학년,괴롭힘 가해,0,외현화 문제,16
학생68 ,-ObjR_D0BIJP9C71LJIx,boy,2학년,외상 침습증상,0,심리외상 문제,16
학생68 ,-ObjR_D0BIJP9C71LJIx,boy,2학년,외상 관련 악몽,0,심리외상 문제,16
학생68 ,-ObjR_D0BIJP9C71LJIx,boy,2학년,외상 후 고립,0,심리외상 문제,16
학생68 ,-ObjR_D0BIJP9C71LJIx,boy,2학년,외상 후 과각성,0,심리외상 문제,16
학생68 ,-ObjR_D0BIJP9C71LJIx,boy,2학년,외상 회피행동,0,심리외상 문제,16
학생68 ,-ObjR_D0BIJP9C71LJIx,boy,2학년,흡연 문제,0,외현화 문제,16
학생68 ,-ObjR_D0BIJP9C71LJIx,boy,2학년,음주 문제,0,외현화 문제,16
학생68 ,-ObjR_D0BIJP9C71LJIx,boy,2학년,적응력 저하,0,학교생활적응 문제,16
학생68 ,-ObjR_D0BIJP9C71LJIx,boy,2학년,분리 불안,0,학교생활적응 문제,16
학생68 ,-ObjR_D0BIJP9C71LJIx,boy,2학년,학습 어려움,0,학교생활적응 문제,16
학생68 ,-ObjR_D0BIJP9C71LJIx,boy,2학년,재산 관련 비행,0,외현화 문제,16
학생68 ,-ObjR_D0BIJP9C71LJIx,boy,2학년,게임 과몰입,0,외현화 문제,16
학생68 ,-ObjR_D0BIJP9C71LJIx,boy,2학년,관계 형성 곤란,3,학교생활적응 문제,16
학생68 ,-ObjR_D0BIJP9C71LJIx,boy,2학년,등교 거부,0,학교생활적응 문제,16
학생68 ,-ObjR_D0BIJP9C71LJIx,boy,2학년,괴롭힘 피해,1,심리외상 문제,16
학생68 ,-ObjR_D0BIJP9C71LJIx,boy,2학년,따돌림 피해,0,심리외상 문제,16
학생69 ,-ObjR_OivE18fHMwyJvV,girl,2학년,사회적 긴장,0,불안 및 우울 문제,15
학생69 ,-ObjR_OivE18fHMwyJvV,girl,2학년,감정 기복,1,불안 및 우울 문제,15
학생69 ,-ObjR_OivE18fHMwyJvV,girl,2학년,과도한 죄책감,1,불안 및 우울 문제,15
학생69 ,-ObjR_OivE18fHMwyJvV,girl,2학년,과민성/짜증,1,불안 및 우울 문제,15
학생69 ,-ObjR_OivE18fHMwyJvV,girl,2학년,낮은 자존감,1,학교생활적응 문제,15
학생69 ,-ObjR_OivE18fHMwyJvV,girl,2학년,무기력/피로,1,불안 및 우울 문제,15
학생69 ,-ObjR_OivE18fHMwyJvV,girl,2학년,예기 불안,3,불안 및 우울 문제,15
학생69 ,-ObjR_OivE18fHMwyJvV,girl,2학년,과도한 불안,3,불안 및 우울 문제,15
학생69 ,-ObjR_OivE18fHMwyJvV,girl,2학년,우울 증상,1,불안 및 우울 문제,15
학생69 ,-ObjR_OivE18fHMwyJvV,girl,2학년,수면 문제,3,학교생활적응 문제,15
학생69 ,-ObjR_OivE18fHMwyJvV,girl,2학년,자살 사고,0,자살 및 위기 문제,15
학생69 ,-ObjR_OivE18fHMwyJvV,girl,2학년,자해 행동,0,자살 및 위기 문제,15
학생69 ,-ObjR_OivE18fHMwyJvV,girl,2학년,자살 계획,0,자살 및 위기 문제,15
학생69 ,-ObjR_OivE18fHMwyJvV,girl,2학년,심각한 자살사고,0,자살 및 위기 문제,15
학생69 ,-ObjR_OivE18fHMwyJvV,girl,2학년,절망감,0,자살 및 위기 문제,15
학생69 ,-ObjR_OivE18fHMwyJvV,girl,2학년,자살 시도,0,자살 및 위기 문제,15
학생69 ,-ObjR_OivE18fHMwyJvV,girl,2학년,빈번한 거짓말,0,외현화 문제,15
학생69 ,-ObjR_OivE18fHMwyJvV,girl,2학년,또래 갈등,0,외현화 문제,15
학생69 ,-ObjR_OivE18fHMwyJvV,girl,2학년,반항 행동,0,외현화 문제,15
학생69 ,-ObjR_OivE18fHMwyJvV,girl,2학년,괴롭힘 가해,0,외현화 문제,15
학생69 ,-ObjR_OivE18fHMwyJvV,girl,2학년,외상 침습증상,0,심리외상 문제,15
학생69 ,-ObjR_OivE18fHMwyJvV,girl,2학년,외상 관련 악몽,0,심리외상 문제,15
학생69 ,-ObjR_OivE18fHMwyJvV,girl,2학년,외상 후 고립,0,심리외상 문제,15
학생69 ,-ObjR_OivE18fHMwyJvV,girl,2학년,외상 후 과각성,0,심리외상 문제,15
학생69 ,-ObjR_OivE18fHMwyJvV,girl,2학년,외상 회피행동,0,심리외상 문제,15
학생69 ,-ObjR_OivE18fHMwyJvV,girl,2학년,흡연 문제,0,외현화 문제,15
학생69 ,-ObjR_OivE18fHMwyJvV,girl,2학년,음주 문제,0,외현화 문제,15
학생69 ,-ObjR_OivE18fHMwyJvV,girl,2학년,적응력 저하,0,학교생활적응 문제,15
학생69 ,-ObjR_OivE18fHMwyJvV,girl,2학년,분리 불안,0,학교생활적응 문제,15
학생69 ,-ObjR_OivE18fHMwyJvV,girl,2학년,학습 어려움,0,학교생활적응 문제,15
학생69 ,-ObjR_OivE18fHMwyJvV,girl,2학년,재산 관련 비행,0,외현화 문제,15
학생69 ,-ObjR_OivE18fHMwyJvV,girl,2학년,게임 과몰입,0,외현화 문제,15
학생69 ,-ObjR_OivE18fHMwyJvV,girl,2학년,관계 형성 곤란,0,학교생활적응 문제,15
학생69 ,-ObjR_OivE18fHMwyJvV,girl,2학년,등교 거부,0,학교생활적응 문제,15
학생69 ,-ObjR_OivE18fHMwyJvV,girl,2학년,괴롭힘 피해,0,심리외상 문제,15
학생69 ,-ObjR_OivE18fHMwyJvV,girl,2학년,따돌림 피해,0,심리외상 문제,15
학생70 ,-ObjR_WPptKNHOHuWuEU,girl,2학년,사회적 긴장,0,불안 및 우울 문제,2
학생70 ,-ObjR_WPptKNHOHuWuEU,girl,2학년,감정 기복,0,불안 및 우울 문제,2
학생70 ,-ObjR_WPptKNHOHuWuEU,girl,2학년,과도한 죄책감,0,불안 및 우울 문제,2
학생70 ,-ObjR_WPptKNHOHuWuEU,girl,2학년,과민성/짜증,0,불안 및 우울 문제,2
학생70 ,-ObjR_WPptKNHOHuWuEU,girl,2학년,낮은 자존감,0,학교생활적응 문제,2
학생70 ,-ObjR_WPptKNHOHuWuEU,girl,2학년,무기력/피로,0,불안 및 우울 문제,2
학생70 ,-ObjR_WPptKNHOHuWuEU,girl,2학년,예기 불안,1,불안 및 우울 문제,2
학생70 ,-ObjR_WPptKNHOHuWuEU,girl,2학년,과도한 불안,0,불안 및 우울 문제,2
학생70 ,-ObjR_WPptKNHOHuWuEU,girl,2학년,우울 증상,0,불안 및 우울 문제,2
학생70 ,-ObjR_WPptKNHOHuWuEU,girl,2학년,수면 문제,1,학교생활적응 문제,2
학생70 ,-ObjR_WPptKNHOHuWuEU,girl,2학년,자살 사고,0,자살 및 위기 문제,2
학생70 ,-ObjR_WPptKNHOHuWuEU,girl,2학년,자해 행동,0,자살 및 위기 문제,2
학생70 ,-ObjR_WPptKNHOHuWuEU,girl,2학년,자살 계획,0,자살 및 위기 문제,2
학생70 ,-ObjR_WPptKNHOHuWuEU,girl,2학년,심각한 자살사고,0,자살 및 위기 문제,2
학생70 ,-ObjR_WPptKNHOHuWuEU,girl,2학년,절망감,0,자살 및 위기 문제,2
학생70 ,-ObjR_WPptKNHOHuWuEU,girl,2학년,자살 시도,0,자살 및 위기 문제,2
학생70 ,-ObjR_WPptKNHOHuWuEU,girl,2학년,빈번한 거짓말,0,외현화 문제,2
학생70 ,-ObjR_WPptKNHOHuWuEU,girl,2학년,또래 갈등,0,외현화 문제,2
학생70 ,-ObjR_WPptKNHOHuWuEU,girl,2학년,반항 행동,0,외현화 문제,2
학생70 ,-ObjR_WPptKNHOHuWuEU,girl,2학년,괴롭힘 가해,0,외현화 문제,2
학생70 ,-ObjR_WPptKNHOHuWuEU,girl,2학년,외상 침습증상,0,심리외상 문제,2
학생70 ,-ObjR_WPptKNHOHuWuEU,girl,2학년,외상 관련 악몽,0,심리외상 문제,2
학생70 ,-ObjR_WPptKNHOHuWuEU,girl,2학년,외상 후 고립,0,심리외상 문제,2
학생70 ,-ObjR_WPptKNHOHuWuEU,girl,2학년,외상 후 과각성,0,심리외상 문제,2
학생70 ,-ObjR_WPptKNHOHuWuEU,girl,2학년,외상 회피행동,0,심리외상 문제,2
학생70 ,-ObjR_WPptKNHOHuWuEU,girl,2학년,흡연 문제,0,외현화 문제,2
학생70 ,-ObjR_WPptKNHOHuWuEU,girl,2학년,음주 문제,0,외현화 문제,2
학생70 ,-ObjR_WPptKNHOHuWuEU,girl,2학년,적응력 저하,0,학교생활적응 문제,2
학생70 ,-ObjR_WPptKNHOHuWuEU,girl,2학년,분리 불안,0,학교생활적응 문제,2
학생70 ,-ObjR_WPptKNHOHuWuEU,girl,2학년,학습 어려움,0,학교생활적응 문제,2
학생70 ,-ObjR_WPptKNHOHuWuEU,girl,2학년,재산 관련 비행,0,외현화 문제,2
학생70 ,-ObjR_WPptKNHOHuWuEU,girl,2학년,게임 과몰입,0,외현화 문제,2
학생70 ,-ObjR_WPptKNHOHuWuEU,girl,2학년,관계 형성 곤란,0,학교생활적응 문제,2
학생70 ,-ObjR_WPptKNHOHuWuEU,girl,2학년,등교 거부,0,학교생활적응 문제,2
학생70 ,-ObjR_WPptKNHOHuWuEU,girl,2학년,괴롭힘 피해,0,심리외상 문제,2
학생70 ,-ObjR_WPptKNHOHuWuEU,girl,2학년,따돌림 피해,0,심리외상 문제,2
학생71 ,-ObjR_aaDKjVitNWgX8S,girl,2학년,사회적 긴장,1,불안 및 우울 문제,15
학생71 ,-ObjR_aaDKjVitNWgX8S,girl,2학년,감정 기복,1,불안 및 우울 문제,15
학생71 ,-ObjR_aaDKjVitNWgX8S,girl,2학년,과도한 죄책감,0,불안 및 우울 문제,15
학생71 ,-ObjR_aaDKjVitNWgX8S,girl,2학년,과민성/짜증,1,불안 및 우울 문제,15
학생71 ,-ObjR_aaDKjVitNWgX8S,girl,2학년,낮은 자존감,1,학교생활적응 문제,15
학생71 ,-ObjR_aaDKjVitNWgX8S,girl,2학년,무기력/피로,2,불안 및 우울 문제,15
학생71 ,-ObjR_aaDKjVitNWgX8S,girl,2학년,예기 불안,2,불안 및 우울 문제,15
학생71 ,-ObjR_aaDKjVitNWgX8S,girl,2학년,과도한 불안,2,불안 및 우울 문제,15
학생71 ,-ObjR_aaDKjVitNWgX8S,girl,2학년,우울 증상,0,불안 및 우울 문제,15
학생71 ,-ObjR_aaDKjVitNWgX8S,girl,2학년,수면 문제,2,학교생활적응 문제,15
학생71 ,-ObjR_aaDKjVitNWgX8S,girl,2학년,자살 사고,0,자살 및 위기 문제,15
학생71 ,-ObjR_aaDKjVitNWgX8S,girl,2학년,자해 행동,0,자살 및 위기 문제,15
학생71 ,-ObjR_aaDKjVitNWgX8S,girl,2학년,자살 계획,0,자살 및 위기 문제,15
학생71 ,-ObjR_aaDKjVitNWgX8S,girl,2학년,심각한 자살사고,0,자살 및 위기 문제,15
학생71 ,-ObjR_aaDKjVitNWgX8S,girl,2학년,절망감,0,자살 및 위기 문제,15
학생71 ,-ObjR_aaDKjVitNWgX8S,girl,2학년,자살 시도,0,자살 및 위기 문제,15
학생71 ,-ObjR_aaDKjVitNWgX8S,girl,2학년,빈번한 거짓말,0,외현화 문제,15
학생71 ,-ObjR_aaDKjVitNWgX8S,girl,2학년,또래 갈등,0,외현화 문제,15
학생71 ,-ObjR_aaDKjVitNWgX8S,girl,2학년,반항 행동,1,외현화 문제,15
학생71 ,-ObjR_aaDKjVitNWgX8S,girl,2학년,괴롭힘 가해,0,외현화 문제,15
학생71 ,-ObjR_aaDKjVitNWgX8S,girl,2학년,외상 침습증상,0,심리외상 문제,15
학생71 ,-ObjR_aaDKjVitNWgX8S,girl,2학년,외상 관련 악몽,0,심리외상 문제,15
학생71 ,-ObjR_aaDKjVitNWgX8S,girl,2학년,외상 후 고립,0,심리외상 문제,15
학생71 ,-ObjR_aaDKjVitNWgX8S,girl,2학년,외상 후 과각성,0,심리외상 문제,15
학생71 ,-ObjR_aaDKjVitNWgX8S,girl,2학년,외상 회피행동,0,심리외상 문제,15
학생71 ,-ObjR_aaDKjVitNWgX8S,girl,2학년,흡연 문제,0,외현화 문제,15
학생71 ,-ObjR_aaDKjVitNWgX8S,girl,2학년,음주 문제,0,외현화 문제,15
학생71 ,-ObjR_aaDKjVitNWgX8S,girl,2학년,적응력 저하,0,학교생활적응 문제,15
학생71 ,-ObjR_aaDKjVitNWgX8S,girl,2학년,분리 불안,0,학교생활적응 문제,15
학생71 ,-ObjR_aaDKjVitNWgX8S,girl,2학년,학습 어려움,2,학교생활적응 문제,15
학생71 ,-ObjR_aaDKjVitNWgX8S,girl,2학년,재산 관련 비행,0,외현화 문제,15
학생71 ,-ObjR_aaDKjVitNWgX8S,girl,2학년,게임 과몰입,0,외현화 문제,15
학생71 ,-ObjR_aaDKjVitNWgX8S,girl,2학년,관계 형성 곤란,0,학교생활적응 문제,15
학생71 ,-ObjR_aaDKjVitNWgX8S,girl,2학년,등교 거부,0,학교생활적응 문제,15
학생71 ,-ObjR_aaDKjVitNWgX8S,girl,2학년,괴롭힘 피해,0,심리외상 문제,15
학생71 ,-ObjR_aaDKjVitNWgX8S,girl,2학년,따돌림 피해,0,심리외상 문제,15
학생72 ,-ObjR_dKT9IymHMrtV8P,boy,1학년,사회적 긴장,1,불안 및 우울 문제,17
학생72 ,-ObjR_dKT9IymHMrtV8P,boy,1학년,감정 기복,2,불안 및 우울 문제,17
학생72 ,-ObjR_dKT9IymHMrtV8P,boy,1학년,과도한 죄책감,0,불안 및 우울 문제,17
학생72 ,-ObjR_dKT9IymHMrtV8P,boy,1학년,과민성/짜증,2,불안 및 우울 문제,17
학생72 ,-ObjR_dKT9IymHMrtV8P,boy,1학년,낮은 자존감,2,학교생활적응 문제,17
학생72 ,-ObjR_dKT9IymHMrtV8P,boy,1학년,무기력/피로,2,불안 및 우울 문제,17
학생72 ,-ObjR_dKT9IymHMrtV8P,boy,1학년,예기 불안,1,불안 및 우울 문제,17
학생72 ,-ObjR_dKT9IymHMrtV8P,boy,1학년,과도한 불안,2,불안 및 우울 문제,17
학생72 ,-ObjR_dKT9IymHMrtV8P,boy,1학년,우울 증상,1,불안 및 우울 문제,17
학생72 ,-ObjR_dKT9IymHMrtV8P,boy,1학년,수면 문제,1,학교생활적응 문제,17
학생72 ,-ObjR_dKT9IymHMrtV8P,boy,1학년,자살 사고,0,자살 및 위기 문제,17
학생72 ,-ObjR_dKT9IymHMrtV8P,boy,1학년,자해 행동,0,자살 및 위기 문제,17
학생72 ,-ObjR_dKT9IymHMrtV8P,boy,1학년,자살 계획,0,자살 및 위기 문제,17
학생72 ,-ObjR_dKT9IymHMrtV8P,boy,1학년,심각한 자살사고,0,자살 및 위기 문제,17
학생72 ,-ObjR_dKT9IymHMrtV8P,boy,1학년,절망감,1,자살 및 위기 문제,17
학생72 ,-ObjR_dKT9IymHMrtV8P,boy,1학년,자살 시도,0,자살 및 위기 문제,17
학생72 ,-ObjR_dKT9IymHMrtV8P,boy,1학년,빈번한 거짓말,0,외현화 문제,17
학생72 ,-ObjR_dKT9IymHMrtV8P,boy,1학년,또래 갈등,0,외현화 문제,17
학생72 ,-ObjR_dKT9IymHMrtV8P,boy,1학년,반항 행동,1,외현화 문제,17
학생72 ,-ObjR_dKT9IymHMrtV8P,boy,1학년,괴롭힘 가해,0,외현화 문제,17
학생72 ,-ObjR_dKT9IymHMrtV8P,boy,1학년,외상 침습증상,0,심리외상 문제,17
학생72 ,-ObjR_dKT9IymHMrtV8P,boy,1학년,외상 관련 악몽,0,심리외상 문제,17
학생72 ,-ObjR_dKT9IymHMrtV8P,boy,1학년,외상 후 고립,0,심리외상 문제,17
학생72 ,-ObjR_dKT9IymHMrtV8P,boy,1학년,외상 후 과각성,0,심리외상 문제,17
학생72 ,-ObjR_dKT9IymHMrtV8P,boy,1학년,외상 회피행동,0,심리외상 문제,17
학생72 ,-ObjR_dKT9IymHMrtV8P,boy,1학년,흡연 문제,0,외현화 문제,17
학생72 ,-ObjR_dKT9IymHMrtV8P,boy,1학년,음주 문제,0,외현화 문제,17
학생72 ,-ObjR_dKT9IymHMrtV8P,boy,1학년,적응력 저하,0,학교생활적응 문제,17
학생72 ,-ObjR_dKT9IymHMrtV8P,boy,1학년,분리 불안,0,학교생활적응 문제,17
학생72 ,-ObjR_dKT9IymHMrtV8P,boy,1학년,학습 어려움,0,학교생활적응 문제,17
학생72 ,-ObjR_dKT9IymHMrtV8P,boy,1학년,재산 관련 비행,0,외현화 문제,17
학생72 ,-ObjR_dKT9IymHMrtV8P,boy,1학년,게임 과몰입,0,외현화 문제,17
학생72 ,-ObjR_dKT9IymHMrtV8P,boy,1학년,관계 형성 곤란,1,학교생활적응 문제,17
학생72 ,-ObjR_dKT9IymHMrtV8P,boy,1학년,등교 거부,0,학교생활적응 문제,17
학생72 ,-ObjR_dKT9IymHMrtV8P,boy,1학년,괴롭힘 피해,0,심리외상 문제,17
학생72 ,-ObjR_dKT9IymHMrtV8P,boy,1학년,따돌림 피해,0,심리외상 문제,17
학생73 ,-ObjR_tAyORsn1jBvw4r,boy,2학년,사회적 긴장,1,불안 및 우울 문제,2
학생73 ,-ObjR_tAyORsn1jBvw4r,boy,2학년,감정 기복,0,불안 및 우울 문제,2
학생73 ,-ObjR_tAyORsn1jBvw4r,boy,2학년,과도한 죄책감,0,불안 및 우울 문제,2
학생73 ,-ObjR_tAyORsn1jBvw4r,boy,2학년,과민성/짜증,0,불안 및 우울 문제,2
학생73 ,-ObjR_tAyORsn1jBvw4r,boy,2학년,낮은 자존감,0,학교생활적응 문제,2
학생73 ,-ObjR_tAyORsn1jBvw4r,boy,2학년,무기력/피로,0,불안 및 우울 문제,2
학생73 ,-ObjR_tAyORsn1jBvw4r,boy,2학년,예기 불안,0,불안 및 우울 문제,2
학생73 ,-ObjR_tAyORsn1jBvw4r,boy,2학년,과도한 불안,0,불안 및 우울 문제,2
학생73 ,-ObjR_tAyORsn1jBvw4r,boy,2학년,우울 증상,0,불안 및 우울 문제,2
학생73 ,-ObjR_tAyORsn1jBvw4r,boy,2학년,수면 문제,0,학교생활적응 문제,2
학생73 ,-ObjR_tAyORsn1jBvw4r,boy,2학년,자살 사고,0,자살 및 위기 문제,2
학생73 ,-ObjR_tAyORsn1jBvw4r,boy,2학년,자해 행동,0,자살 및 위기 문제,2
학생73 ,-ObjR_tAyORsn1jBvw4r,boy,2학년,자살 계획,0,자살 및 위기 문제,2
학생73 ,-ObjR_tAyORsn1jBvw4r,boy,2학년,심각한 자살사고,0,자살 및 위기 문제,2
학생73 ,-ObjR_tAyORsn1jBvw4r,boy,2학년,절망감,1,자살 및 위기 문제,2
학생73 ,-ObjR_tAyORsn1jBvw4r,boy,2학년,자살 시도,0,자살 및 위기 문제,2
학생73 ,-ObjR_tAyORsn1jBvw4r,boy,2학년,빈번한 거짓말,0,외현화 문제,2
학생73 ,-ObjR_tAyORsn1jBvw4r,boy,2학년,또래 갈등,0,외현화 문제,2
학생73 ,-ObjR_tAyORsn1jBvw4r,boy,2학년,반항 행동,0,외현화 문제,2
학생73 ,-ObjR_tAyORsn1jBvw4r,boy,2학년,괴롭힘 가해,0,외현화 문제,2
학생73 ,-ObjR_tAyORsn1jBvw4r,boy,2학년,외상 침습증상,0,심리외상 문제,2
학생73 ,-ObjR_tAyORsn1jBvw4r,boy,2학년,외상 관련 악몽,0,심리외상 문제,2
학생73 ,-ObjR_tAyORsn1jBvw4r,boy,2학년,외상 후 고립,0,심리외상 문제,2
학생73 ,-ObjR_tAyORsn1jBvw4r,boy,2학년,외상 후 과각성,0,심리외상 문제,2
학생73 ,-ObjR_tAyORsn1jBvw4r,boy,2학년,외상 회피행동,0,심리외상 문제,2
학생73 ,-ObjR_tAyORsn1jBvw4r,boy,2학년,흡연 문제,0,외현화 문제,2
학생73 ,-ObjR_tAyORsn1jBvw4r,boy,2학년,음주 문제,0,외현화 문제,2
학생73 ,-ObjR_tAyORsn1jBvw4r,boy,2학년,적응력 저하,0,학교생활적응 문제,2
학생73 ,-ObjR_tAyORsn1jBvw4r,boy,2학년,분리 불안,0,학교생활적응 문제,2
학생73 ,-ObjR_tAyORsn1jBvw4r,boy,2학년,학습 어려움,0,학교생활적응 문제,2
학생73 ,-ObjR_tAyORsn1jBvw4r,boy,2학년,재산 관련 비행,0,외현화 문제,2
학생73 ,-ObjR_tAyORsn1jBvw4r,boy,2학년,게임 과몰입,0,외현화 문제,2
학생73 ,-ObjR_tAyORsn1jBvw4r,boy,2학년,관계 형성 곤란,0,학교생활적응 문제,2
학생73 ,-ObjR_tAyORsn1jBvw4r,boy,2학년,등교 거부,0,학교생활적응 문제,2
학생73 ,-ObjR_tAyORsn1jBvw4r,boy,2학년,괴롭힘 피해,0,심리외상 문제,2
학생73 ,-ObjR_tAyORsn1jBvw4r,boy,2학년,따돌림 피해,0,심리외상 문제,2
학생74 ,-ObjRa1aZkIrUbZx_vc1,boy,1학년,사회적 긴장,1,불안 및 우울 문제,2
학생74 ,-ObjRa1aZkIrUbZx_vc1,boy,1학년,감정 기복,0,불안 및 우울 문제,2
학생74 ,-ObjRa1aZkIrUbZx_vc1,boy,1학년,과도한 죄책감,0,불안 및 우울 문제,2
학생74 ,-ObjRa1aZkIrUbZx_vc1,boy,1학년,과민성/짜증,0,불안 및 우울 문제,2
학생74 ,-ObjRa1aZkIrUbZx_vc1,boy,1학년,낮은 자존감,0,학교생활적응 문제,2
학생74 ,-ObjRa1aZkIrUbZx_vc1,boy,1학년,무기력/피로,0,불안 및 우울 문제,2
학생74 ,-ObjRa1aZkIrUbZx_vc1,boy,1학년,예기 불안,0,불안 및 우울 문제,2
학생74 ,-ObjRa1aZkIrUbZx_vc1,boy,1학년,과도한 불안,0,불안 및 우울 문제,2
학생74 ,-ObjRa1aZkIrUbZx_vc1,boy,1학년,우울 증상,0,불안 및 우울 문제,2
학생74 ,-ObjRa1aZkIrUbZx_vc1,boy,1학년,수면 문제,1,학교생활적응 문제,2
학생74 ,-ObjRa1aZkIrUbZx_vc1,boy,1학년,자살 사고,0,자살 및 위기 문제,2
학생74 ,-ObjRa1aZkIrUbZx_vc1,boy,1학년,자해 행동,0,자살 및 위기 문제,2
학생74 ,-ObjRa1aZkIrUbZx_vc1,boy,1학년,자살 계획,0,자살 및 위기 문제,2
학생74 ,-ObjRa1aZkIrUbZx_vc1,boy,1학년,심각한 자살사고,0,자살 및 위기 문제,2
학생74 ,-ObjRa1aZkIrUbZx_vc1,boy,1학년,절망감,0,자살 및 위기 문제,2
학생74 ,-ObjRa1aZkIrUbZx_vc1,boy,1학년,자살 시도,0,자살 및 위기 문제,2
학생74 ,-ObjRa1aZkIrUbZx_vc1,boy,1학년,빈번한 거짓말,0,외현화 문제,2
학생74 ,-ObjRa1aZkIrUbZx_vc1,boy,1학년,또래 갈등,0,외현화 문제,2
학생74 ,-ObjRa1aZkIrUbZx_vc1,boy,1학년,반항 행동,0,외현화 문제,2
학생74 ,-ObjRa1aZkIrUbZx_vc1,boy,1학년,괴롭힘 가해,0,외현화 문제,2
학생74 ,-ObjRa1aZkIrUbZx_vc1,boy,1학년,외상 침습증상,0,심리외상 문제,2
학생74 ,-ObjRa1aZkIrUbZx_vc1,boy,1학년,외상 관련 악몽,0,심리외상 문제,2
학생74 ,-ObjRa1aZkIrUbZx_vc1,boy,1학년,외상 후 고립,0,심리외상 문제,2
학생74 ,-ObjRa1aZkIrUbZx_vc1,boy,1학년,외상 후 과각성,0,심리외상 문제,2
학생74 ,-ObjRa1aZkIrUbZx_vc1,boy,1학년,외상 회피행동,0,심리외상 문제,2
학생74 ,-ObjRa1aZkIrUbZx_vc1,boy,1학년,흡연 문제,0,외현화 문제,2
학생74 ,-ObjRa1aZkIrUbZx_vc1,boy,1학년,음주 문제,0,외현화 문제,2
학생74 ,-ObjRa1aZkIrUbZx_vc1,boy,1학년,적응력 저하,0,학교생활적응 문제,2
학생74 ,-ObjRa1aZkIrUbZx_vc1,boy,1학년,분리 불안,0,학교생활적응 문제,2
학생74 ,-ObjRa1aZkIrUbZx_vc1,boy,1학년,학습 어려움,0,학교생활적응 문제,2
학생74 ,-ObjRa1aZkIrUbZx_vc1,boy,1학년,재산 관련 비행,0,외현화 문제,2
학생74 ,-ObjRa1aZkIrUbZx_vc1,boy,1학년,게임 과몰입,0,외현화 문제,2
학생74 ,-ObjRa1aZkIrUbZx_vc1,boy,1학년,관계 형성 곤란,0,학교생활적응 문제,2
학생74 ,-ObjRa1aZkIrUbZx_vc1,boy,1학년,등교 거부,0,학교생활적응 문제,2
학생74 ,-ObjRa1aZkIrUbZx_vc1,boy,1학년,괴롭힘 피해,0,심리외상 문제,2
학생74 ,-ObjRa1aZkIrUbZx_vc1,boy,1학년,따돌림 피해,0,심리외상 문제,2
학생75 ,-ObjRaD93ZiQ2s71bk8z,girl,3학년,사회적 긴장,0,불안 및 우울 문제,11
학생75 ,-ObjRaD93ZiQ2s71bk8z,girl,3학년,감정 기복,1,불안 및 우울 문제,11
학생75 ,-ObjRaD93ZiQ2s71bk8z,girl,3학년,과도한 죄책감,0,불안 및 우울 문제,11
학생75 ,-ObjRaD93ZiQ2s71bk8z,girl,3학년,과민성/짜증,0,불안 및 우울 문제,11
학생75 ,-ObjRaD93ZiQ2s71bk8z,girl,3학년,낮은 자존감,0,학교생활적응 문제,11
학생75 ,-ObjRaD93ZiQ2s71bk8z,girl,3학년,무기력/피로,1,불안 및 우울 문제,11
학생75 ,-ObjRaD93ZiQ2s71bk8z,girl,3학년,예기 불안,1,불안 및 우울 문제,11
학생75 ,-ObjRaD93ZiQ2s71bk8z,girl,3학년,과도한 불안,1,불안 및 우울 문제,11
학생75 ,-ObjRaD93ZiQ2s71bk8z,girl,3학년,우울 증상,1,불안 및 우울 문제,11
학생75 ,-ObjRaD93ZiQ2s71bk8z,girl,3학년,수면 문제,3,학교생활적응 문제,11
학생75 ,-ObjRaD93ZiQ2s71bk8z,girl,3학년,자살 사고,0,자살 및 위기 문제,11
학생75 ,-ObjRaD93ZiQ2s71bk8z,girl,3학년,자해 행동,0,자살 및 위기 문제,11
학생75 ,-ObjRaD93ZiQ2s71bk8z,girl,3학년,자살 계획,1,자살 및 위기 문제,11
학생75 ,-ObjRaD93ZiQ2s71bk8z,girl,3학년,심각한 자살사고,0,자살 및 위기 문제,11
학생75 ,-ObjRaD93ZiQ2s71bk8z,girl,3학년,절망감,0,자살 및 위기 문제,11
학생75 ,-ObjRaD93ZiQ2s71bk8z,girl,3학년,자살 시도,0,자살 및 위기 문제,11
학생75 ,-ObjRaD93ZiQ2s71bk8z,girl,3학년,빈번한 거짓말,0,외현화 문제,11
학생75 ,-ObjRaD93ZiQ2s71bk8z,girl,3학년,또래 갈등,0,외현화 문제,11
학생75 ,-ObjRaD93ZiQ2s71bk8z,girl,3학년,반항 행동,0,외현화 문제,11
학생75 ,-ObjRaD93ZiQ2s71bk8z,girl,3학년,괴롭힘 가해,0,외현화 문제,11
학생75 ,-ObjRaD93ZiQ2s71bk8z,girl,3학년,외상 침습증상,0,심리외상 문제,11
학생75 ,-ObjRaD93ZiQ2s71bk8z,girl,3학년,외상 관련 악몽,0,심리외상 문제,11
학생75 ,-ObjRaD93ZiQ2s71bk8z,girl,3학년,외상 후 고립,0,심리외상 문제,11
학생75 ,-ObjRaD93ZiQ2s71bk8z,girl,3학년,외상 후 과각성,0,심리외상 문제,11
학생75 ,-ObjRaD93ZiQ2s71bk8z,girl,3학년,외상 회피행동,0,심리외상 문제,11
학생75 ,-ObjRaD93ZiQ2s71bk8z,girl,3학년,흡연 문제,0,외현화 문제,11
학생75 ,-ObjRaD93ZiQ2s71bk8z,girl,3학년,음주 문제,0,외현화 문제,11
학생75 ,-ObjRaD93ZiQ2s71bk8z,girl,3학년,적응력 저하,0,학교생활적응 문제,11
학생75 ,-ObjRaD93ZiQ2s71bk8z,girl,3학년,분리 불안,0,학교생활적응 문제,11
학생75 ,-ObjRaD93ZiQ2s71bk8z,girl,3학년,학습 어려움,1,학교생활적응 문제,11
학생75 ,-ObjRaD93ZiQ2s71bk8z,girl,3학년,재산 관련 비행,0,외현화 문제,11
학생75 ,-ObjRaD93ZiQ2s71bk8z,girl,3학년,게임 과몰입,0,외현화 문제,11
학생75 ,-ObjRaD93ZiQ2s71bk8z,girl,3학년,관계 형성 곤란,1,학교생활적응 문제,11
학생75 ,-ObjRaD93ZiQ2s71bk8z,girl,3학년,등교 거부,0,학교생활적응 문제,11
학생75 ,-ObjRaD93ZiQ2s71bk8z,girl,3학년,괴롭힘 피해,0,심리외상 문제,11
학생75 ,-ObjRaD93ZiQ2s71bk8z,girl,3학년,따돌림 피해,0,심리외상 문제,11
학생76 ,-ObjRaLvqVMd-Fh0YkoZ,girl,1학년,사회적 긴장,1,불안 및 우울 문제,11
학생76 ,-ObjRaLvqVMd-Fh0YkoZ,girl,1학년,감정 기복,1,불안 및 우울 문제,11
학생76 ,-ObjRaLvqVMd-Fh0YkoZ,girl,1학년,과도한 죄책감,0,불안 및 우울 문제,11
학생76 ,-ObjRaLvqVMd-Fh0YkoZ,girl,1학년,과민성/짜증,1,불안 및 우울 문제,11
학생76 ,-ObjRaLvqVMd-Fh0YkoZ,girl,1학년,낮은 자존감,2,학교생활적응 문제,11
학생76 ,-ObjRaLvqVMd-Fh0YkoZ,girl,1학년,무기력/피로,0,불안 및 우울 문제,11
학생76 ,-ObjRaLvqVMd-Fh0YkoZ,girl,1학년,예기 불안,2,불안 및 우울 문제,11
학생76 ,-ObjRaLvqVMd-Fh0YkoZ,girl,1학년,과도한 불안,1,불안 및 우울 문제,11
학생76 ,-ObjRaLvqVMd-Fh0YkoZ,girl,1학년,우울 증상,0,불안 및 우울 문제,11
학생76 ,-ObjRaLvqVMd-Fh0YkoZ,girl,1학년,수면 문제,2,학교생활적응 문제,11
학생76 ,-ObjRaLvqVMd-Fh0YkoZ,girl,1학년,자살 사고,0,자살 및 위기 문제,11
학생76 ,-ObjRaLvqVMd-Fh0YkoZ,girl,1학년,자해 행동,0,자살 및 위기 문제,11
학생76 ,-ObjRaLvqVMd-Fh0YkoZ,girl,1학년,자살 계획,0,자살 및 위기 문제,11
학생76 ,-ObjRaLvqVMd-Fh0YkoZ,girl,1학년,심각한 자살사고,0,자살 및 위기 문제,11
학생76 ,-ObjRaLvqVMd-Fh0YkoZ,girl,1학년,절망감,1,자살 및 위기 문제,11
학생76 ,-ObjRaLvqVMd-Fh0YkoZ,girl,1학년,자살 시도,0,자살 및 위기 문제,11
학생76 ,-ObjRaLvqVMd-Fh0YkoZ,girl,1학년,빈번한 거짓말,0,외현화 문제,11
학생76 ,-ObjRaLvqVMd-Fh0YkoZ,girl,1학년,또래 갈등,0,외현화 문제,11
학생76 ,-ObjRaLvqVMd-Fh0YkoZ,girl,1학년,반항 행동,0,외현화 문제,11
학생76 ,-ObjRaLvqVMd-Fh0YkoZ,girl,1학년,괴롭힘 가해,0,외현화 문제,11
학생76 ,-ObjRaLvqVMd-Fh0YkoZ,girl,1학년,외상 침습증상,0,심리외상 문제,11
학생76 ,-ObjRaLvqVMd-Fh0YkoZ,girl,1학년,외상 관련 악몽,0,심리외상 문제,11
학생76 ,-ObjRaLvqVMd-Fh0YkoZ,girl,1학년,외상 후 고립,0,심리외상 문제,11
학생76 ,-ObjRaLvqVMd-Fh0YkoZ,girl,1학년,외상 후 과각성,0,심리외상 문제,11
학생76 ,-ObjRaLvqVMd-Fh0YkoZ,girl,1학년,외상 회피행동,0,심리외상 문제,11
학생76 ,-ObjRaLvqVMd-Fh0YkoZ,girl,1학년,흡연 문제,0,외현화 문제,11
학생76 ,-ObjRaLvqVMd-Fh0YkoZ,girl,1학년,음주 문제,0,외현화 문제,11
학생76 ,-ObjRaLvqVMd-Fh0YkoZ,girl,1학년,적응력 저하,0,학교생활적응 문제,11
학생76 ,-ObjRaLvqVMd-Fh0YkoZ,girl,1학년,분리 불안,0,학교생활적응 문제,11
학생76 ,-ObjRaLvqVMd-Fh0YkoZ,girl,1학년,학습 어려움,0,학교생활적응 문제,11
학생76 ,-ObjRaLvqVMd-Fh0YkoZ,girl,1학년,재산 관련 비행,0,외현화 문제,11
학생76 ,-ObjRaLvqVMd-Fh0YkoZ,girl,1학년,게임 과몰입,0,외현화 문제,11
학생76 ,-ObjRaLvqVMd-Fh0YkoZ,girl,1학년,관계 형성 곤란,0,학교생활적응 문제,11
학생76 ,-ObjRaLvqVMd-Fh0YkoZ,girl,1학년,등교 거부,0,학교생활적응 문제,11
학생76 ,-ObjRaLvqVMd-Fh0YkoZ,girl,1학년,괴롭힘 피해,0,심리외상 문제,11
학생76 ,-ObjRaLvqVMd-Fh0YkoZ,girl,1학년,따돌림 피해,0,심리외상 문제,11
학생77 ,-ObjRaMnOIkt2QFetCZQ,girl,2학년,사회적 긴장,0,불안 및 우울 문제,4
학생77 ,-ObjRaMnOIkt2QFetCZQ,girl,2학년,감정 기복,1,불안 및 우울 문제,4
학생77 ,-ObjRaMnOIkt2QFetCZQ,girl,2학년,과도한 죄책감,0,불안 및 우울 문제,4
학생77 ,-ObjRaMnOIkt2QFetCZQ,girl,2학년,과민성/짜증,0,불안 및 우울 문제,4
학생77 ,-ObjRaMnOIkt2QFetCZQ,girl,2학년,낮은 자존감,0,학교생활적응 문제,4
학생77 ,-ObjRaMnOIkt2QFetCZQ,girl,2학년,무기력/피로,1,불안 및 우울 문제,4
학생77 ,-ObjRaMnOIkt2QFetCZQ,girl,2학년,예기 불안,1,불안 및 우울 문제,4
학생77 ,-ObjRaMnOIkt2QFetCZQ,girl,2학년,과도한 불안,0,불안 및 우울 문제,4
학생77 ,-ObjRaMnOIkt2QFetCZQ,girl,2학년,우울 증상,0,불안 및 우울 문제,4
학생77 ,-ObjRaMnOIkt2QFetCZQ,girl,2학년,수면 문제,1,학교생활적응 문제,4
학생77 ,-ObjRaMnOIkt2QFetCZQ,girl,2학년,자살 사고,0,자살 및 위기 문제,4
학생77 ,-ObjRaMnOIkt2QFetCZQ,girl,2학년,자해 행동,0,자살 및 위기 문제,4
학생77 ,-ObjRaMnOIkt2QFetCZQ,girl,2학년,자살 계획,0,자살 및 위기 문제,4
학생77 ,-ObjRaMnOIkt2QFetCZQ,girl,2학년,심각한 자살사고,0,자살 및 위기 문제,4
학생77 ,-ObjRaMnOIkt2QFetCZQ,girl,2학년,절망감,0,자살 및 위기 문제,4
학생77 ,-ObjRaMnOIkt2QFetCZQ,girl,2학년,자살 시도,0,자살 및 위기 문제,4
학생77 ,-ObjRaMnOIkt2QFetCZQ,girl,2학년,빈번한 거짓말,0,외현화 문제,4
학생77 ,-ObjRaMnOIkt2QFetCZQ,girl,2학년,또래 갈등,0,외현화 문제,4
학생77 ,-ObjRaMnOIkt2QFetCZQ,girl,2학년,반항 행동,0,외현화 문제,4
학생77 ,-ObjRaMnOIkt2QFetCZQ,girl,2학년,괴롭힘 가해,0,외현화 문제,4
학생77 ,-ObjRaMnOIkt2QFetCZQ,girl,2학년,외상 침습증상,0,심리외상 문제,4
학생77 ,-ObjRaMnOIkt2QFetCZQ,girl,2학년,외상 관련 악몽,0,심리외상 문제,4
학생77 ,-ObjRaMnOIkt2QFetCZQ,girl,2학년,외상 후 고립,0,심리외상 문제,4
학생77 ,-ObjRaMnOIkt2QFetCZQ,girl,2학년,외상 후 과각성,0,심리외상 문제,4
학생77 ,-ObjRaMnOIkt2QFetCZQ,girl,2학년,외상 회피행동,0,심리외상 문제,4
학생77 ,-ObjRaMnOIkt2QFetCZQ,girl,2학년,흡연 문제,0,외현화 문제,4
학생77 ,-ObjRaMnOIkt2QFetCZQ,girl,2학년,음주 문제,0,외현화 문제,4
학생77 ,-ObjRaMnOIkt2QFetCZQ,girl,2학년,적응력 저하,0,학교생활적응 문제,4
학생77 ,-ObjRaMnOIkt2QFetCZQ,girl,2학년,분리 불안,0,학교생활적응 문제,4
학생77 ,-ObjRaMnOIkt2QFetCZQ,girl,2학년,학습 어려움,0,학교생활적응 문제,4
학생77 ,-ObjRaMnOIkt2QFetCZQ,girl,2학년,재산 관련 비행,0,외현화 문제,4
학생77 ,-ObjRaMnOIkt2QFetCZQ,girl,2학년,게임 과몰입,0,외현화 문제,4
학생77 ,-ObjRaMnOIkt2QFetCZQ,girl,2학년,관계 형성 곤란,0,학교생활적응 문제,4
학생77 ,-ObjRaMnOIkt2QFetCZQ,girl,2학년,등교 거부,0,학교생활적응 문제,4
학생77 ,-ObjRaMnOIkt2QFetCZQ,girl,2학년,괴롭힘 피해,0,심리외상 문제,4
학생77 ,-ObjRaMnOIkt2QFetCZQ,girl,2학년,따돌림 피해,0,심리외상 문제,4
학생78 ,-ObjRannKMlIEHDQlH4q,boy,1학년,사회적 긴장,0,불안 및 우울 문제,7
학생78 ,-ObjRannKMlIEHDQlH4q,boy,1학년,감정 기복,0,불안 및 우울 문제,7
학생78 ,-ObjRannKMlIEHDQlH4q,boy,1학년,과도한 죄책감,0,불안 및 우울 문제,7
학생78 ,-ObjRannKMlIEHDQlH4q,boy,1학년,과민성/짜증,1,불안 및 우울 문제,7
학생78 ,-ObjRannKMlIEHDQlH4q,boy,1학년,낮은 자존감,0,학교생활적응 문제,7
학생78 ,-ObjRannKMlIEHDQlH4q,boy,1학년,무기력/피로,1,불안 및 우울 문제,7
학생78 ,-ObjRannKMlIEHDQlH4q,boy,1학년,예기 불안,2,불안 및 우울 문제,7
학생78 ,-ObjRannKMlIEHDQlH4q,boy,1학년,과도한 불안,2,불안 및 우울 문제,7
학생78 ,-ObjRannKMlIEHDQlH4q,boy,1학년,우울 증상,0,불안 및 우울 문제,7
학생78 ,-ObjRannKMlIEHDQlH4q,boy,1학년,수면 문제,0,학교생활적응 문제,7
학생78 ,-ObjRannKMlIEHDQlH4q,boy,1학년,자살 사고,0,자살 및 위기 문제,7
학생78 ,-ObjRannKMlIEHDQlH4q,boy,1학년,자해 행동,0,자살 및 위기 문제,7
학생78 ,-ObjRannKMlIEHDQlH4q,boy,1학년,자살 계획,0,자살 및 위기 문제,7
학생78 ,-ObjRannKMlIEHDQlH4q,boy,1학년,심각한 자살사고,0,자살 및 위기 문제,7
학생78 ,-ObjRannKMlIEHDQlH4q,boy,1학년,절망감,0,자살 및 위기 문제,7
학생78 ,-ObjRannKMlIEHDQlH4q,boy,1학년,자살 시도,0,자살 및 위기 문제,7
학생78 ,-ObjRannKMlIEHDQlH4q,boy,1학년,빈번한 거짓말,0,외현화 문제,7
학생78 ,-ObjRannKMlIEHDQlH4q,boy,1학년,또래 갈등,0,외현화 문제,7
학생78 ,-ObjRannKMlIEHDQlH4q,boy,1학년,반항 행동,1,외현화 문제,7
학생78 ,-ObjRannKMlIEHDQlH4q,boy,1학년,괴롭힘 가해,0,외현화 문제,7
학생78 ,-ObjRannKMlIEHDQlH4q,boy,1학년,외상 침습증상,0,심리외상 문제,7
학생78 ,-ObjRannKMlIEHDQlH4q,boy,1학년,외상 관련 악몽,0,심리외상 문제,7
학생78 ,-ObjRannKMlIEHDQlH4q,boy,1학년,외상 후 고립,0,심리외상 문제,7
학생78 ,-ObjRannKMlIEHDQlH4q,boy,1학년,외상 후 과각성,0,심리외상 문제,7
학생78 ,-ObjRannKMlIEHDQlH4q,boy,1학년,외상 회피행동,0,심리외상 문제,7
학생78 ,-ObjRannKMlIEHDQlH4q,boy,1학년,흡연 문제,0,외현화 문제,7
학생78 ,-ObjRannKMlIEHDQlH4q,boy,1학년,음주 문제,0,외현화 문제,7
학생78 ,-ObjRannKMlIEHDQlH4q,boy,1학년,적응력 저하,0,학교생활적응 문제,7
학생78 ,-ObjRannKMlIEHDQlH4q,boy,1학년,분리 불안,0,학교생활적응 문제,7
학생78 ,-ObjRannKMlIEHDQlH4q,boy,1학년,학습 어려움,0,학교생활적응 문제,7
학생78 ,-ObjRannKMlIEHDQlH4q,boy,1학년,재산 관련 비행,0,외현화 문제,7
학생78 ,-ObjRannKMlIEHDQlH4q,boy,1학년,게임 과몰입,0,외현화 문제,7
학생78 ,-ObjRannKMlIEHDQlH4q,boy,1학년,관계 형성 곤란,0,학교생활적응 문제,7
학생78 ,-ObjRannKMlIEHDQlH4q,boy,1학년,등교 거부,0,학교생활적응 문제,7
학생78 ,-ObjRannKMlIEHDQlH4q,boy,1학년,괴롭힘 피해,0,심리외상 문제,7
학생78 ,-ObjRannKMlIEHDQlH4q,boy,1학년,따돌림 피해,0,심리외상 문제,7
학생79 ,-ObjRbKMvGb2Wdsy5zY2,boy,2학년,사회적 긴장,1,불안 및 우울 문제,6
학생79 ,-ObjRbKMvGb2Wdsy5zY2,boy,2학년,감정 기복,0,불안 및 우울 문제,6
학생79 ,-ObjRbKMvGb2Wdsy5zY2,boy,2학년,과도한 죄책감,1,불안 및 우울 문제,6
학생79 ,-ObjRbKMvGb2Wdsy5zY2,boy,2학년,과민성/짜증,0,불안 및 우울 문제,6
학생79 ,-ObjRbKMvGb2Wdsy5zY2,boy,2학년,낮은 자존감,0,학교생활적응 문제,6
학생79 ,-ObjRbKMvGb2Wdsy5zY2,boy,2학년,무기력/피로,0,불안 및 우울 문제,6
학생79 ,-ObjRbKMvGb2Wdsy5zY2,boy,2학년,예기 불안,1,불안 및 우울 문제,6
학생79 ,-ObjRbKMvGb2Wdsy5zY2,boy,2학년,과도한 불안,0,불안 및 우울 문제,6
학생79 ,-ObjRbKMvGb2Wdsy5zY2,boy,2학년,우울 증상,1,불안 및 우울 문제,6
학생79 ,-ObjRbKMvGb2Wdsy5zY2,boy,2학년,수면 문제,0,학교생활적응 문제,6
학생79 ,-ObjRbKMvGb2Wdsy5zY2,boy,2학년,자살 사고,0,자살 및 위기 문제,6
학생79 ,-ObjRbKMvGb2Wdsy5zY2,boy,2학년,자해 행동,0,자살 및 위기 문제,6
학생79 ,-ObjRbKMvGb2Wdsy5zY2,boy,2학년,자살 계획,0,자살 및 위기 문제,6
학생79 ,-ObjRbKMvGb2Wdsy5zY2,boy,2학년,심각한 자살사고,0,자살 및 위기 문제,6
학생79 ,-ObjRbKMvGb2Wdsy5zY2,boy,2학년,절망감,0,자살 및 위기 문제,6
학생79 ,-ObjRbKMvGb2Wdsy5zY2,boy,2학년,자살 시도,0,자살 및 위기 문제,6
학생79 ,-ObjRbKMvGb2Wdsy5zY2,boy,2학년,빈번한 거짓말,1,외현화 문제,6
학생79 ,-ObjRbKMvGb2Wdsy5zY2,boy,2학년,또래 갈등,1,외현화 문제,6
학생79 ,-ObjRbKMvGb2Wdsy5zY2,boy,2학년,반항 행동,0,외현화 문제,6
학생79 ,-ObjRbKMvGb2Wdsy5zY2,boy,2학년,괴롭힘 가해,0,외현화 문제,6
학생79 ,-ObjRbKMvGb2Wdsy5zY2,boy,2학년,외상 침습증상,0,심리외상 문제,6
학생79 ,-ObjRbKMvGb2Wdsy5zY2,boy,2학년,외상 관련 악몽,0,심리외상 문제,6
학생79 ,-ObjRbKMvGb2Wdsy5zY2,boy,2학년,외상 후 고립,0,심리외상 문제,6
학생79 ,-ObjRbKMvGb2Wdsy5zY2,boy,2학년,외상 후 과각성,0,심리외상 문제,6
학생79 ,-ObjRbKMvGb2Wdsy5zY2,boy,2학년,외상 회피행동,0,심리외상 문제,6
학생79 ,-ObjRbKMvGb2Wdsy5zY2,boy,2학년,흡연 문제,0,외현화 문제,6
학생79 ,-ObjRbKMvGb2Wdsy5zY2,boy,2학년,음주 문제,0,외현화 문제,6
학생79 ,-ObjRbKMvGb2Wdsy5zY2,boy,2학년,적응력 저하,0,학교생활적응 문제,6
학생79 ,-ObjRbKMvGb2Wdsy5zY2,boy,2학년,분리 불안,0,학교생활적응 문제,6
학생79 ,-ObjRbKMvGb2Wdsy5zY2,boy,2학년,학습 어려움,0,학교생활적응 문제,6
학생79 ,-ObjRbKMvGb2Wdsy5zY2,boy,2학년,재산 관련 비행,0,외현화 문제,6
학생79 ,-ObjRbKMvGb2Wdsy5zY2,boy,2학년,게임 과몰입,0,외현화 문제,6
학생79 ,-ObjRbKMvGb2Wdsy5zY2,boy,2학년,관계 형성 곤란,0,학교생활적응 문제,6
학생79 ,-ObjRbKMvGb2Wdsy5zY2,boy,2학년,등교 거부,0,학교생활적응 문제,6
학생79 ,-ObjRbKMvGb2Wdsy5zY2,boy,2학년,괴롭힘 피해,0,심리외상 문제,6
학생79 ,-ObjRbKMvGb2Wdsy5zY2,boy,2학년,따돌림 피해,0,심리외상 문제,6
학생80 ,-ObjRbb0oUfrl87AQFYf,girl,1학년,사회적 긴장,1,불안 및 우울 문제,10
학생80 ,-ObjRbb0oUfrl87AQFYf,girl,1학년,감정 기복,0,불안 및 우울 문제,10
학생80 ,-ObjRbb0oUfrl87AQFYf,girl,1학년,과도한 죄책감,0,불안 및 우울 문제,10
학생80 ,-ObjRbb0oUfrl87AQFYf,girl,1학년,과민성/짜증,2,불안 및 우울 문제,10
학생80 ,-ObjRbb0oUfrl87AQFYf,girl,1학년,낮은 자존감,2,학교생활적응 문제,10
학생80 ,-ObjRbb0oUfrl87AQFYf,girl,1학년,무기력/피로,0,불안 및 우울 문제,10
학생80 ,-ObjRbb0oUfrl87AQFYf,girl,1학년,예기 불안,1,불안 및 우울 문제,10
학생80 ,-ObjRbb0oUfrl87AQFYf,girl,1학년,과도한 불안,0,불안 및 우울 문제,10
학생80 ,-ObjRbb0oUfrl87AQFYf,girl,1학년,우울 증상,1,불안 및 우울 문제,10
학생80 ,-ObjRbb0oUfrl87AQFYf,girl,1학년,수면 문제,0,학교생활적응 문제,10
학생80 ,-ObjRbb0oUfrl87AQFYf,girl,1학년,자살 사고,0,자살 및 위기 문제,10
학생80 ,-ObjRbb0oUfrl87AQFYf,girl,1학년,자해 행동,0,자살 및 위기 문제,10
학생80 ,-ObjRbb0oUfrl87AQFYf,girl,1학년,자살 계획,0,자살 및 위기 문제,10
학생80 ,-ObjRbb0oUfrl87AQFYf,girl,1학년,심각한 자살사고,0,자살 및 위기 문제,10
학생80 ,-ObjRbb0oUfrl87AQFYf,girl,1학년,절망감,0,자살 및 위기 문제,10
학생80 ,-ObjRbb0oUfrl87AQFYf,girl,1학년,자살 시도,0,자살 및 위기 문제,10
학생80 ,-ObjRbb0oUfrl87AQFYf,girl,1학년,빈번한 거짓말,2,외현화 문제,10
학생80 ,-ObjRbb0oUfrl87AQFYf,girl,1학년,또래 갈등,0,외현화 문제,10
학생80 ,-ObjRbb0oUfrl87AQFYf,girl,1학년,반항 행동,0,외현화 문제,10
학생80 ,-ObjRbb0oUfrl87AQFYf,girl,1학년,괴롭힘 가해,0,외현화 문제,10
학생80 ,-ObjRbb0oUfrl87AQFYf,girl,1학년,외상 침습증상,0,심리외상 문제,10
학생80 ,-ObjRbb0oUfrl87AQFYf,girl,1학년,외상 관련 악몽,0,심리외상 문제,10
학생80 ,-ObjRbb0oUfrl87AQFYf,girl,1학년,외상 후 고립,0,심리외상 문제,10
학생80 ,-ObjRbb0oUfrl87AQFYf,girl,1학년,외상 후 과각성,0,심리외상 문제,10
학생80 ,-ObjRbb0oUfrl87AQFYf,girl,1학년,외상 회피행동,0,심리외상 문제,10
학생80 ,-ObjRbb0oUfrl87AQFYf,girl,1학년,흡연 문제,0,외현화 문제,10
학생80 ,-ObjRbb0oUfrl87AQFYf,girl,1학년,음주 문제,0,외현화 문제,10
학생80 ,-ObjRbb0oUfrl87AQFYf,girl,1학년,적응력 저하,1,학교생활적응 문제,10
학생80 ,-ObjRbb0oUfrl87AQFYf,girl,1학년,분리 불안,0,학교생활적응 문제,10
학생80 ,-ObjRbb0oUfrl87AQFYf,girl,1학년,학습 어려움,0,학교생활적응 문제,10
학생80 ,-ObjRbb0oUfrl87AQFYf,girl,1학년,재산 관련 비행,0,외현화 문제,10
학생80 ,-ObjRbb0oUfrl87AQFYf,girl,1학년,게임 과몰입,0,외현화 문제,10
학생80 ,-ObjRbb0oUfrl87AQFYf,girl,1학년,관계 형성 곤란,0,학교생활적응 문제,10
학생80 ,-ObjRbb0oUfrl87AQFYf,girl,1학년,등교 거부,0,학교생활적응 문제,10
학생80 ,-ObjRbb0oUfrl87AQFYf,girl,1학년,괴롭힘 피해,0,심리외상 문제,10
학생80 ,-ObjRbb0oUfrl87AQFYf,girl,1학년,따돌림 피해,0,심리외상 문제,10
학생81 ,-ObjRbo6ZSvAYAJpAUnq,boy,1학년,사회적 긴장,2,불안 및 우울 문제,33
학생81 ,-ObjRbo6ZSvAYAJpAUnq,boy,1학년,감정 기복,2,불안 및 우울 문제,33
학생81 ,-ObjRbo6ZSvAYAJpAUnq,boy,1학년,과도한 죄책감,2,불안 및 우울 문제,33
학생81 ,-ObjRbo6ZSvAYAJpAUnq,boy,1학년,과민성/짜증,2,불안 및 우울 문제,33
학생81 ,-ObjRbo6ZSvAYAJpAUnq,boy,1학년,낮은 자존감,2,학교생활적응 문제,33
학생81 ,-ObjRbo6ZSvAYAJpAUnq,boy,1학년,무기력/피로,1,불안 및 우울 문제,33
학생81 ,-ObjRbo6ZSvAYAJpAUnq,boy,1학년,예기 불안,3,불안 및 우울 문제,33
학생81 ,-ObjRbo6ZSvAYAJpAUnq,boy,1학년,과도한 불안,3,불안 및 우울 문제,33
학생81 ,-ObjRbo6ZSvAYAJpAUnq,boy,1학년,우울 증상,3,불안 및 우울 문제,33
학생81 ,-ObjRbo6ZSvAYAJpAUnq,boy,1학년,수면 문제,2,학교생활적응 문제,33
학생81 ,-ObjRbo6ZSvAYAJpAUnq,boy,1학년,자살 사고,2,자살 및 위기 문제,33
학생81 ,-ObjRbo6ZSvAYAJpAUnq,boy,1학년,자해 행동,0,자살 및 위기 문제,33
학생81 ,-ObjRbo6ZSvAYAJpAUnq,boy,1학년,자살 계획,1,자살 및 위기 문제,33
학생81 ,-ObjRbo6ZSvAYAJpAUnq,boy,1학년,심각한 자살사고,0,자살 및 위기 문제,33
학생81 ,-ObjRbo6ZSvAYAJpAUnq,boy,1학년,절망감,1,자살 및 위기 문제,33
학생81 ,-ObjRbo6ZSvAYAJpAUnq,boy,1학년,자살 시도,2,자살 및 위기 문제,33
학생81 ,-ObjRbo6ZSvAYAJpAUnq,boy,1학년,빈번한 거짓말,1,외현화 문제,33
학생81 ,-ObjRbo6ZSvAYAJpAUnq,boy,1학년,또래 갈등,0,외현화 문제,33
학생81 ,-ObjRbo6ZSvAYAJpAUnq,boy,1학년,반항 행동,0,외현화 문제,33
학생81 ,-ObjRbo6ZSvAYAJpAUnq,boy,1학년,괴롭힘 가해,0,외현화 문제,33
학생81 ,-ObjRbo6ZSvAYAJpAUnq,boy,1학년,외상 침습증상,1,심리외상 문제,33
학생81 ,-ObjRbo6ZSvAYAJpAUnq,boy,1학년,외상 관련 악몽,1,심리외상 문제,33
학생81 ,-ObjRbo6ZSvAYAJpAUnq,boy,1학년,외상 후 고립,0,심리외상 문제,33
학생81 ,-ObjRbo6ZSvAYAJpAUnq,boy,1학년,외상 후 과각성,0,심리외상 문제,33
학생81 ,-ObjRbo6ZSvAYAJpAUnq,boy,1학년,외상 회피행동,1,심리외상 문제,33
학생81 ,-ObjRbo6ZSvAYAJpAUnq,boy,1학년,흡연 문제,0,외현화 문제,33
학생81 ,-ObjRbo6ZSvAYAJpAUnq,boy,1학년,음주 문제,0,외현화 문제,33
학생81 ,-ObjRbo6ZSvAYAJpAUnq,boy,1학년,적응력 저하,0,학교생활적응 문제,33
학생81 ,-ObjRbo6ZSvAYAJpAUnq,boy,1학년,분리 불안,0,학교생활적응 문제,33
학생81 ,-ObjRbo6ZSvAYAJpAUnq,boy,1학년,학습 어려움,0,학교생활적응 문제,33
학생81 ,-ObjRbo6ZSvAYAJpAUnq,boy,1학년,재산 관련 비행,0,외현화 문제,33
학생81 ,-ObjRbo6ZSvAYAJpAUnq,boy,1학년,게임 과몰입,0,외현화 문제,33
학생81 ,-ObjRbo6ZSvAYAJpAUnq,boy,1학년,관계 형성 곤란,1,학교생활적응 문제,33
학생81 ,-ObjRbo6ZSvAYAJpAUnq,boy,1학년,등교 거부,0,학교생활적응 문제,33
학생81 ,-ObjRbo6ZSvAYAJpAUnq,boy,1학년,괴롭힘 피해,0,심리외상 문제,33
학생81 ,-ObjRbo6ZSvAYAJpAUnq,boy,1학년,따돌림 피해,0,심리외상 문제,33
학생82 ,-ObjRc5OOTejK_cwFac_,boy,2학년,사회적 긴장,1,불안 및 우울 문제,11
학생82 ,-ObjRc5OOTejK_cwFac_,boy,2학년,감정 기복,0,불안 및 우울 문제,11
학생82 ,-ObjRc5OOTejK_cwFac_,boy,2학년,과도한 죄책감,0,불안 및 우울 문제,11
학생82 ,-ObjRc5OOTejK_cwFac_,boy,2학년,과민성/짜증,1,불안 및 우울 문제,11
학생82 ,-ObjRc5OOTejK_cwFac_,boy,2학년,낮은 자존감,1,학교생활적응 문제,11
학생82 ,-ObjRc5OOTejK_cwFac_,boy,2학년,무기력/피로,1,불안 및 우울 문제,11
학생82 ,-ObjRc5OOTejK_cwFac_,boy,2학년,예기 불안,1,불안 및 우울 문제,11
학생82 ,-ObjRc5OOTejK_cwFac_,boy,2학년,과도한 불안,1,불안 및 우울 문제,11
학생82 ,-ObjRc5OOTejK_cwFac_,boy,2학년,우울 증상,0,불안 및 우울 문제,11
학생82 ,-ObjRc5OOTejK_cwFac_,boy,2학년,수면 문제,2,학교생활적응 문제,11
학생82 ,-ObjRc5OOTejK_cwFac_,boy,2학년,자살 사고,0,자살 및 위기 문제,11
학생82 ,-ObjRc5OOTejK_cwFac_,boy,2학년,자해 행동,0,자살 및 위기 문제,11
학생82 ,-ObjRc5OOTejK_cwFac_,boy,2학년,자살 계획,0,자살 및 위기 문제,11
학생82 ,-ObjRc5OOTejK_cwFac_,boy,2학년,심각한 자살사고,0,자살 및 위기 문제,11
학생82 ,-ObjRc5OOTejK_cwFac_,boy,2학년,절망감,0,자살 및 위기 문제,11
학생82 ,-ObjRc5OOTejK_cwFac_,boy,2학년,자살 시도,0,자살 및 위기 문제,11
학생82 ,-ObjRc5OOTejK_cwFac_,boy,2학년,빈번한 거짓말,1,외현화 문제,11
학생82 ,-ObjRc5OOTejK_cwFac_,boy,2학년,또래 갈등,0,외현화 문제,11
학생82 ,-ObjRc5OOTejK_cwFac_,boy,2학년,반항 행동,0,외현화 문제,11
학생82 ,-ObjRc5OOTejK_cwFac_,boy,2학년,괴롭힘 가해,0,외현화 문제,11
학생82 ,-ObjRc5OOTejK_cwFac_,boy,2학년,외상 침습증상,0,심리외상 문제,11
학생82 ,-ObjRc5OOTejK_cwFac_,boy,2학년,외상 관련 악몽,0,심리외상 문제,11
학생82 ,-ObjRc5OOTejK_cwFac_,boy,2학년,외상 후 고립,0,심리외상 문제,11
학생82 ,-ObjRc5OOTejK_cwFac_,boy,2학년,외상 후 과각성,0,심리외상 문제,11
학생82 ,-ObjRc5OOTejK_cwFac_,boy,2학년,외상 회피행동,0,심리외상 문제,11
학생82 ,-ObjRc5OOTejK_cwFac_,boy,2학년,흡연 문제,0,외현화 문제,11
학생82 ,-ObjRc5OOTejK_cwFac_,boy,2학년,음주 문제,0,외현화 문제,11
학생82 ,-ObjRc5OOTejK_cwFac_,boy,2학년,적응력 저하,1,학교생활적응 문제,11
학생82 ,-ObjRc5OOTejK_cwFac_,boy,2학년,분리 불안,0,학교생활적응 문제,11
학생82 ,-ObjRc5OOTejK_cwFac_,boy,2학년,학습 어려움,0,학교생활적응 문제,11
학생82 ,-ObjRc5OOTejK_cwFac_,boy,2학년,재산 관련 비행,0,외현화 문제,11
학생82 ,-ObjRc5OOTejK_cwFac_,boy,2학년,게임 과몰입,1,외현화 문제,11
학생82 ,-ObjRc5OOTejK_cwFac_,boy,2학년,관계 형성 곤란,0,학교생활적응 문제,11
학생82 ,-ObjRc5OOTejK_cwFac_,boy,2학년,등교 거부,0,학교생활적응 문제,11
학생82 ,-ObjRc5OOTejK_cwFac_,boy,2학년,괴롭힘 피해,0,심리외상 문제,11
학생82 ,-ObjRc5OOTejK_cwFac_,boy,2학년,따돌림 피해,0,심리외상 문제,11
학생83 ,-ObjRcZYFNSvvq1kZEw4,boy,3학년,사회적 긴장,1,불안 및 우울 문제,18
학생83 ,-ObjRcZYFNSvvq1kZEw4,boy,3학년,감정 기복,2,불안 및 우울 문제,18
학생83 ,-ObjRcZYFNSvvq1kZEw4,boy,3학년,과도한 죄책감,0,불안 및 우울 문제,18
학생83 ,-ObjRcZYFNSvvq1kZEw4,boy,3학년,과민성/짜증,3,불안 및 우울 문제,18
학생83 ,-ObjRcZYFNSvvq1kZEw4,boy,3학년,낮은 자존감,3,학교생활적응 문제,18
학생83 ,-ObjRcZYFNSvvq1kZEw4,boy,3학년,무기력/피로,2,불안 및 우울 문제,18
학생83 ,-ObjRcZYFNSvvq1kZEw4,boy,3학년,예기 불안,3,불안 및 우울 문제,18
학생83 ,-ObjRcZYFNSvvq1kZEw4,boy,3학년,과도한 불안,2,불안 및 우울 문제,18
학생83 ,-ObjRcZYFNSvvq1kZEw4,boy,3학년,우울 증상,2,불안 및 우울 문제,18
학생83 ,-ObjRcZYFNSvvq1kZEw4,boy,3학년,수면 문제,0,학교생활적응 문제,18
학생83 ,-ObjRcZYFNSvvq1kZEw4,boy,3학년,자살 사고,0,자살 및 위기 문제,18
학생83 ,-ObjRcZYFNSvvq1kZEw4,boy,3학년,자해 행동,0,자살 및 위기 문제,18
학생83 ,-ObjRcZYFNSvvq1kZEw4,boy,3학년,자살 계획,0,자살 및 위기 문제,18
학생83 ,-ObjRcZYFNSvvq1kZEw4,boy,3학년,심각한 자살사고,0,자살 및 위기 문제,18
학생83 ,-ObjRcZYFNSvvq1kZEw4,boy,3학년,절망감,0,자살 및 위기 문제,18
학생83 ,-ObjRcZYFNSvvq1kZEw4,boy,3학년,자살 시도,0,자살 및 위기 문제,18
학생83 ,-ObjRcZYFNSvvq1kZEw4,boy,3학년,빈번한 거짓말,0,외현화 문제,18
학생83 ,-ObjRcZYFNSvvq1kZEw4,boy,3학년,또래 갈등,0,외현화 문제,18
학생83 ,-ObjRcZYFNSvvq1kZEw4,boy,3학년,반항 행동,0,외현화 문제,18
학생83 ,-ObjRcZYFNSvvq1kZEw4,boy,3학년,괴롭힘 가해,0,외현화 문제,18
학생83 ,-ObjRcZYFNSvvq1kZEw4,boy,3학년,외상 침습증상,0,심리외상 문제,18
학생83 ,-ObjRcZYFNSvvq1kZEw4,boy,3학년,외상 관련 악몽,0,심리외상 문제,18
학생83 ,-ObjRcZYFNSvvq1kZEw4,boy,3학년,외상 후 고립,0,심리외상 문제,18
학생83 ,-ObjRcZYFNSvvq1kZEw4,boy,3학년,외상 후 과각성,0,심리외상 문제,18
학생83 ,-ObjRcZYFNSvvq1kZEw4,boy,3학년,외상 회피행동,0,심리외상 문제,18
학생83 ,-ObjRcZYFNSvvq1kZEw4,boy,3학년,흡연 문제,0,외현화 문제,18
학생83 ,-ObjRcZYFNSvvq1kZEw4,boy,3학년,음주 문제,0,외현화 문제,18
학생83 ,-ObjRcZYFNSvvq1kZEw4,boy,3학년,적응력 저하,0,학교생활적응 문제,18
학생83 ,-ObjRcZYFNSvvq1kZEw4,boy,3학년,분리 불안,0,학교생활적응 문제,18
학생83 ,-ObjRcZYFNSvvq1kZEw4,boy,3학년,학습 어려움,0,학교생활적응 문제,18
학생83 ,-ObjRcZYFNSvvq1kZEw4,boy,3학년,재산 관련 비행,0,외현화 문제,18
학생83 ,-ObjRcZYFNSvvq1kZEw4,boy,3학년,게임 과몰입,0,외현화 문제,18
학생83 ,-ObjRcZYFNSvvq1kZEw4,boy,3학년,관계 형성 곤란,0,학교생활적응 문제,18
학생83 ,-ObjRcZYFNSvvq1kZEw4,boy,3학년,등교 거부,0,학교생활적응 문제,18
학생83 ,-ObjRcZYFNSvvq1kZEw4,boy,3학년,괴롭힘 피해,0,심리외상 문제,18
학생83 ,-ObjRcZYFNSvvq1kZEw4,boy,3학년,따돌림 피해,0,심리외상 문제,18
학생84 ,-ObjRcgHSHynX-kpBeW1,boy,2학년,사회적 긴장,1,불안 및 우울 문제,16
학생84 ,-ObjRcgHSHynX-kpBeW1,boy,2학년,감정 기복,2,불안 및 우울 문제,16
학생84 ,-ObjRcgHSHynX-kpBeW1,boy,2학년,과도한 죄책감,2,불안 및 우울 문제,16
학생84 ,-ObjRcgHSHynX-kpBeW1,boy,2학년,과민성/짜증,2,불안 및 우울 문제,16
학생84 ,-ObjRcgHSHynX-kpBeW1,boy,2학년,낮은 자존감,1,학교생활적응 문제,16
학생84 ,-ObjRcgHSHynX-kpBeW1,boy,2학년,무기력/피로,1,불안 및 우울 문제,16
학생84 ,-ObjRcgHSHynX-kpBeW1,boy,2학년,예기 불안,1,불안 및 우울 문제,16
학생84 ,-ObjRcgHSHynX-kpBeW1,boy,2학년,과도한 불안,1,불안 및 우울 문제,16
학생84 ,-ObjRcgHSHynX-kpBeW1,boy,2학년,우울 증상,1,불안 및 우울 문제,16
학생84 ,-ObjRcgHSHynX-kpBeW1,boy,2학년,수면 문제,2,학교생활적응 문제,16
학생84 ,-ObjRcgHSHynX-kpBeW1,boy,2학년,자살 사고,1,자살 및 위기 문제,16
학생84 ,-ObjRcgHSHynX-kpBeW1,boy,2학년,자해 행동,0,자살 및 위기 문제,16
학생84 ,-ObjRcgHSHynX-kpBeW1,boy,2학년,자살 계획,0,자살 및 위기 문제,16
학생84 ,-ObjRcgHSHynX-kpBeW1,boy,2학년,심각한 자살사고,0,자살 및 위기 문제,16
학생84 ,-ObjRcgHSHynX-kpBeW1,boy,2학년,절망감,0,자살 및 위기 문제,16
학생84 ,-ObjRcgHSHynX-kpBeW1,boy,2학년,자살 시도,0,자살 및 위기 문제,16
학생84 ,-ObjRcgHSHynX-kpBeW1,boy,2학년,빈번한 거짓말,0,외현화 문제,16
학생84 ,-ObjRcgHSHynX-kpBeW1,boy,2학년,또래 갈등,0,외현화 문제,16
학생84 ,-ObjRcgHSHynX-kpBeW1,boy,2학년,반항 행동,0,외현화 문제,16
학생84 ,-ObjRcgHSHynX-kpBeW1,boy,2학년,괴롭힘 가해,0,외현화 문제,16
학생84 ,-ObjRcgHSHynX-kpBeW1,boy,2학년,외상 침습증상,0,심리외상 문제,16
학생84 ,-ObjRcgHSHynX-kpBeW1,boy,2학년,외상 관련 악몽,0,심리외상 문제,16
학생84 ,-ObjRcgHSHynX-kpBeW1,boy,2학년,외상 후 고립,0,심리외상 문제,16
학생84 ,-ObjRcgHSHynX-kpBeW1,boy,2학년,외상 후 과각성,0,심리외상 문제,16
학생84 ,-ObjRcgHSHynX-kpBeW1,boy,2학년,외상 회피행동,0,심리외상 문제,16
학생84 ,-ObjRcgHSHynX-kpBeW1,boy,2학년,흡연 문제,0,외현화 문제,16
학생84 ,-ObjRcgHSHynX-kpBeW1,boy,2학년,음주 문제,0,외현화 문제,16
학생84 ,-ObjRcgHSHynX-kpBeW1,boy,2학년,적응력 저하,0,학교생활적응 문제,16
학생84 ,-ObjRcgHSHynX-kpBeW1,boy,2학년,분리 불안,0,학교생활적응 문제,16
학생84 ,-ObjRcgHSHynX-kpBeW1,boy,2학년,학습 어려움,0,학교생활적응 문제,16
학생84 ,-ObjRcgHSHynX-kpBeW1,boy,2학년,재산 관련 비행,0,외현화 문제,16
학생84 ,-ObjRcgHSHynX-kpBeW1,boy,2학년,게임 과몰입,1,외현화 문제,16
학생84 ,-ObjRcgHSHynX-kpBeW1,boy,2학년,관계 형성 곤란,0,학교생활적응 문제,16
학생84 ,-ObjRcgHSHynX-kpBeW1,boy,2학년,등교 거부,0,학교생활적응 문제,16
학생84 ,-ObjRcgHSHynX-kpBeW1,boy,2학년,괴롭힘 피해,0,심리외상 문제,16
학생84 ,-ObjRcgHSHynX-kpBeW1,boy,2학년,따돌림 피해,0,심리외상 문제,16
학생85 ,-ObjRdjVqzJdUq3g6OAm,girl,2학년,사회적 긴장,2,불안 및 우울 문제,12
학생85 ,-ObjRdjVqzJdUq3g6OAm,girl,2학년,감정 기복,1,불안 및 우울 문제,12
학생85 ,-ObjRdjVqzJdUq3g6OAm,girl,2학년,과도한 죄책감,0,불안 및 우울 문제,12
학생85 ,-ObjRdjVqzJdUq3g6OAm,girl,2학년,과민성/짜증,1,불안 및 우울 문제,12
학생85 ,-ObjRdjVqzJdUq3g6OAm,girl,2학년,낮은 자존감,1,학교생활적응 문제,12
학생85 ,-ObjRdjVqzJdUq3g6OAm,girl,2학년,무기력/피로,1,불안 및 우울 문제,12
학생85 ,-ObjRdjVqzJdUq3g6OAm,girl,2학년,예기 불안,1,불안 및 우울 문제,12
학생85 ,-ObjRdjVqzJdUq3g6OAm,girl,2학년,과도한 불안,1,불안 및 우울 문제,12
학생85 ,-ObjRdjVqzJdUq3g6OAm,girl,2학년,우울 증상,0,불안 및 우울 문제,12
학생85 ,-ObjRdjVqzJdUq3g6OAm,girl,2학년,수면 문제,1,학교생활적응 문제,12
학생85 ,-ObjRdjVqzJdUq3g6OAm,girl,2학년,자살 사고,0,자살 및 위기 문제,12
학생85 ,-ObjRdjVqzJdUq3g6OAm,girl,2학년,자해 행동,0,자살 및 위기 문제,12
학생85 ,-ObjRdjVqzJdUq3g6OAm,girl,2학년,자살 계획,0,자살 및 위기 문제,12
학생85 ,-ObjRdjVqzJdUq3g6OAm,girl,2학년,심각한 자살사고,0,자살 및 위기 문제,12
학생85 ,-ObjRdjVqzJdUq3g6OAm,girl,2학년,절망감,0,자살 및 위기 문제,12
학생85 ,-ObjRdjVqzJdUq3g6OAm,girl,2학년,자살 시도,0,자살 및 위기 문제,12
학생85 ,-ObjRdjVqzJdUq3g6OAm,girl,2학년,빈번한 거짓말,0,외현화 문제,12
학생85 ,-ObjRdjVqzJdUq3g6OAm,girl,2학년,또래 갈등,0,외현화 문제,12
학생85 ,-ObjRdjVqzJdUq3g6OAm,girl,2학년,반항 행동,0,외현화 문제,12
학생85 ,-ObjRdjVqzJdUq3g6OAm,girl,2학년,괴롭힘 가해,0,외현화 문제,12
학생85 ,-ObjRdjVqzJdUq3g6OAm,girl,2학년,외상 침습증상,0,심리외상 문제,12
학생85 ,-ObjRdjVqzJdUq3g6OAm,girl,2학년,외상 관련 악몽,0,심리외상 문제,12
학생85 ,-ObjRdjVqzJdUq3g6OAm,girl,2학년,외상 후 고립,0,심리외상 문제,12
학생85 ,-ObjRdjVqzJdUq3g6OAm,girl,2학년,외상 후 과각성,0,심리외상 문제,12
학생85 ,-ObjRdjVqzJdUq3g6OAm,girl,2학년,외상 회피행동,0,심리외상 문제,12
학생85 ,-ObjRdjVqzJdUq3g6OAm,girl,2학년,흡연 문제,0,외현화 문제,12
학생85 ,-ObjRdjVqzJdUq3g6OAm,girl,2학년,음주 문제,0,외현화 문제,12
학생85 ,-ObjRdjVqzJdUq3g6OAm,girl,2학년,적응력 저하,1,학교생활적응 문제,12
학생85 ,-ObjRdjVqzJdUq3g6OAm,girl,2학년,분리 불안,0,학교생활적응 문제,12
학생85 ,-ObjRdjVqzJdUq3g6OAm,girl,2학년,학습 어려움,1,학교생활적응 문제,12
학생85 ,-ObjRdjVqzJdUq3g6OAm,girl,2학년,재산 관련 비행,0,외현화 문제,12
학생85 ,-ObjRdjVqzJdUq3g6OAm,girl,2학년,게임 과몰입,0,외현화 문제,12
학생85 ,-ObjRdjVqzJdUq3g6OAm,girl,2학년,관계 형성 곤란,0,학교생활적응 문제,12
학생85 ,-ObjRdjVqzJdUq3g6OAm,girl,2학년,등교 거부,1,학교생활적응 문제,12
학생85 ,-ObjRdjVqzJdUq3g6OAm,girl,2학년,괴롭힘 피해,0,심리외상 문제,12
학생85 ,-ObjRdjVqzJdUq3g6OAm,girl,2학년,따돌림 피해,0,심리외상 문제,12
학생86 ,-ObjRe2LhcB_JDAMqdvy,boy,1학년,사회적 긴장,3,불안 및 우울 문제,27
학생86 ,-ObjRe2LhcB_JDAMqdvy,boy,1학년,감정 기복,2,불안 및 우울 문제,27
학생86 ,-ObjRe2LhcB_JDAMqdvy,boy,1학년,과도한 죄책감,3,불안 및 우울 문제,27
학생86 ,-ObjRe2LhcB_JDAMqdvy,boy,1학년,과민성/짜증,2,불안 및 우울 문제,27
학생86 ,-ObjRe2LhcB_JDAMqdvy,boy,1학년,낮은 자존감,2,학교생활적응 문제,27
학생86 ,-ObjRe2LhcB_JDAMqdvy,boy,1학년,무기력/피로,2,불안 및 우울 문제,27
학생86 ,-ObjRe2LhcB_JDAMqdvy,boy,1학년,예기 불안,2,불안 및 우울 문제,27
학생86 ,-ObjRe2LhcB_JDAMqdvy,boy,1학년,과도한 불안,2,불안 및 우울 문제,27
학생86 ,-ObjRe2LhcB_JDAMqdvy,boy,1학년,우울 증상,1,불안 및 우울 문제,27
학생86 ,-ObjRe2LhcB_JDAMqdvy,boy,1학년,수면 문제,2,학교생활적응 문제,27
학생86 ,-ObjRe2LhcB_JDAMqdvy,boy,1학년,자살 사고,0,자살 및 위기 문제,27
학생86 ,-ObjRe2LhcB_JDAMqdvy,boy,1학년,자해 행동,0,자살 및 위기 문제,27
학생86 ,-ObjRe2LhcB_JDAMqdvy,boy,1학년,자살 계획,0,자살 및 위기 문제,27
학생86 ,-ObjRe2LhcB_JDAMqdvy,boy,1학년,심각한 자살사고,0,자살 및 위기 문제,27
학생86 ,-ObjRe2LhcB_JDAMqdvy,boy,1학년,절망감,0,자살 및 위기 문제,27
학생86 ,-ObjRe2LhcB_JDAMqdvy,boy,1학년,자살 시도,0,자살 및 위기 문제,27
학생86 ,-ObjRe2LhcB_JDAMqdvy,boy,1학년,빈번한 거짓말,1,외현화 문제,27
학생86 ,-ObjRe2LhcB_JDAMqdvy,boy,1학년,또래 갈등,1,외현화 문제,27
학생86 ,-ObjRe2LhcB_JDAMqdvy,boy,1학년,반항 행동,1,외현화 문제,27
학생86 ,-ObjRe2LhcB_JDAMqdvy,boy,1학년,괴롭힘 가해,0,외현화 문제,27
학생86 ,-ObjRe2LhcB_JDAMqdvy,boy,1학년,외상 침습증상,0,심리외상 문제,27
학생86 ,-ObjRe2LhcB_JDAMqdvy,boy,1학년,외상 관련 악몽,0,심리외상 문제,27
학생86 ,-ObjRe2LhcB_JDAMqdvy,boy,1학년,외상 후 고립,0,심리외상 문제,27
학생86 ,-ObjRe2LhcB_JDAMqdvy,boy,1학년,외상 후 과각성,0,심리외상 문제,27
학생86 ,-ObjRe2LhcB_JDAMqdvy,boy,1학년,외상 회피행동,0,심리외상 문제,27
학생86 ,-ObjRe2LhcB_JDAMqdvy,boy,1학년,흡연 문제,0,외현화 문제,27
학생86 ,-ObjRe2LhcB_JDAMqdvy,boy,1학년,음주 문제,0,외현화 문제,27
학생86 ,-ObjRe2LhcB_JDAMqdvy,boy,1학년,적응력 저하,0,학교생활적응 문제,27
학생86 ,-ObjRe2LhcB_JDAMqdvy,boy,1학년,분리 불안,0,학교생활적응 문제,27
학생86 ,-ObjRe2LhcB_JDAMqdvy,boy,1학년,학습 어려움,1,학교생활적응 문제,27
학생86 ,-ObjRe2LhcB_JDAMqdvy,boy,1학년,재산 관련 비행,0,외현화 문제,27
학생86 ,-ObjRe2LhcB_JDAMqdvy,boy,1학년,게임 과몰입,1,외현화 문제,27
학생86 ,-ObjRe2LhcB_JDAMqdvy,boy,1학년,관계 형성 곤란,1,학교생활적응 문제,27
학생86 ,-ObjRe2LhcB_JDAMqdvy,boy,1학년,등교 거부,0,학교생활적응 문제,27
학생86 ,-ObjRe2LhcB_JDAMqdvy,boy,1학년,괴롭힘 피해,0,심리외상 문제,27
학생86 ,-ObjRe2LhcB_JDAMqdvy,boy,1학년,따돌림 피해,0,심리외상 문제,27
학생87 ,-ObjReMdV1kKv8px7dzz,girl,2학년,사회적 긴장,1,불안 및 우울 문제,10
학생87 ,-ObjReMdV1kKv8px7dzz,girl,2학년,감정 기복,1,불안 및 우울 문제,10
학생87 ,-ObjReMdV1kKv8px7dzz,girl,2학년,과도한 죄책감,1,불안 및 우울 문제,10
학생87 ,-ObjReMdV1kKv8px7dzz,girl,2학년,과민성/짜증,1,불안 및 우울 문제,10
학생87 ,-ObjReMdV1kKv8px7dzz,girl,2학년,낮은 자존감,1,학교생활적응 문제,10
학생87 ,-ObjReMdV1kKv8px7dzz,girl,2학년,무기력/피로,2,불안 및 우울 문제,10
학생87 ,-ObjReMdV1kKv8px7dzz,girl,2학년,예기 불안,1,불안 및 우울 문제,10
학생87 ,-ObjReMdV1kKv8px7dzz,girl,2학년,과도한 불안,0,불안 및 우울 문제,10
학생87 ,-ObjReMdV1kKv8px7dzz,girl,2학년,우울 증상,1,불안 및 우울 문제,10
학생87 ,-ObjReMdV1kKv8px7dzz,girl,2학년,수면 문제,1,학교생활적응 문제,10
학생87 ,-ObjReMdV1kKv8px7dzz,girl,2학년,자살 사고,0,자살 및 위기 문제,10
학생87 ,-ObjReMdV1kKv8px7dzz,girl,2학년,자해 행동,0,자살 및 위기 문제,10
학생87 ,-ObjReMdV1kKv8px7dzz,girl,2학년,자살 계획,0,자살 및 위기 문제,10
학생87 ,-ObjReMdV1kKv8px7dzz,girl,2학년,심각한 자살사고,0,자살 및 위기 문제,10
학생87 ,-ObjReMdV1kKv8px7dzz,girl,2학년,절망감,0,자살 및 위기 문제,10
학생87 ,-ObjReMdV1kKv8px7dzz,girl,2학년,자살 시도,0,자살 및 위기 문제,10
학생87 ,-ObjReMdV1kKv8px7dzz,girl,2학년,빈번한 거짓말,0,외현화 문제,10
학생87 ,-ObjReMdV1kKv8px7dzz,girl,2학년,또래 갈등,0,외현화 문제,10
학생87 ,-ObjReMdV1kKv8px7dzz,girl,2학년,반항 행동,0,외현화 문제,10
학생87 ,-ObjReMdV1kKv8px7dzz,girl,2학년,괴롭힘 가해,0,외현화 문제,10
학생87 ,-ObjReMdV1kKv8px7dzz,girl,2학년,외상 침습증상,0,심리외상 문제,10
학생87 ,-ObjReMdV1kKv8px7dzz,girl,2학년,외상 관련 악몽,0,심리외상 문제,10
학생87 ,-ObjReMdV1kKv8px7dzz,girl,2학년,외상 후 고립,0,심리외상 문제,10
학생87 ,-ObjReMdV1kKv8px7dzz,girl,2학년,외상 후 과각성,0,심리외상 문제,10
학생87 ,-ObjReMdV1kKv8px7dzz,girl,2학년,외상 회피행동,0,심리외상 문제,10
학생87 ,-ObjReMdV1kKv8px7dzz,girl,2학년,흡연 문제,0,외현화 문제,10
학생87 ,-ObjReMdV1kKv8px7dzz,girl,2학년,음주 문제,0,외현화 문제,10
학생87 ,-ObjReMdV1kKv8px7dzz,girl,2학년,적응력 저하,0,학교생활적응 문제,10
학생87 ,-ObjReMdV1kKv8px7dzz,girl,2학년,분리 불안,0,학교생활적응 문제,10
학생87 ,-ObjReMdV1kKv8px7dzz,girl,2학년,학습 어려움,0,학교생활적응 문제,10
학생87 ,-ObjReMdV1kKv8px7dzz,girl,2학년,재산 관련 비행,0,외현화 문제,10
학생87 ,-ObjReMdV1kKv8px7dzz,girl,2학년,게임 과몰입,0,외현화 문제,10
학생87 ,-ObjReMdV1kKv8px7dzz,girl,2학년,관계 형성 곤란,0,학교생활적응 문제,10
학생87 ,-ObjReMdV1kKv8px7dzz,girl,2학년,등교 거부,0,학교생활적응 문제,10
학생87 ,-ObjReMdV1kKv8px7dzz,girl,2학년,괴롭힘 피해,0,심리외상 문제,10
학생87 ,-ObjReMdV1kKv8px7dzz,girl,2학년,따돌림 피해,0,심리외상 문제,10
학생88 ,-ObjRePbB9jV_fFJ3085,girl,1학년,사회적 긴장,3,불안 및 우울 문제,37
학생88 ,-ObjRePbB9jV_fFJ3085,girl,1학년,감정 기복,1,불안 및 우울 문제,37
학생88 ,-ObjRePbB9jV_fFJ3085,girl,1학년,과도한 죄책감,1,불안 및 우울 문제,37
학생88 ,-ObjRePbB9jV_fFJ3085,girl,1학년,과민성/짜증,2,불안 및 우울 문제,37
학생88 ,-ObjRePbB9jV_fFJ3085,girl,1학년,낮은 자존감,2,학교생활적응 문제,37
학생88 ,-ObjRePbB9jV_fFJ3085,girl,1학년,무기력/피로,1,불안 및 우울 문제,37
학생88 ,-ObjRePbB9jV_fFJ3085,girl,1학년,예기 불안,2,불안 및 우울 문제,37
학생88 ,-ObjRePbB9jV_fFJ3085,girl,1학년,과도한 불안,2,불안 및 우울 문제,37
학생88 ,-ObjRePbB9jV_fFJ3085,girl,1학년,우울 증상,2,불안 및 우울 문제,37
학생88 ,-ObjRePbB9jV_fFJ3085,girl,1학년,수면 문제,1,학교생활적응 문제,37
학생88 ,-ObjRePbB9jV_fFJ3085,girl,1학년,자살 사고,2,자살 및 위기 문제,37
학생88 ,-ObjRePbB9jV_fFJ3085,girl,1학년,자해 행동,2,자살 및 위기 문제,37
학생88 ,-ObjRePbB9jV_fFJ3085,girl,1학년,자살 계획,1,자살 및 위기 문제,37
학생88 ,-ObjRePbB9jV_fFJ3085,girl,1학년,심각한 자살사고,2,자살 및 위기 문제,37
학생88 ,-ObjRePbB9jV_fFJ3085,girl,1학년,절망감,0,자살 및 위기 문제,37
학생88 ,-ObjRePbB9jV_fFJ3085,girl,1학년,자살 시도,2,자살 및 위기 문제,37
학생88 ,-ObjRePbB9jV_fFJ3085,girl,1학년,빈번한 거짓말,2,외현화 문제,37
학생88 ,-ObjRePbB9jV_fFJ3085,girl,1학년,또래 갈등,0,외현화 문제,37
학생88 ,-ObjRePbB9jV_fFJ3085,girl,1학년,반항 행동,0,외현화 문제,37
학생88 ,-ObjRePbB9jV_fFJ3085,girl,1학년,괴롭힘 가해,0,외현화 문제,37
학생88 ,-ObjRePbB9jV_fFJ3085,girl,1학년,외상 침습증상,2,심리외상 문제,37
학생88 ,-ObjRePbB9jV_fFJ3085,girl,1학년,외상 관련 악몽,1,심리외상 문제,37
학생88 ,-ObjRePbB9jV_fFJ3085,girl,1학년,외상 후 고립,2,심리외상 문제,37
학생88 ,-ObjRePbB9jV_fFJ3085,girl,1학년,외상 후 과각성,2,심리외상 문제,37
학생88 ,-ObjRePbB9jV_fFJ3085,girl,1학년,외상 회피행동,2,심리외상 문제,37
학생88 ,-ObjRePbB9jV_fFJ3085,girl,1학년,흡연 문제,0,외현화 문제,37
학생88 ,-ObjRePbB9jV_fFJ3085,girl,1학년,음주 문제,0,외현화 문제,37
학생88 ,-ObjRePbB9jV_fFJ3085,girl,1학년,적응력 저하,0,학교생활적응 문제,37
학생88 ,-ObjRePbB9jV_fFJ3085,girl,1학년,분리 불안,0,학교생활적응 문제,37
학생88 ,-ObjRePbB9jV_fFJ3085,girl,1학년,학습 어려움,0,학교생활적응 문제,37
학생88 ,-ObjRePbB9jV_fFJ3085,girl,1학년,재산 관련 비행,0,외현화 문제,37
학생88 ,-ObjRePbB9jV_fFJ3085,girl,1학년,게임 과몰입,0,외현화 문제,37
학생88 ,-ObjRePbB9jV_fFJ3085,girl,1학년,관계 형성 곤란,0,학교생활적응 문제,37
학생88 ,-ObjRePbB9jV_fFJ3085,girl,1학년,등교 거부,0,학교생활적응 문제,37
학생88 ,-ObjRePbB9jV_fFJ3085,girl,1학년,괴롭힘 피해,0,심리외상 문제,37
학생88 ,-ObjRePbB9jV_fFJ3085,girl,1학년,따돌림 피해,0,심리외상 문제,37
학생89 ,-ObjReZkW22PxJr38PUo,girl,2학년,사회적 긴장,2,불안 및 우울 문제,26
학생89 ,-ObjReZkW22PxJr38PUo,girl,2학년,감정 기복,2,불안 및 우울 문제,26
학생89 ,-ObjReZkW22PxJr38PUo,girl,2학년,과도한 죄책감,0,불안 및 우울 문제,26
학생89 ,-ObjReZkW22PxJr38PUo,girl,2학년,과민성/짜증,2,불안 및 우울 문제,26
학생89 ,-ObjReZkW22PxJr38PUo,girl,2학년,낮은 자존감,3,학교생활적응 문제,26
학생89 ,-ObjReZkW22PxJr38PUo,girl,2학년,무기력/피로,1,불안 및 우울 문제,26
학생89 ,-ObjReZkW22PxJr38PUo,girl,2학년,예기 불안,1,불안 및 우울 문제,26
학생89 ,-ObjReZkW22PxJr38PUo,girl,2학년,과도한 불안,0,불안 및 우울 문제,26
학생89 ,-ObjReZkW22PxJr38PUo,girl,2학년,우울 증상,2,불안 및 우울 문제,26
학생89 ,-ObjReZkW22PxJr38PUo,girl,2학년,수면 문제,0,학교생활적응 문제,26
학생89 ,-ObjReZkW22PxJr38PUo,girl,2학년,자살 사고,1,자살 및 위기 문제,26
학생89 ,-ObjReZkW22PxJr38PUo,girl,2학년,자해 행동,1,자살 및 위기 문제,26
학생89 ,-ObjReZkW22PxJr38PUo,girl,2학년,자살 계획,0,자살 및 위기 문제,26
학생89 ,-ObjReZkW22PxJr38PUo,girl,2학년,심각한 자살사고,0,자살 및 위기 문제,26
학생89 ,-ObjReZkW22PxJr38PUo,girl,2학년,절망감,1,자살 및 위기 문제,26
학생89 ,-ObjReZkW22PxJr38PUo,girl,2학년,자살 시도,0,자살 및 위기 문제,26
학생89 ,-ObjReZkW22PxJr38PUo,girl,2학년,빈번한 거짓말,0,외현화 문제,26
학생89 ,-ObjReZkW22PxJr38PUo,girl,2학년,또래 갈등,0,외현화 문제,26
학생89 ,-ObjReZkW22PxJr38PUo,girl,2학년,반항 행동,0,외현화 문제,26
학생89 ,-ObjReZkW22PxJr38PUo,girl,2학년,괴롭힘 가해,0,외현화 문제,26
학생89 ,-ObjReZkW22PxJr38PUo,girl,2학년,외상 침습증상,0,심리외상 문제,26
학생89 ,-ObjReZkW22PxJr38PUo,girl,2학년,외상 관련 악몽,0,심리외상 문제,26
학생89 ,-ObjReZkW22PxJr38PUo,girl,2학년,외상 후 고립,1,심리외상 문제,26
학생89 ,-ObjReZkW22PxJr38PUo,girl,2학년,외상 후 과각성,0,심리외상 문제,26
학생89 ,-ObjReZkW22PxJr38PUo,girl,2학년,외상 회피행동,0,심리외상 문제,26
학생89 ,-ObjReZkW22PxJr38PUo,girl,2학년,흡연 문제,0,외현화 문제,26
학생89 ,-ObjReZkW22PxJr38PUo,girl,2학년,음주 문제,0,외현화 문제,26
학생89 ,-ObjReZkW22PxJr38PUo,girl,2학년,적응력 저하,1,학교생활적응 문제,26
학생89 ,-ObjReZkW22PxJr38PUo,girl,2학년,분리 불안,0,학교생활적응 문제,26
학생89 ,-ObjReZkW22PxJr38PUo,girl,2학년,학습 어려움,2,학교생활적응 문제,26
학생89 ,-ObjReZkW22PxJr38PUo,girl,2학년,재산 관련 비행,0,외현화 문제,26
학생89 ,-ObjReZkW22PxJr38PUo,girl,2학년,게임 과몰입,0,외현화 문제,26
학생89 ,-ObjReZkW22PxJr38PUo,girl,2학년,관계 형성 곤란,3,학교생활적응 문제,26
학생89 ,-ObjReZkW22PxJr38PUo,girl,2학년,등교 거부,2,학교생활적응 문제,26
학생89 ,-ObjReZkW22PxJr38PUo,girl,2학년,괴롭힘 피해,0,심리외상 문제,26
학생89 ,-ObjReZkW22PxJr38PUo,girl,2학년,따돌림 피해,1,심리외상 문제,26
학생90 ,-ObjRg37b3kZljBQsnsE,girl,2학년,사회적 긴장,2,불안 및 우울 문제,12
학생90 ,-ObjRg37b3kZljBQsnsE,girl,2학년,감정 기복,3,불안 및 우울 문제,12
학생90 ,-ObjRg37b3kZljBQsnsE,girl,2학년,과도한 죄책감,1,불안 및 우울 문제,12
학생90 ,-ObjRg37b3kZljBQsnsE,girl,2학년,과민성/짜증,0,불안 및 우울 문제,12
학생90 ,-ObjRg37b3kZljBQsnsE,girl,2학년,낮은 자존감,1,학교생활적응 문제,12
학생90 ,-ObjRg37b3kZljBQsnsE,girl,2학년,무기력/피로,0,불안 및 우울 문제,12
학생90 ,-ObjRg37b3kZljBQsnsE,girl,2학년,예기 불안,2,불안 및 우울 문제,12
학생90 ,-ObjRg37b3kZljBQsnsE,girl,2학년,과도한 불안,2,불안 및 우울 문제,12
학생90 ,-ObjRg37b3kZljBQsnsE,girl,2학년,우울 증상,1,불안 및 우울 문제,12
학생90 ,-ObjRg37b3kZljBQsnsE,girl,2학년,수면 문제,0,학교생활적응 문제,12
학생90 ,-ObjRg37b3kZljBQsnsE,girl,2학년,자살 사고,0,자살 및 위기 문제,12
학생90 ,-ObjRg37b3kZljBQsnsE,girl,2학년,자해 행동,0,자살 및 위기 문제,12
학생90 ,-ObjRg37b3kZljBQsnsE,girl,2학년,자살 계획,0,자살 및 위기 문제,12
학생90 ,-ObjRg37b3kZljBQsnsE,girl,2학년,심각한 자살사고,0,자살 및 위기 문제,12
학생90 ,-ObjRg37b3kZljBQsnsE,girl,2학년,절망감,0,자살 및 위기 문제,12
학생90 ,-ObjRg37b3kZljBQsnsE,girl,2학년,자살 시도,0,자살 및 위기 문제,12
학생90 ,-ObjRg37b3kZljBQsnsE,girl,2학년,빈번한 거짓말,0,외현화 문제,12
학생90 ,-ObjRg37b3kZljBQsnsE,girl,2학년,또래 갈등,0,외현화 문제,12
학생90 ,-ObjRg37b3kZljBQsnsE,girl,2학년,반항 행동,0,외현화 문제,12
학생90 ,-ObjRg37b3kZljBQsnsE,girl,2학년,괴롭힘 가해,0,외현화 문제,12
학생90 ,-ObjRg37b3kZljBQsnsE,girl,2학년,외상 침습증상,0,심리외상 문제,12
학생90 ,-ObjRg37b3kZljBQsnsE,girl,2학년,외상 관련 악몽,0,심리외상 문제,12
학생90 ,-ObjRg37b3kZljBQsnsE,girl,2학년,외상 후 고립,0,심리외상 문제,12
학생90 ,-ObjRg37b3kZljBQsnsE,girl,2학년,외상 후 과각성,0,심리외상 문제,12
학생90 ,-ObjRg37b3kZljBQsnsE,girl,2학년,외상 회피행동,0,심리외상 문제,12
학생90 ,-ObjRg37b3kZljBQsnsE,girl,2학년,흡연 문제,0,외현화 문제,12
학생90 ,-ObjRg37b3kZljBQsnsE,girl,2학년,음주 문제,0,외현화 문제,12
학생90 ,-ObjRg37b3kZljBQsnsE,girl,2학년,적응력 저하,0,학교생활적응 문제,12
학생90 ,-ObjRg37b3kZljBQsnsE,girl,2학년,분리 불안,0,학교생활적응 문제,12
학생90 ,-ObjRg37b3kZljBQsnsE,girl,2학년,학습 어려움,0,학교생활적응 문제,12
학생90 ,-ObjRg37b3kZljBQsnsE,girl,2학년,재산 관련 비행,0,외현화 문제,12
학생90 ,-ObjRg37b3kZljBQsnsE,girl,2학년,게임 과몰입,0,외현화 문제,12
학생90 ,-ObjRg37b3kZljBQsnsE,girl,2학년,관계 형성 곤란,0,학교생활적응 문제,12
학생90 ,-ObjRg37b3kZljBQsnsE,girl,2학년,등교 거부,0,학교생활적응 문제,12
학생90 ,-ObjRg37b3kZljBQsnsE,girl,2학년,괴롭힘 피해,0,심리외상 문제,12
학생90 ,-ObjRg37b3kZljBQsnsE,girl,2학년,따돌림 피해,0,심리외상 문제,12
학생91 ,-ObjRgGwcgbzEiLbbrob,girl,1학년,사회적 긴장,1,불안 및 우울 문제,10
학생91 ,-ObjRgGwcgbzEiLbbrob,girl,1학년,감정 기복,1,불안 및 우울 문제,10
학생91 ,-ObjRgGwcgbzEiLbbrob,girl,1학년,과도한 죄책감,1,불안 및 우울 문제,10
학생91 ,-ObjRgGwcgbzEiLbbrob,girl,1학년,과민성/짜증,0,불안 및 우울 문제,10
학생91 ,-ObjRgGwcgbzEiLbbrob,girl,1학년,낮은 자존감,1,학교생활적응 문제,10
학생91 ,-ObjRgGwcgbzEiLbbrob,girl,1학년,무기력/피로,1,불안 및 우울 문제,10
학생91 ,-ObjRgGwcgbzEiLbbrob,girl,1학년,예기 불안,1,불안 및 우울 문제,10
학생91 ,-ObjRgGwcgbzEiLbbrob,girl,1학년,과도한 불안,0,불안 및 우울 문제,10
학생91 ,-ObjRgGwcgbzEiLbbrob,girl,1학년,우울 증상,0,불안 및 우울 문제,10
학생91 ,-ObjRgGwcgbzEiLbbrob,girl,1학년,수면 문제,1,학교생활적응 문제,10
학생91 ,-ObjRgGwcgbzEiLbbrob,girl,1학년,자살 사고,0,자살 및 위기 문제,10
학생91 ,-ObjRgGwcgbzEiLbbrob,girl,1학년,자해 행동,0,자살 및 위기 문제,10
학생91 ,-ObjRgGwcgbzEiLbbrob,girl,1학년,자살 계획,0,자살 및 위기 문제,10
학생91 ,-ObjRgGwcgbzEiLbbrob,girl,1학년,심각한 자살사고,0,자살 및 위기 문제,10
학생91 ,-ObjRgGwcgbzEiLbbrob,girl,1학년,절망감,0,자살 및 위기 문제,10
학생91 ,-ObjRgGwcgbzEiLbbrob,girl,1학년,자살 시도,0,자살 및 위기 문제,10
학생91 ,-ObjRgGwcgbzEiLbbrob,girl,1학년,빈번한 거짓말,1,외현화 문제,10
학생91 ,-ObjRgGwcgbzEiLbbrob,girl,1학년,또래 갈등,0,외현화 문제,10
학생91 ,-ObjRgGwcgbzEiLbbrob,girl,1학년,반항 행동,0,외현화 문제,10
학생91 ,-ObjRgGwcgbzEiLbbrob,girl,1학년,괴롭힘 가해,0,외현화 문제,10
학생91 ,-ObjRgGwcgbzEiLbbrob,girl,1학년,외상 침습증상,0,심리외상 문제,10
학생91 ,-ObjRgGwcgbzEiLbbrob,girl,1학년,외상 관련 악몽,0,심리외상 문제,10
학생91 ,-ObjRgGwcgbzEiLbbrob,girl,1학년,외상 후 고립,0,심리외상 문제,10
학생91 ,-ObjRgGwcgbzEiLbbrob,girl,1학년,외상 후 과각성,0,심리외상 문제,10
학생91 ,-ObjRgGwcgbzEiLbbrob,girl,1학년,외상 회피행동,0,심리외상 문제,10
학생91 ,-ObjRgGwcgbzEiLbbrob,girl,1학년,흡연 문제,0,외현화 문제,10
학생91 ,-ObjRgGwcgbzEiLbbrob,girl,1학년,음주 문제,0,외현화 문제,10
학생91 ,-ObjRgGwcgbzEiLbbrob,girl,1학년,적응력 저하,0,학교생활적응 문제,10
학생91 ,-ObjRgGwcgbzEiLbbrob,girl,1학년,분리 불안,0,학교생활적응 문제,10
학생91 ,-ObjRgGwcgbzEiLbbrob,girl,1학년,학습 어려움,1,학교생활적응 문제,10
학생91 ,-ObjRgGwcgbzEiLbbrob,girl,1학년,재산 관련 비행,0,외현화 문제,10
학생91 ,-ObjRgGwcgbzEiLbbrob,girl,1학년,게임 과몰입,1,외현화 문제,10
학생91 ,-ObjRgGwcgbzEiLbbrob,girl,1학년,관계 형성 곤란,0,학교생활적응 문제,10
학생91 ,-ObjRgGwcgbzEiLbbrob,girl,1학년,등교 거부,0,학교생활적응 문제,10
학생91 ,-ObjRgGwcgbzEiLbbrob,girl,1학년,괴롭힘 피해,0,심리외상 문제,10
학생91 ,-ObjRgGwcgbzEiLbbrob,girl,1학년,따돌림 피해,0,심리외상 문제,10
학생92 ,-ObjRgiA2Okv80xGYAig,boy,1학년,사회적 긴장,1,불안 및 우울 문제,16
학생92 ,-ObjRgiA2Okv80xGYAig,boy,1학년,감정 기복,2,불안 및 우울 문제,16
학생92 ,-ObjRgiA2Okv80xGYAig,boy,1학년,과도한 죄책감,1,불안 및 우울 문제,16
학생92 ,-ObjRgiA2Okv80xGYAig,boy,1학년,과민성/짜증,1,불안 및 우울 문제,16
학생92 ,-ObjRgiA2Okv80xGYAig,boy,1학년,낮은 자존감,2,학교생활적응 문제,16
학생92 ,-ObjRgiA2Okv80xGYAig,boy,1학년,무기력/피로,1,불안 및 우울 문제,16
학생92 ,-ObjRgiA2Okv80xGYAig,boy,1학년,예기 불안,1,불안 및 우울 문제,16
학생92 ,-ObjRgiA2Okv80xGYAig,boy,1학년,과도한 불안,0,불안 및 우울 문제,16
학생92 ,-ObjRgiA2Okv80xGYAig,boy,1학년,우울 증상,2,불안 및 우울 문제,16
학생92 ,-ObjRgiA2Okv80xGYAig,boy,1학년,수면 문제,0,학교생활적응 문제,16
학생92 ,-ObjRgiA2Okv80xGYAig,boy,1학년,자살 사고,0,자살 및 위기 문제,16
학생92 ,-ObjRgiA2Okv80xGYAig,boy,1학년,자해 행동,0,자살 및 위기 문제,16
학생92 ,-ObjRgiA2Okv80xGYAig,boy,1학년,자살 계획,0,자살 및 위기 문제,16
학생92 ,-ObjRgiA2Okv80xGYAig,boy,1학년,심각한 자살사고,0,자살 및 위기 문제,16
학생92 ,-ObjRgiA2Okv80xGYAig,boy,1학년,절망감,0,자살 및 위기 문제,16
학생92 ,-ObjRgiA2Okv80xGYAig,boy,1학년,자살 시도,0,자살 및 위기 문제,16
학생92 ,-ObjRgiA2Okv80xGYAig,boy,1학년,빈번한 거짓말,3,외현화 문제,16
학생92 ,-ObjRgiA2Okv80xGYAig,boy,1학년,또래 갈등,0,외현화 문제,16
학생92 ,-ObjRgiA2Okv80xGYAig,boy,1학년,반항 행동,1,외현화 문제,16
학생92 ,-ObjRgiA2Okv80xGYAig,boy,1학년,괴롭힘 가해,0,외현화 문제,16
학생92 ,-ObjRgiA2Okv80xGYAig,boy,1학년,외상 침습증상,0,심리외상 문제,16
학생92 ,-ObjRgiA2Okv80xGYAig,boy,1학년,외상 관련 악몽,0,심리외상 문제,16
학생92 ,-ObjRgiA2Okv80xGYAig,boy,1학년,외상 후 고립,0,심리외상 문제,16
학생92 ,-ObjRgiA2Okv80xGYAig,boy,1학년,외상 후 과각성,0,심리외상 문제,16
학생92 ,-ObjRgiA2Okv80xGYAig,boy,1학년,외상 회피행동,0,심리외상 문제,16
학생92 ,-ObjRgiA2Okv80xGYAig,boy,1학년,흡연 문제,0,외현화 문제,16
학생92 ,-ObjRgiA2Okv80xGYAig,boy,1학년,음주 문제,0,외현화 문제,16
학생92 ,-ObjRgiA2Okv80xGYAig,boy,1학년,적응력 저하,1,학교생활적응 문제,16
학생92 ,-ObjRgiA2Okv80xGYAig,boy,1학년,분리 불안,0,학교생활적응 문제,16
학생92 ,-ObjRgiA2Okv80xGYAig,boy,1학년,학습 어려움,0,학교생활적응 문제,16
학생92 ,-ObjRgiA2Okv80xGYAig,boy,1학년,재산 관련 비행,0,외현화 문제,16
학생92 ,-ObjRgiA2Okv80xGYAig,boy,1학년,게임 과몰입,0,외현화 문제,16
학생92 ,-ObjRgiA2Okv80xGYAig,boy,1학년,관계 형성 곤란,0,학교생활적응 문제,16
학생92 ,-ObjRgiA2Okv80xGYAig,boy,1학년,등교 거부,0,학교생활적응 문제,16
학생92 ,-ObjRgiA2Okv80xGYAig,boy,1학년,괴롭힘 피해,0,심리외상 문제,16
학생92 ,-ObjRgiA2Okv80xGYAig,boy,1학년,따돌림 피해,0,심리외상 문제,16
학생93 ,-ObjRgsf9-NfdNWC6Ez4,boy,1학년,사회적 긴장,1,불안 및 우울 문제,16
학생93 ,-ObjRgsf9-NfdNWC6Ez4,boy,1학년,감정 기복,2,불안 및 우울 문제,16
학생93 ,-ObjRgsf9-NfdNWC6Ez4,boy,1학년,과도한 죄책감,1,불안 및 우울 문제,16
학생93 ,-ObjRgsf9-NfdNWC6Ez4,boy,1학년,과민성/짜증,1,불안 및 우울 문제,16
학생93 ,-ObjRgsf9-NfdNWC6Ez4,boy,1학년,낮은 자존감,2,학교생활적응 문제,16
학생93 ,-ObjRgsf9-NfdNWC6Ez4,boy,1학년,무기력/피로,1,불안 및 우울 문제,16
학생93 ,-ObjRgsf9-NfdNWC6Ez4,boy,1학년,예기 불안,1,불안 및 우울 문제,16
학생93 ,-ObjRgsf9-NfdNWC6Ez4,boy,1학년,과도한 불안,0,불안 및 우울 문제,16
학생93 ,-ObjRgsf9-NfdNWC6Ez4,boy,1학년,우울 증상,2,불안 및 우울 문제,16
학생93 ,-ObjRgsf9-NfdNWC6Ez4,boy,1학년,수면 문제,0,학교생활적응 문제,16
학생93 ,-ObjRgsf9-NfdNWC6Ez4,boy,1학년,자살 사고,0,자살 및 위기 문제,16
학생93 ,-ObjRgsf9-NfdNWC6Ez4,boy,1학년,자해 행동,0,자살 및 위기 문제,16
학생93 ,-ObjRgsf9-NfdNWC6Ez4,boy,1학년,자살 계획,0,자살 및 위기 문제,16
학생93 ,-ObjRgsf9-NfdNWC6Ez4,boy,1학년,심각한 자살사고,0,자살 및 위기 문제,16
학생93 ,-ObjRgsf9-NfdNWC6Ez4,boy,1학년,절망감,0,자살 및 위기 문제,16
학생93 ,-ObjRgsf9-NfdNWC6Ez4,boy,1학년,자살 시도,0,자살 및 위기 문제,16
학생93 ,-ObjRgsf9-NfdNWC6Ez4,boy,1학년,빈번한 거짓말,3,외현화 문제,16
학생93 ,-ObjRgsf9-NfdNWC6Ez4,boy,1학년,또래 갈등,0,외현화 문제,16
학생93 ,-ObjRgsf9-NfdNWC6Ez4,boy,1학년,반항 행동,1,외현화 문제,16
학생93 ,-ObjRgsf9-NfdNWC6Ez4,boy,1학년,괴롭힘 가해,0,외현화 문제,16
학생93 ,-ObjRgsf9-NfdNWC6Ez4,boy,1학년,외상 침습증상,0,심리외상 문제,16
학생93 ,-ObjRgsf9-NfdNWC6Ez4,boy,1학년,외상 관련 악몽,0,심리외상 문제,16
학생93 ,-ObjRgsf9-NfdNWC6Ez4,boy,1학년,외상 후 고립,0,심리외상 문제,16
학생93 ,-ObjRgsf9-NfdNWC6Ez4,boy,1학년,외상 후 과각성,0,심리외상 문제,16
학생93 ,-ObjRgsf9-NfdNWC6Ez4,boy,1학년,외상 회피행동,0,심리외상 문제,16
학생93 ,-ObjRgsf9-NfdNWC6Ez4,boy,1학년,흡연 문제,0,외현화 문제,16
학생93 ,-ObjRgsf9-NfdNWC6Ez4,boy,1학년,음주 문제,0,외현화 문제,16
학생93 ,-ObjRgsf9-NfdNWC6Ez4,boy,1학년,적응력 저하,1,학교생활적응 문제,16
학생93 ,-ObjRgsf9-NfdNWC6Ez4,boy,1학년,분리 불안,0,학교생활적응 문제,16
학생93 ,-ObjRgsf9-NfdNWC6Ez4,boy,1학년,학습 어려움,0,학교생활적응 문제,16
학생93 ,-ObjRgsf9-NfdNWC6Ez4,boy,1학년,재산 관련 비행,0,외현화 문제,16
학생93 ,-ObjRgsf9-NfdNWC6Ez4,boy,1학년,게임 과몰입,0,외현화 문제,16
학생93 ,-ObjRgsf9-NfdNWC6Ez4,boy,1학년,관계 형성 곤란,0,학교생활적응 문제,16
학생93 ,-ObjRgsf9-NfdNWC6Ez4,boy,1학년,등교 거부,0,학교생활적응 문제,16
학생93 ,-ObjRgsf9-NfdNWC6Ez4,boy,1학년,괴롭힘 피해,0,심리외상 문제,16
학생93 ,-ObjRgsf9-NfdNWC6Ez4,boy,1학년,따돌림 피해,0,심리외상 문제,16
학생94 ,-ObjRgymlURD56sBhADj,boy,2학년,사회적 긴장,0,불안 및 우울 문제,7
학생94 ,-ObjRgymlURD56sBhADj,boy,2학년,감정 기복,1,불안 및 우울 문제,7
학생94 ,-ObjRgymlURD56sBhADj,boy,2학년,과도한 죄책감,1,불안 및 우울 문제,7
학생94 ,-ObjRgymlURD56sBhADj,boy,2학년,과민성/짜증,1,불안 및 우울 문제,7
학생94 ,-ObjRgymlURD56sBhADj,boy,2학년,낮은 자존감,1,학교생활적응 문제,7
학생94 ,-ObjRgymlURD56sBhADj,boy,2학년,무기력/피로,1,불안 및 우울 문제,7
학생94 ,-ObjRgymlURD56sBhADj,boy,2학년,예기 불안,1,불안 및 우울 문제,7
학생94 ,-ObjRgymlURD56sBhADj,boy,2학년,과도한 불안,1,불안 및 우울 문제,7
학생94 ,-ObjRgymlURD56sBhADj,boy,2학년,우울 증상,0,불안 및 우울 문제,7
학생94 ,-ObjRgymlURD56sBhADj,boy,2학년,수면 문제,0,학교생활적응 문제,7
학생94 ,-ObjRgymlURD56sBhADj,boy,2학년,자살 사고,0,자살 및 위기 문제,7
학생94 ,-ObjRgymlURD56sBhADj,boy,2학년,자해 행동,0,자살 및 위기 문제,7
학생94 ,-ObjRgymlURD56sBhADj,boy,2학년,자살 계획,0,자살 및 위기 문제,7
학생94 ,-ObjRgymlURD56sBhADj,boy,2학년,심각한 자살사고,0,자살 및 위기 문제,7
학생94 ,-ObjRgymlURD56sBhADj,boy,2학년,절망감,0,자살 및 위기 문제,7
학생94 ,-ObjRgymlURD56sBhADj,boy,2학년,자살 시도,0,자살 및 위기 문제,7
학생94 ,-ObjRgymlURD56sBhADj,boy,2학년,빈번한 거짓말,0,외현화 문제,7
학생94 ,-ObjRgymlURD56sBhADj,boy,2학년,또래 갈등,0,외현화 문제,7
학생94 ,-ObjRgymlURD56sBhADj,boy,2학년,반항 행동,0,외현화 문제,7
학생94 ,-ObjRgymlURD56sBhADj,boy,2학년,괴롭힘 가해,0,외현화 문제,7
학생94 ,-ObjRgymlURD56sBhADj,boy,2학년,외상 침습증상,0,심리외상 문제,7
학생94 ,-ObjRgymlURD56sBhADj,boy,2학년,외상 관련 악몽,0,심리외상 문제,7
학생94 ,-ObjRgymlURD56sBhADj,boy,2학년,외상 후 고립,0,심리외상 문제,7
학생94 ,-ObjRgymlURD56sBhADj,boy,2학년,외상 후 과각성,0,심리외상 문제,7
학생94 ,-ObjRgymlURD56sBhADj,boy,2학년,외상 회피행동,0,심리외상 문제,7
학생94 ,-ObjRgymlURD56sBhADj,boy,2학년,흡연 문제,0,외현화 문제,7
학생94 ,-ObjRgymlURD56sBhADj,boy,2학년,음주 문제,0,외현화 문제,7
학생94 ,-ObjRgymlURD56sBhADj,boy,2학년,적응력 저하,0,학교생활적응 문제,7
학생94 ,-ObjRgymlURD56sBhADj,boy,2학년,분리 불안,0,학교생활적응 문제,7
학생94 ,-ObjRgymlURD56sBhADj,boy,2학년,학습 어려움,0,학교생활적응 문제,7
학생94 ,-ObjRgymlURD56sBhADj,boy,2학년,재산 관련 비행,0,외현화 문제,7
학생94 ,-ObjRgymlURD56sBhADj,boy,2학년,게임 과몰입,0,외현화 문제,7
학생94 ,-ObjRgymlURD56sBhADj,boy,2학년,관계 형성 곤란,0,학교생활적응 문제,7
학생94 ,-ObjRgymlURD56sBhADj,boy,2학년,등교 거부,0,학교생활적응 문제,7
학생94 ,-ObjRgymlURD56sBhADj,boy,2학년,괴롭힘 피해,0,심리외상 문제,7
학생94 ,-ObjRgymlURD56sBhADj,boy,2학년,따돌림 피해,0,심리외상 문제,7
학생95 ,-ObjRhLv77I9KxpHWJPP,girl,1학년,사회적 긴장,0,불안 및 우울 문제,3
학생95 ,-ObjRhLv77I9KxpHWJPP,girl,1학년,감정 기복,0,불안 및 우울 문제,3
학생95 ,-ObjRhLv77I9KxpHWJPP,girl,1학년,과도한 죄책감,0,불안 및 우울 문제,3
학생95 ,-ObjRhLv77I9KxpHWJPP,girl,1학년,과민성/짜증,1,불안 및 우울 문제,3
학생95 ,-ObjRhLv77I9KxpHWJPP,girl,1학년,낮은 자존감,1,학교생활적응 문제,3
학생95 ,-ObjRhLv77I9KxpHWJPP,girl,1학년,무기력/피로,0,불안 및 우울 문제,3
학생95 ,-ObjRhLv77I9KxpHWJPP,girl,1학년,예기 불안,1,불안 및 우울 문제,3
학생95 ,-ObjRhLv77I9KxpHWJPP,girl,1학년,과도한 불안,0,불안 및 우울 문제,3
학생95 ,-ObjRhLv77I9KxpHWJPP,girl,1학년,우울 증상,0,불안 및 우울 문제,3
학생95 ,-ObjRhLv77I9KxpHWJPP,girl,1학년,수면 문제,0,학교생활적응 문제,3
학생95 ,-ObjRhLv77I9KxpHWJPP,girl,1학년,자살 사고,0,자살 및 위기 문제,3
학생95 ,-ObjRhLv77I9KxpHWJPP,girl,1학년,자해 행동,0,자살 및 위기 문제,3
학생95 ,-ObjRhLv77I9KxpHWJPP,girl,1학년,자살 계획,0,자살 및 위기 문제,3
학생95 ,-ObjRhLv77I9KxpHWJPP,girl,1학년,심각한 자살사고,0,자살 및 위기 문제,3
학생95 ,-ObjRhLv77I9KxpHWJPP,girl,1학년,절망감,0,자살 및 위기 문제,3
학생95 ,-ObjRhLv77I9KxpHWJPP,girl,1학년,자살 시도,0,자살 및 위기 문제,3
학생95 ,-ObjRhLv77I9KxpHWJPP,girl,1학년,빈번한 거짓말,0,외현화 문제,3
학생95 ,-ObjRhLv77I9KxpHWJPP,girl,1학년,또래 갈등,0,외현화 문제,3
학생95 ,-ObjRhLv77I9KxpHWJPP,girl,1학년,반항 행동,0,외현화 문제,3
학생95 ,-ObjRhLv77I9KxpHWJPP,girl,1학년,괴롭힘 가해,0,외현화 문제,3
학생95 ,-ObjRhLv77I9KxpHWJPP,girl,1학년,외상 침습증상,0,심리외상 문제,3
학생95 ,-ObjRhLv77I9KxpHWJPP,girl,1학년,외상 관련 악몽,0,심리외상 문제,3
학생95 ,-ObjRhLv77I9KxpHWJPP,girl,1학년,외상 후 고립,0,심리외상 문제,3
학생95 ,-ObjRhLv77I9KxpHWJPP,girl,1학년,외상 후 과각성,0,심리외상 문제,3
학생95 ,-ObjRhLv77I9KxpHWJPP,girl,1학년,외상 회피행동,0,심리외상 문제,3
학생95 ,-ObjRhLv77I9KxpHWJPP,girl,1학년,흡연 문제,0,외현화 문제,3
학생95 ,-ObjRhLv77I9KxpHWJPP,girl,1학년,음주 문제,0,외현화 문제,3
학생95 ,-ObjRhLv77I9KxpHWJPP,girl,1학년,적응력 저하,0,학교생활적응 문제,3
학생95 ,-ObjRhLv77I9KxpHWJPP,girl,1학년,분리 불안,0,학교생활적응 문제,3
학생95 ,-ObjRhLv77I9KxpHWJPP,girl,1학년,학습 어려움,0,학교생활적응 문제,3
학생95 ,-ObjRhLv77I9KxpHWJPP,girl,1학년,재산 관련 비행,0,외현화 문제,3
학생95 ,-ObjRhLv77I9KxpHWJPP,girl,1학년,게임 과몰입,0,외현화 문제,3
학생95 ,-ObjRhLv77I9KxpHWJPP,girl,1학년,관계 형성 곤란,0,학교생활적응 문제,3
학생95 ,-ObjRhLv77I9KxpHWJPP,girl,1학년,등교 거부,0,학교생활적응 문제,3
학생95 ,-ObjRhLv77I9KxpHWJPP,girl,1학년,괴롭힘 피해,0,심리외상 문제,3
학생95 ,-ObjRhLv77I9KxpHWJPP,girl,1학년,따돌림 피해,0,심리외상 문제,3
학생96 ,-ObjRhQaIPhlQj4hQv4M,girl,2학년,사회적 긴장,1,불안 및 우울 문제,7
학생96 ,-ObjRhQaIPhlQj4hQv4M,girl,2학년,감정 기복,0,불안 및 우울 문제,7
학생96 ,-ObjRhQaIPhlQj4hQv4M,girl,2학년,과도한 죄책감,0,불안 및 우울 문제,7
학생96 ,-ObjRhQaIPhlQj4hQv4M,girl,2학년,과민성/짜증,0,불안 및 우울 문제,7
학생96 ,-ObjRhQaIPhlQj4hQv4M,girl,2학년,낮은 자존감,1,학교생활적응 문제,7
학생96 ,-ObjRhQaIPhlQj4hQv4M,girl,2학년,무기력/피로,0,불안 및 우울 문제,7
학생96 ,-ObjRhQaIPhlQj4hQv4M,girl,2학년,예기 불안,0,불안 및 우울 문제,7
학생96 ,-ObjRhQaIPhlQj4hQv4M,girl,2학년,과도한 불안,0,불안 및 우울 문제,7
학생96 ,-ObjRhQaIPhlQj4hQv4M,girl,2학년,우울 증상,0,불안 및 우울 문제,7
학생96 ,-ObjRhQaIPhlQj4hQv4M,girl,2학년,수면 문제,0,학교생활적응 문제,7
학생96 ,-ObjRhQaIPhlQj4hQv4M,girl,2학년,자살 사고,0,자살 및 위기 문제,7
학생96 ,-ObjRhQaIPhlQj4hQv4M,girl,2학년,자해 행동,0,자살 및 위기 문제,7
학생96 ,-ObjRhQaIPhlQj4hQv4M,girl,2학년,자살 계획,0,자살 및 위기 문제,7
학생96 ,-ObjRhQaIPhlQj4hQv4M,girl,2학년,심각한 자살사고,0,자살 및 위기 문제,7
학생96 ,-ObjRhQaIPhlQj4hQv4M,girl,2학년,절망감,0,자살 및 위기 문제,7
학생96 ,-ObjRhQaIPhlQj4hQv4M,girl,2학년,자살 시도,0,자살 및 위기 문제,7
학생96 ,-ObjRhQaIPhlQj4hQv4M,girl,2학년,빈번한 거짓말,1,외현화 문제,7
학생96 ,-ObjRhQaIPhlQj4hQv4M,girl,2학년,또래 갈등,0,외현화 문제,7
학생96 ,-ObjRhQaIPhlQj4hQv4M,girl,2학년,반항 행동,0,외현화 문제,7
학생96 ,-ObjRhQaIPhlQj4hQv4M,girl,2학년,괴롭힘 가해,0,외현화 문제,7
학생96 ,-ObjRhQaIPhlQj4hQv4M,girl,2학년,외상 침습증상,1,심리외상 문제,7
학생96 ,-ObjRhQaIPhlQj4hQv4M,girl,2학년,외상 관련 악몽,0,심리외상 문제,7
학생96 ,-ObjRhQaIPhlQj4hQv4M,girl,2학년,외상 후 고립,0,심리외상 문제,7
학생96 ,-ObjRhQaIPhlQj4hQv4M,girl,2학년,외상 후 과각성,0,심리외상 문제,7
학생96 ,-ObjRhQaIPhlQj4hQv4M,girl,2학년,외상 회피행동,1,심리외상 문제,7
학생96 ,-ObjRhQaIPhlQj4hQv4M,girl,2학년,흡연 문제,0,외현화 문제,7
학생96 ,-ObjRhQaIPhlQj4hQv4M,girl,2학년,음주 문제,0,외현화 문제,7
학생96 ,-ObjRhQaIPhlQj4hQv4M,girl,2학년,적응력 저하,0,학교생활적응 문제,7
학생96 ,-ObjRhQaIPhlQj4hQv4M,girl,2학년,분리 불안,0,학교생활적응 문제,7
학생96 ,-ObjRhQaIPhlQj4hQv4M,girl,2학년,학습 어려움,0,학교생활적응 문제,7
학생96 ,-ObjRhQaIPhlQj4hQv4M,girl,2학년,재산 관련 비행,0,외현화 문제,7
학생96 ,-ObjRhQaIPhlQj4hQv4M,girl,2학년,게임 과몰입,2,외현화 문제,7
학생96 ,-ObjRhQaIPhlQj4hQv4M,girl,2학년,관계 형성 곤란,0,학교생활적응 문제,7
학생96 ,-ObjRhQaIPhlQj4hQv4M,girl,2학년,등교 거부,0,학교생활적응 문제,7
학생96 ,-ObjRhQaIPhlQj4hQv4M,girl,2학년,괴롭힘 피해,0,심리외상 문제,7
학생96 ,-ObjRhQaIPhlQj4hQv4M,girl,2학년,따돌림 피해,0,심리외상 문제,7
학생97 ,-ObjRhRIqpT4jh5QNy-u,girl,2학년,사회적 긴장,0,불안 및 우울 문제,4
학생97 ,-ObjRhRIqpT4jh5QNy-u,girl,2학년,감정 기복,1,불안 및 우울 문제,4
학생97 ,-ObjRhRIqpT4jh5QNy-u,girl,2학년,과도한 죄책감,0,불안 및 우울 문제,4
학생97 ,-ObjRhRIqpT4jh5QNy-u,girl,2학년,과민성/짜증,0,불안 및 우울 문제,4
학생97 ,-ObjRhRIqpT4jh5QNy-u,girl,2학년,낮은 자존감,0,학교생활적응 문제,4
학생97 ,-ObjRhRIqpT4jh5QNy-u,girl,2학년,무기력/피로,1,불안 및 우울 문제,4
학생97 ,-ObjRhRIqpT4jh5QNy-u,girl,2학년,예기 불안,1,불안 및 우울 문제,4
학생97 ,-ObjRhRIqpT4jh5QNy-u,girl,2학년,과도한 불안,0,불안 및 우울 문제,4
학생97 ,-ObjRhRIqpT4jh5QNy-u,girl,2학년,우울 증상,0,불안 및 우울 문제,4
학생97 ,-ObjRhRIqpT4jh5QNy-u,girl,2학년,수면 문제,0,학교생활적응 문제,4
학생97 ,-ObjRhRIqpT4jh5QNy-u,girl,2학년,자살 사고,0,자살 및 위기 문제,4
학생97 ,-ObjRhRIqpT4jh5QNy-u,girl,2학년,자해 행동,0,자살 및 위기 문제,4
학생97 ,-ObjRhRIqpT4jh5QNy-u,girl,2학년,자살 계획,0,자살 및 위기 문제,4
학생97 ,-ObjRhRIqpT4jh5QNy-u,girl,2학년,심각한 자살사고,0,자살 및 위기 문제,4
학생97 ,-ObjRhRIqpT4jh5QNy-u,girl,2학년,절망감,0,자살 및 위기 문제,4
학생97 ,-ObjRhRIqpT4jh5QNy-u,girl,2학년,자살 시도,0,자살 및 위기 문제,4
학생97 ,-ObjRhRIqpT4jh5QNy-u,girl,2학년,빈번한 거짓말,1,외현화 문제,4
학생97 ,-ObjRhRIqpT4jh5QNy-u,girl,2학년,또래 갈등,0,외현화 문제,4
학생97 ,-ObjRhRIqpT4jh5QNy-u,girl,2학년,반항 행동,0,외현화 문제,4
학생97 ,-ObjRhRIqpT4jh5QNy-u,girl,2학년,괴롭힘 가해,0,외현화 문제,4
학생97 ,-ObjRhRIqpT4jh5QNy-u,girl,2학년,외상 침습증상,0,심리외상 문제,4
학생97 ,-ObjRhRIqpT4jh5QNy-u,girl,2학년,외상 관련 악몽,0,심리외상 문제,4
학생97 ,-ObjRhRIqpT4jh5QNy-u,girl,2학년,외상 후 고립,0,심리외상 문제,4
학생97 ,-ObjRhRIqpT4jh5QNy-u,girl,2학년,외상 후 과각성,0,심리외상 문제,4
학생97 ,-ObjRhRIqpT4jh5QNy-u,girl,2학년,외상 회피행동,0,심리외상 문제,4
학생97 ,-ObjRhRIqpT4jh5QNy-u,girl,2학년,흡연 문제,0,외현화 문제,4
학생97 ,-ObjRhRIqpT4jh5QNy-u,girl,2학년,음주 문제,0,외현화 문제,4
학생97 ,-ObjRhRIqpT4jh5QNy-u,girl,2학년,적응력 저하,0,학교생활적응 문제,4
학생97 ,-ObjRhRIqpT4jh5QNy-u,girl,2학년,분리 불안,0,학교생활적응 문제,4
학생97 ,-ObjRhRIqpT4jh5QNy-u,girl,2학년,학습 어려움,0,학교생활적응 문제,4
학생97 ,-ObjRhRIqpT4jh5QNy-u,girl,2학년,재산 관련 비행,0,외현화 문제,4
학생97 ,-ObjRhRIqpT4jh5QNy-u,girl,2학년,게임 과몰입,0,외현화 문제,4
학생97 ,-ObjRhRIqpT4jh5QNy-u,girl,2학년,관계 형성 곤란,0,학교생활적응 문제,4
학생97 ,-ObjRhRIqpT4jh5QNy-u,girl,2학년,등교 거부,0,학교생활적응 문제,4
학생97 ,-ObjRhRIqpT4jh5QNy-u,girl,2학년,괴롭힘 피해,0,심리외상 문제,4
학생97 ,-ObjRhRIqpT4jh5QNy-u,girl,2학년,따돌림 피해,0,심리외상 문제,4
학생98 ,-ObjRhTf6oUWY-Ch1Vsh,girl,2학년,사회적 긴장,2,불안 및 우울 문제,17
학생98 ,-ObjRhTf6oUWY-Ch1Vsh,girl,2학년,감정 기복,3,불안 및 우울 문제,17
학생98 ,-ObjRhTf6oUWY-Ch1Vsh,girl,2학년,과도한 죄책감,0,불안 및 우울 문제,17
학생98 ,-ObjRhTf6oUWY-Ch1Vsh,girl,2학년,과민성/짜증,1,불안 및 우울 문제,17
학생98 ,-ObjRhTf6oUWY-Ch1Vsh,girl,2학년,낮은 자존감,2,학교생활적응 문제,17
학생98 ,-ObjRhTf6oUWY-Ch1Vsh,girl,2학년,무기력/피로,3,불안 및 우울 문제,17
학생98 ,-ObjRhTf6oUWY-Ch1Vsh,girl,2학년,예기 불안,1,불안 및 우울 문제,17
학생98 ,-ObjRhTf6oUWY-Ch1Vsh,girl,2학년,과도한 불안,0,불안 및 우울 문제,17
학생98 ,-ObjRhTf6oUWY-Ch1Vsh,girl,2학년,우울 증상,1,불안 및 우울 문제,17
학생98 ,-ObjRhTf6oUWY-Ch1Vsh,girl,2학년,수면 문제,3,학교생활적응 문제,17
학생98 ,-ObjRhTf6oUWY-Ch1Vsh,girl,2학년,자살 사고,0,자살 및 위기 문제,17
학생98 ,-ObjRhTf6oUWY-Ch1Vsh,girl,2학년,자해 행동,0,자살 및 위기 문제,17
학생98 ,-ObjRhTf6oUWY-Ch1Vsh,girl,2학년,자살 계획,0,자살 및 위기 문제,17
학생98 ,-ObjRhTf6oUWY-Ch1Vsh,girl,2학년,심각한 자살사고,0,자살 및 위기 문제,17
학생98 ,-ObjRhTf6oUWY-Ch1Vsh,girl,2학년,절망감,0,자살 및 위기 문제,17
학생98 ,-ObjRhTf6oUWY-Ch1Vsh,girl,2학년,자살 시도,0,자살 및 위기 문제,17
학생98 ,-ObjRhTf6oUWY-Ch1Vsh,girl,2학년,빈번한 거짓말,0,외현화 문제,17
학생98 ,-ObjRhTf6oUWY-Ch1Vsh,girl,2학년,또래 갈등,0,외현화 문제,17
학생98 ,-ObjRhTf6oUWY-Ch1Vsh,girl,2학년,반항 행동,0,외현화 문제,17
학생98 ,-ObjRhTf6oUWY-Ch1Vsh,girl,2학년,괴롭힘 가해,0,외현화 문제,17
학생98 ,-ObjRhTf6oUWY-Ch1Vsh,girl,2학년,외상 침습증상,0,심리외상 문제,17
학생98 ,-ObjRhTf6oUWY-Ch1Vsh,girl,2학년,외상 관련 악몽,0,심리외상 문제,17
학생98 ,-ObjRhTf6oUWY-Ch1Vsh,girl,2학년,외상 후 고립,0,심리외상 문제,17
학생98 ,-ObjRhTf6oUWY-Ch1Vsh,girl,2학년,외상 후 과각성,0,심리외상 문제,17
학생98 ,-ObjRhTf6oUWY-Ch1Vsh,girl,2학년,외상 회피행동,0,심리외상 문제,17
학생98 ,-ObjRhTf6oUWY-Ch1Vsh,girl,2학년,흡연 문제,0,외현화 문제,17
학생98 ,-ObjRhTf6oUWY-Ch1Vsh,girl,2학년,음주 문제,0,외현화 문제,17
학생98 ,-ObjRhTf6oUWY-Ch1Vsh,girl,2학년,적응력 저하,0,학교생활적응 문제,17
학생98 ,-ObjRhTf6oUWY-Ch1Vsh,girl,2학년,분리 불안,0,학교생활적응 문제,17
학생98 ,-ObjRhTf6oUWY-Ch1Vsh,girl,2학년,학습 어려움,0,학교생활적응 문제,17
학생98 ,-ObjRhTf6oUWY-Ch1Vsh,girl,2학년,재산 관련 비행,0,외현화 문제,17
학생98 ,-ObjRhTf6oUWY-Ch1Vsh,girl,2학년,게임 과몰입,0,외현화 문제,17
학생98 ,-ObjRhTf6oUWY-Ch1Vsh,girl,2학년,관계 형성 곤란,1,학교생활적응 문제,17
학생98 ,-ObjRhTf6oUWY-Ch1Vsh,girl,2학년,등교 거부,0,학교생활적응 문제,17
학생98 ,-ObjRhTf6oUWY-Ch1Vsh,girl,2학년,괴롭힘 피해,0,심리외상 문제,17
학생98 ,-ObjRhTf6oUWY-Ch1Vsh,girl,2학년,따돌림 피해,0,심리외상 문제,17
학생99 ,-ObjRijpqJPHrccY4N_7,boy,1학년,사회적 긴장,1,불안 및 우울 문제,5
학생99 ,-ObjRijpqJPHrccY4N_7,boy,1학년,감정 기복,0,불안 및 우울 문제,5
학생99 ,-ObjRijpqJPHrccY4N_7,boy,1학년,과도한 죄책감,1,불안 및 우울 문제,5
학생99 ,-ObjRijpqJPHrccY4N_7,boy,1학년,과민성/짜증,0,불안 및 우울 문제,5
학생99 ,-ObjRijpqJPHrccY4N_7,boy,1학년,낮은 자존감,0,학교생활적응 문제,5
학생99 ,-ObjRijpqJPHrccY4N_7,boy,1학년,무기력/피로,0,불안 및 우울 문제,5
학생99 ,-ObjRijpqJPHrccY4N_7,boy,1학년,예기 불안,1,불안 및 우울 문제,5
학생99 ,-ObjRijpqJPHrccY4N_7,boy,1학년,과도한 불안,0,불안 및 우울 문제,5
학생99 ,-ObjRijpqJPHrccY4N_7,boy,1학년,우울 증상,0,불안 및 우울 문제,5
학생99 ,-ObjRijpqJPHrccY4N_7,boy,1학년,수면 문제,1,학교생활적응 문제,5
학생99 ,-ObjRijpqJPHrccY4N_7,boy,1학년,자살 사고,0,자살 및 위기 문제,5
학생99 ,-ObjRijpqJPHrccY4N_7,boy,1학년,자해 행동,0,자살 및 위기 문제,5
학생99 ,-ObjRijpqJPHrccY4N_7,boy,1학년,자살 계획,0,자살 및 위기 문제,5
학생99 ,-ObjRijpqJPHrccY4N_7,boy,1학년,심각한 자살사고,0,자살 및 위기 문제,5
학생99 ,-ObjRijpqJPHrccY4N_7,boy,1학년,절망감,0,자살 및 위기 문제,5
학생99 ,-ObjRijpqJPHrccY4N_7,boy,1학년,자살 시도,0,자살 및 위기 문제,5
학생99 ,-ObjRijpqJPHrccY4N_7,boy,1학년,빈번한 거짓말,1,외현화 문제,5
학생99 ,-ObjRijpqJPHrccY4N_7,boy,1학년,또래 갈등,0,외현화 문제,5
학생99 ,-ObjRijpqJPHrccY4N_7,boy,1학년,반항 행동,0,외현화 문제,5
학생99 ,-ObjRijpqJPHrccY4N_7,boy,1학년,괴롭힘 가해,0,외현화 문제,5
학생99 ,-ObjRijpqJPHrccY4N_7,boy,1학년,외상 침습증상,0,심리외상 문제,5
학생99 ,-ObjRijpqJPHrccY4N_7,boy,1학년,외상 관련 악몽,0,심리외상 문제,5
학생99 ,-ObjRijpqJPHrccY4N_7,boy,1학년,외상 후 고립,0,심리외상 문제,5
학생99 ,-ObjRijpqJPHrccY4N_7,boy,1학년,외상 후 과각성,0,심리외상 문제,5
학생99 ,-ObjRijpqJPHrccY4N_7,boy,1학년,외상 회피행동,0,심리외상 문제,5
학생99 ,-ObjRijpqJPHrccY4N_7,boy,1학년,흡연 문제,0,외현화 문제,5
학생99 ,-ObjRijpqJPHrccY4N_7,boy,1학년,음주 문제,0,외현화 문제,5
학생99 ,-ObjRijpqJPHrccY4N_7,boy,1학년,적응력 저하,0,학교생활적응 문제,5
학생99 ,-ObjRijpqJPHrccY4N_7,boy,1학년,분리 불안,0,학교생활적응 문제,5
학생99 ,-ObjRijpqJPHrccY4N_7,boy,1학년,학습 어려움,0,학교생활적응 문제,5
학생99 ,-ObjRijpqJPHrccY4N_7,boy,1학년,재산 관련 비행,0,외현화 문제,5
학생99 ,-ObjRijpqJPHrccY4N_7,boy,1학년,게임 과몰입,0,외현화 문제,5
학생99 ,-ObjRijpqJPHrccY4N_7,boy,1학년,관계 형성 곤란,0,학교생활적응 문제,5
학생99 ,-ObjRijpqJPHrccY4N_7,boy,1학년,등교 거부,0,학교생활적응 문제,5
학생99 ,-ObjRijpqJPHrccY4N_7,boy,1학년,괴롭힘 피해,0,심리외상 문제,5
학생99 ,-ObjRijpqJPHrccY4N_7,boy,1학년,따돌림 피해,0,심리외상 문제,5
